Name,Type,Attunement,Price,Source,,,,,,,,,,,,,,,,,,,,,
Adventurer's Ring,Ring,-,250 GP,DMG,,,,,,,,,,,,,,,,,,,,,
Armor of Gleaming,Armor,-,B+100 GP,DMG,,,,,,,,,,,,,,,,,,,,,
Aereni Mask,Wondrous Item,Attunement,250 Gp,EB,,,,,,,,,,,,,,,,,,,,,
Battle Rod,Rod,-,100 GP,EB,,,,,,,,,,,,,,,,,,,,,
Bead of Nourishment,Wondrous Item,-,50 GP,DMG,,,,,,,,,,,,,,,,,,,,,
Bead of Refreshment,Wondrous Item,-,50 GP,DMG,,,,,,,,,,,,,,,,,,,,,
Boots of False Tracks,Wondrous Item,Attunement,100 GP,DMG,,,,,,,,,,,,,,,,,,,,,
Candle of the Deep,Wondrous Item,-,50 GP,DMG,,,,,,,,,,,,,,,,,,,,,
Cast-Off Armor,Armor,-,B+100 GP,DMG,,,,,,,,,,,,,,,,,,,,,
Charlatan's Die,Wondrous Item,Attunement,100 GP,DMG,,,,,,,,,,,,,,,,,,,,,
Charlatan's Glove,Wondrous Item,-,100 GP,EB,,,,,,,,,,,,,,,,,,,,,
Cloak of Billowing,Wondrous Item,-,100 GP,DMG,,,,,,,,,,,,,,,,,,,,,
Cloak of Many Fashions,Wondrous Item,-,100 GP,DMG,,,,,,,,,,,,,,,,,,,,,
Clockwork Amulet,Wondrous Item,-,100 GP,DMG,,,,,,,,,,,,,,,,,,,,,
Clothes of Mending,Wondrous Item,-,100 GP,DMG,,,,,,,,,,,,,,,,,,,,,
Dark Shard Amulet,Wondrous Item,Attunement,100 GP,DMG,,,,,,,,,,,,,,,,,,,,,
Dragonmark Channel,Wondrous Item,Attunement,250 GP,EB,,,,,,,,,,,,,,,,,,,,,
Dread Helm,Wondrous Item,-,100 GP,DMG,,,,,,,,,,,,,,,,,,,,,
Drybrooch,Wondrous Item,,100 GP,EB,,,,,,,,,,,,,,,,,,,,,
Duster,Wand,-,100 GP,EB,,,,,,,,,,,,,,,,,,,,,
Ear Horn of Hearing,Wondrous Item,-,100 GP,DMG,,,,,,,,,,,,,,,,,,,,,
Enduring Spellbook,Wondrous Item,-,100 GP,DMG,,,,,,,,,,,,,,,,,,,,,
Ersatz Eye,Wondrous Item,-,100 GP,DMG,,,,,,,,,,,,,,,,,,,,,
Ghallanda Cauldron,Wondrous Item,Attunement,250 GP,EB,,,,,,,,,,,,,,,,,,,,,
Hat of Vermin,Wondrous Item,-,100 GP,DMG,,,,,,,,,,,,,,,,,,,,,
Hat of Wizardry,Wondrous Item,Attunement,100 GP,DMG,,,,,,,,,,,,,,,,,,,,,
Heward's Handy Spice Pouch,Wondrous Item,-,100 GP,DMG,,,,,,,,,,,,,,,,,,,,,
Horn of Silent Alarm,Wondrous Item,-,100 GP,DMG,,,,,,,,,,,,,,,,,,,,,
Instrument of Illusions,Wondrous Item,-,100 GP,DMG,,,,,,,,,,,,,,,,,,,,,
Instrument of Scribing,Wondrous Item,-,100 GP,DMG,,,,,,,,,,,,,,,,,,,,,
Integrated Tool,Wondrous Item,-,100 GP,EB,,,,,,,,,,,,,,,,,,,,,
LampLighter,Wand,-,100 GP,EB,,,,,,,,,,,,,,,,,,,,,
Lock of Trickery,Wondrous Item,-,100 GP,DMG,,,,,,,,,,,,,,,,,,,,,
Manifold Tool,Wondrous Item,Attunement,100 GP,EFotA,,,,,,,,,,,,,,,,,,,,,
Mask of Changed Appearance,Wondrous Item,-,100 GP,DMG,,,,,,,,,,,,,,,,,,,,,
Mechanical Wonder,Wondrous Item,-,Varies,DMG,,,,,,,,,,,,,,,,,,,,,
Moon-Touched Sword,Weapon,-,B+100 GP,DMG,,,,,,,,,,,,,,,,,,,,,
Mystery Key,Wondrous Item,-,50 GP,DMG,,,,,,,,,,,,,,,,,,,,,
Mythallar Bracelet,Wondrous Item,-,100 GP,DMG,,,,,,,,,,,,,,,,,,,,,
Orb of Direction,Wondrous Item,-,100 GP,DMG,,,,,,,,,,,,,,,,,,,,,
Orb of Time,Wondrous Item,-,100 GP,DMG,,,,,,,,,,,,,,,,,,,,,
Perfume of Bewitching,Wondrous Item,-,50 GP,DMG,,,,,,,,,,,,,,,,,,,,,
Pipe of Smoke Monsters,Wondrous Item,-,100 GP,DMG,,,,,,,,,,,,,,,,,,,,,
Pole of Angling,Wondrous Item,-,100 GP,DMG,,,,,,,,,,,,,,,,,,,,,
Pole of Collapsing,Wondrous Item,-,100 GP,DMG,,,,,,,,,,,,,,,,,,,,,
Pot of Awakening,Wondrous Item,-,50 GP,DMG,,,,,,,,,,,,,,,,,,,,,
Potion of Climbing,Potion,-,50 GP,DMG,,,,,,,,,,,,,,,,,,,,,
Potion of Comprehension,Potion,-,50 GP,DMG,,,,,,,,,,,,,,,,,,,,,
Potion of Healing,Potion,-,Varies,DMG,,,,,,,,,,,,,,,,,,,,,
Prosthetic Limb,Wondrous Item,-,100 GP,DMG,,,,,,,,,,,,,,,,,,,,,
Rival Coin,Wondrous Item,-,100 GP,DMG,,,,,,,,,,,,,,,,,,,,,
Rope of Mending,Wondrous Item,-,100 GP,DMG,,,,,,,,,,,,,,,,,,,,,
Ruby of the War Mage,Wondrous Item,Attunement,100 GP,DMG,,,,,,,,,,,,,,,,,,,,,
Shield of Expression,Armor,-,B+100 GP,DMG,,,,,,,,,,,,,,,,,,,,,
Silvered Weapon,Weapon,-,B+100 GP,DMG,,,,,,,,,,,,,,,,,,,,,
Smoldering Armor,Armor,-,B+100 GP,DMG,,,,,,,,,,,,,,,,,,,,,
Spark,Wondrous Item,-,100 GP,EB,,,,,,,,,,,,,,,,,,,,,
Spell Scroll,Scroll,-,Varies,DMG,,,,,,,,,,,,,,,,,,,,,
Staff of Adornment,Staff,-,100 GP,DMG,,,,,,,,,,,,,,,,,,,,,
Staff of Birdcalls,Staff,-,100 GP,DMG,,,,,,,,,,,,,,,,,,,,,
Staff of Flowers,Staff,-,100 GP,DMG,,,,,,,,,,,,,,,,,,,,,
Sylvan Talon,Weapon,Attunement,B+100 GP,DMG,,,,,,,,,,,,,,,,,,,,,
Talking Doll,Wondrous Item,Attunement,100 GP,DMG,,,,,,,,,,,,,,,,,,,,,
Talking Wand,Wand,-,100 Gp,EB,,,,,,,,,,,,,,,,,,,,,
Tankard of Sobriety,Wondrous Item,-,100 GP,DMG,,,,,,,,,,,,,,,,,,,,,
Thurimbar Rod,Musical Instrument,-,100 Gp,EB,,,,,,,,,,,,,,,,,,,,,
Uul'kur,Wondrous Item,-,250 GP,EB,,,,,,,,,,,,,,,,,,,,,
Veteran's Cane,Wondrous Item,-,100 GP,DMG,,,,,,,,,,,,,,,,,,,,,
Vola'khesh,Wondrous Item,-,250 GP,EB,,,,,,,,,,,,,,,,,,,,,
Walloping Ammunition,Weapon,-,50 GP,DMG,,,,,,,,,,,,,,,,,,,,,
Wand of Conducting,Wand,-,100 GP,DMG,,,,,,,,,,,,,,,,,,,,,
Wand of Pyrotechnics,Wand,-,100 GP,DMG,,,,,,,,,,,,,,,,,,,,,
War Staff,Staff,Attunement,100 GP,EB,,,,,,,,,,,,,,,,,,,,,
Freerunner's Armor,Armor (padded),No,150 GP,GSB,,,,,,,,,,,,,,,,,,,,,
Bulletin Buckler,Armor (shield),No,,GSB,,,,,,,,,,,,,,,,,,,,,
Sun and Moon Shield,Armor (shield),No,,GSB,,,,,,,,,,,,,,,,,,,,,
Bath Potion,Potion,No,,GSB,,,,,,,,,,,,,,,,,,,,,
Bloody Marilith,Potion,No,,GSB,,,,,,,,,,,,,,,,,,,,,
Celestial Sunrise Potion,Potion,No,,GSB,,,,,,,,,,,,,,,,,,,,,
Chicken Tonic,Potion,No,,GSB,,,,,,,,,,,,,,,,,,,,,
Djinn and Tonic,Potion,No,,GSB,,,,,,,,,,,,,,,,,,,,,
Mysterious Potion,Potion,No,,GSB,,,,,,,,,,,,,,,,,,,,,
Oil of Tattoos,Potion,No,,GSB,,,,,,,,,,,,,,,,,,,,,
Orostead Iced Tea,Potion,No,,GSB,,,,,,,,,,,,,,,,,,,,,
Sensory Snifter,Potion,No,,GSB,,,,,,,,,,,,,,,,,,,,,
Shifter's Shine,Potion,No,,GSB,,,,,,,,,,,,,,,,,,,,,
Snake Oil,Potion,No,,GSB,,,,,,,,,,,,,,,,,,,,,
Wispy Sour,Potion,No,,GSB,,,,,,,,,,,,,,,,,,,,,
Dealmaker's Ring,Ring,No,,GSB,,,,,,,,,,,,,,,,,,,,,
Doodle Ring,Ring,No,,GSB,,,,,,,,,,,,,,,,,,,,,
Pair of Tiny Violin Rings,Ring,No,,GSB,,,,,,,,,,,,,,,,,,,,,
Ring of Busy Hands,Ring,No,,GSB,,,,,,,,,,,,,,,,,,,,,
Ring of Busy Hands,Ring,No,,GSB,,,,,,,,,,,,,,,,,,,,,
Ring of Gestures,Ring,No,,GSB,,,,,,,,,,,,,,,,,,,,,
Ring of Names,Ring,No,,GSB,,,,,,,,,,,,,,,,,,,,,
Ring of Perching,Ring,No,,GSB,,,,,,,,,,,,,,,,,,,,,
Ring of Roses,Ring,No,,GSB,,,,,,,,,,,,,,,,,,,,,
Ring of Silverware,Ring,No,,GSB,,,,,,,,,,,,,,,,,,,,,
Ring of the Candle Keeper,Ring,No,,GSB,,,,,,,,,,,,,,,,,,,,,
Ring of the Distant Digit,Ring,Yes,,GSB,,,,,,,,,,,,,,,,,,,,,
Ring of the Fowl Sentinel,Ring,No,,GSB,,,,,,,,,,,,,,,,,,,,,
Ring of the Printless,Ring,No,,GSB,,,,,,,,,,,,,,,,,,,,,
Rings of the Secret Scribe,Ring,No,,GSB,,,,,,,,,,,,,,,,,,,,,
Status Signets,Ring,No,,GSB,,,,,,,,,,,,,,,,,,,,,
Vial Ring,Ring,No,,GSB,,,,,,,,,,,,,,,,,,,,,
Instigator's Rod,Rod,No,,GSB,,,,,,,,,,,,,,,,,,,,,
Periscope Rod,Rod,No,,GSB,,,,,,,,,,,,,,,,,,,,,
Worker's Wondrous Ladder,Rod,No,,GSB,,,,,,,,,,,,,,,,,,,,,
Scroll of Exclamation,Scroll,No,,GSB,,,,,,,,,,,,,,,,,,,,,
Scroll of Film,Scroll,No,,GSB,,,,,,,,,,,,,,,,,,,,,
Scroll of Instant Cookies,Scroll,No,,GSB,,,,,,,,,,,,,,,,,,,,,
Scroll of Miraculous Mail,Scroll,No,,GSB,,,,,,,,,,,,,,,,,,,,,
Hedgewitch's Gardening Cane,Staff,No,,GSB,,,,,,,,,,,,,,,,,,,,,
Stalwart Staff,Staff,No,,GSB,,,,,,,,,,,,,,,,,,,,,
Borbos Joyous Wand of Color,Wand,No,,GSB,,,,,,,,,,,,,,,,,,,,,
Cherry Blossom Wand,Wand,No,,GSB,,,,,,,,,,,,,,,,,,,,,
Stick of Shaking,Wand,No,,GSB,,,,,,,,,,,,,,,,,,,,,
Wand of Bubbles,Wand,No,,GSB,,,,,,,,,,,,,,,,,,,,,
Wand of Torchlight,Wand,No,,GSB,,,,,,,,,,,,,,,,,,,,,
Bird's-Eye Bolt,Weapon (an arrow or bolt),No,,GSB,,,,,,,,,,,,,,,,,,,,,
Fanfare Ammunition,Weapon (an arrow or bolt),No,,GSB,,,,,,,,,,,,,,,,,,,,,
Scarring Axe,Weapon (any axe),No,,GSB,,,,,,,,,,,,,,,,,,,,,
Bonfire Blade,Weapon (any sword),No,,GSB,,,,,,,,,,,,,,,,,,,,,
Weapon of Showmanship,Weapon (any),No,,GSB,,,,,,,,,,,,,,,,,,,,,
Torpedo Arrow,Weapon (arrow),No,,GSB,,,,,,,,,,,,,,,,,,,,,
Rope Caster,"Weapon (crossbow, hand)",No,,GSB,,,,,,,,,,,,,,,,,,,,,
Intrepid Knife,Weapon (dagger),Yes,,GSB,,,,,,,,,,,,,,,,,,,,,
Leaf Carver,Weapon (dagger),No,,GSB,,,,,,,,,,,,,,,,,,,,,
Hammer of Nails,Weapon (light hammer),No,,GSB,,,,,,,,,,,,,,,,,,,,,
Redsmith Hammer,Weapon (light hammer),No,,GSB,,,,,,,,,,,,,,,,,,,,,
Campers Crutch,Weapon (mace),No,,GSB,,,,,,,,,,,,,,,,,,,,,
Silver Star Cane,Weapon (rapier),No,,GSB,,,,,,,,,,,,,,,,,,,,,
Light Sling,Weapon (sling),No,,GSB,,,,,,,,,,,,,,,,,,,,,
Abjurers Gilder,Wondrous Item,Yes-Wizard,,GSB,,,,,,,,,,,,,,,,,,,,,
Alcoholock,Wondrous Item,No,,GSB,,,,,,,,,,,,,,,,,,,,,
Amulet of Beginner's Luck,Wondrous item,No,,GSB,,,,,,,,,,,,,,,,,,,,,
Aurora Dust,Wondrous Item,No,,GSB,,,,,,,,,,,,,,,,,,,,,
Bag of Bellstones,Wondrous Item,No,,GSB,,,,,,,,,,,,,,,,,,,,,
Ball of Wild Earth,Wondrous Item,No,,GSB,,,,,,,,,,,,,,,,,,,,,
Bands of the Found and Lost,Wondrous Item,No,,GSB,,,,,,,,,,,,,,,,,,,,,
Bard in a Box,Wondrous Item,No,,GSB,,,,,,,,,,,,,,,,,,,,,
Bell of Alarm,Wondrous Item,No,,GSB,,,,,,,,,,,,,,,,,,,,,
Belltower Triangle,Wondrous Item,No,,GSB,,,,,,,,,,,,,,,,,,,,,
Belt of Honesty,Wondrous Item,No,,GSB,,,,,,,,,,,,,,,,,,,,,
Bird of a Feather,Wondrous Item,No,,GSB,,,,,,,,,,,,,,,,,,,,,
Bonfire Candle,Wondrous Item,No,,GSB,,,,,,,,,,,,,,,,,,,,,
Bonfire Charm,Wondrous Item,No,,GSB,,,,,,,,,,,,,,,,,,,,,
Book of Instant Copying,Wondrous Item,No,,GSB,,,,,,,,,,,,,,,,,,,,,
Borbos's Marvelous Magic Marker,Wondrous Item,No,,GSB,,,,,,,,,,,,,,,,,,,,,
Bubble Collar,Wondrous Item,No,,GSB,,,,,,,,,,,,,,,,,,,,,
Bubbling Bathbombs,Wondrous Item,No,,GSB,,,,,,,,,,,,,,,,,,,,,
Bullfrog Totem,Wondrous Item,No,,GSB,,,,,,,,,,,,,,,,,,,,,
Calling Cans,Wondrous Item,No,,GSB,,,,,,,,,,,,,,,,,,,,,
Campfire Cord,Wondrous item,No,,GSB,,,,,,,,,,,,,,,,,,,,,
Candleflame Helm,Wondrous Item,No,,GSB,,,,,,,,,,,,,,,,,,,,,
Candy Xorn,Wondrous Item,No,,GSB,,,,,,,,,,,,,,,,,,,,,
Catnip Amulet,Wondrous Item,No,,GSB,,,,,,,,,,,,,,,,,,,,,
Cleaning Cube,Wondrous Item,No,,GSB,,,,,,,,,,,,,,,,,,,,,
Cloak of Looming,Wondrous item,No,,GSB,,,,,,,,,,,,,,,,,,,,,
Cloth of Instant Tables,Wondrous Item,No,,GSB,,,,,,,,,,,,,,,,,,,,,
Companions Band,Wondrous Item,Yes,,GSB,,,,,,,,,,,,,,,,,,,,,
Container of Heat and Frost,Wondrous Item,No,,GSB,,,,,,,,,,,,,,,,,,,,,
Copyquill,Wondrous Item,No,,GSB,,,,,,,,,,,,,,,,,,,,,
Diorama Die,Wondrous Item,No,,GSB,,,,,,,,,,,,,,,,,,,,,
Dress of Many Pockets,Wondrous Item,No,,GSB,,,,,,,,,,,,,,,,,,,,,
Droplet Charm,Wondrous Item,No,,GSB,,,,,,,,,,,,,,,,,,,,,
Drowner's Pearl,Wondrous Item,No,,GSB,,,,,,,,,,,,,,,,,,,,,
Dryadleaf,Wondrous Item,No,,GSB,,,,,,,,,,,,,,,,,,,,,
Electric Torch,Wondrous Item,No,,GSB,,,,,,,,,,,,,,,,,,,,,
Erasable Quill,Wondrous Item,No,,GSB,,,,,,,,,,,,,,,,,,,,,
Everlasting Sugarbomb,Wondrous Item,No,,GSB,,,,,,,,,,,,,,,,,,,,,
Featherwumpus,Wondrous Item,No,,GSB,,,,,,,,,,,,,,,,,,,,,
Firecracker Crystals,Wondrous Item,No,,GSB,,,,,,,,,,,,,,,,,,,,,
Forecaster's Cloak,Wondrous Item,No,,GSB,,,,,,,,,,,,,,,,,,,,,
Fortune's Flower,Wondrous Item,No,,GSB,,,,,,,,,,,,,,,,,,,,,
Foxfire Charm,Wondrous Item,No,,GSB,,,,,,,,,,,,,,,,,,,,,
Frefil's Scrummy Trifection,Wondrous Item,No,,GSB,,,,,,,,,,,,,,,,,,,,,
Freshwater Pitcher,Wondrous Item,No,,GSB,,,,,,,,,,,,,,,,,,,,,
Gardener's Candle Holder,Wondrous Item,No,,GSB,,,,,,,,,,,,,,,,,,,,,
Grasping Seedling Necklace,Wondrous Item,No,,GSB,,,,,,,,,,,,,,,,,,,,,
Grass Carpet,Wondrous Item,No,,GSB,,,,,,,,,,,,,,,,,,,,,
Gravity Goblet,Wondrous Item,No,,GSB,,,,,,,,,,,,,,,,,,,,,
Great Owl's Pocket Translator,Wondrous Item,No,,GSB,,,,,,,,,,,,,,,,,,,,,
Greenthumb Whittler,Wondrous Item,No,,GSB,,,,,,,,,,,,,,,,,,,,,
Griffon Coinpouch,Wondrous Item,No,,GSB,,,,,,,,,,,,,,,,,,,,,
Griffon Key Loop,Wondrous Item,No,,GSB,,,,,,,,,,,,,,,,,,,,,
Hall Decker,Wondrous Item,No,,GSB,,,,,,,,,,,,,,,,,,,,,
Hat of Osnomnosis,Wondrous Item,Yes-Wizard,,GSB,,,,,,,,,,,,,,,,,,,,,
Headband of the Sweatless,Wondrous Item,No,,GSB,,,,,,,,,,,,,,,,,,,,,
Heart of the Sleeveless,Wondrous Item,No,,GSB,,,,,,,,,,,,,,,,,,,,,
House Slipper Socks,Wondrous Item,No,,GSB,,,,,,,,,,,,,,,,,,,,,
Immovable Button,Wondrous Item,No,,GSB,,,,,,,,,,,,,,,,,,,,,
Inker's Armband,Wondrous Item,No,,GSB,,,,,,,,,,,,,,,,,,,,,
Journal of Dreams,Wondrous Item,No,,GSB,,,,,,,,,,,,,,,,,,,,,
Leatherbeard,Wondrous Item,No,,GSB,,,,,,,,,,,,,,,,,,,,,
Living Wig,Wondrous Item,No,,GSB,,,,,,,,,,,,,,,,,,,,,
Magnificent Pocket Vanity,Wondrous Item,No,,GSB,,,,,,,,,,,,,,,,,,,,,
Mask of the Crocodile,Wondrous Item,Yes,,GSB,,,,,,,,,,,,,,,,,,,,,
Merry Berry,Wondrous Item,No,,GSB,,,,,,,,,,,,,,,,,,,,,
Mimic's Smilemaker,Wondrous Item,No,,GSB,,,,,,,,,,,,,,,,,,,,,
Miraculous Bread Box,Wondrous Item,No,,GSB,,,,,,,,,,,,,,,,,,,,,
Neutralizing Spray,Wondrous Item,No,,GSB,,,,,,,,,,,,,,,,,,,,,
Oaken Candle,Wondrous Item,No,,GSB,,,,,,,,,,,,,,,,,,,,,
Orators Quill,Wondrous Item,No,,GSB,,,,,,,,,,,,,,,,,,,,,
Orb of Remembrance,Wondrous Item,No,,GSB,,,,,,,,,,,,,,,,,,,,,
Owl Helm,Wondrous Item,No,,GSB,,,,,,,,,,,,,,,,,,,,,
Owlbear Snugglebeast,Wondrous Item,No,,GSB,,,,,,,,,,,,,,,,,,,,,
Patch of the Mallard,Wondrous Item,No,,GSB,,,,,,,,,,,,,,,,,,,,,
Patch of the Open Eye,Wondrous Item,No,,GSB,,,,,,,,,,,,,,,,,,,,,
Patch of the Pail,Wondrous Item,No,,GSB,,,,,,,,,,,,,,,,,,,,,
Patch of the Tome,Wondrous Item,No,,GSB,,,,,,,,,,,,,,,,,,,,,
Performers Puppet,Wondrous Item,No,,GSB,,,,,,,,,,,,,,,,,,,,,
Permanent Parchment,Wondrous Item,No,,GSB,,,,,,,,,,,,,,,,,,,,,
Phantom Walkers,Wondrous Item,No,,GSB,,,,,,,,,,,,,,,,,,,,,
Pipe of Delicious Smells,Wondrous Item,No,,GSB,,,,,,,,,,,,,,,,,,,,,
Pollen Pipe,Wondrous Item,No,,GSB,,,,,,,,,,,,,,,,,,,,,
Poltergeist Candle Holder,Wondrous Item,No,,GSB,,,,,,,,,,,,,,,,,,,,,
Pomade of Ten Thousand Styles,Wondrous Item,No,,GSB,,,,,,,,,,,,,,,,,,,,,
Pop-Up Business Card,Wondrous Item,No,,GSB,,,,,,,,,,,,,,,,,,,,,
Portable HEarth,Wondrous Item,No,,GSB,,,,,,,,,,,,,,,,,,,,,
Profane Mask,Wondrous Item,No,,GSB,,,,,,,,,,,,,,,,,,,,,
Quicksilver Clay,Wondrous Item,No,,GSB,,,,,,,,,,,,,,,,,,,,,
Quill of Chicken Scratch,Wondrous item,No,,GSB,,,,,,,,,,,,,,,,,,,,,
Radiant Teapot,Wondrous Item,No,,GSB,,,,,,,,,,,,,,,,,,,,,
Redsmith Carrying Pack,Wondrous Item,No,,GSB,,,,,,,,,,,,,,,,,,,,,
Redsmith Crucible Set,Wondrous Item,No,,GSB,,,,,,,,,,,,,,,,,,,,,
Rod of Endless Light,Wondrous Item,No,,GSB,,,,,,,,,,,,,,,,,,,,,
Rope Cobra,Wondrous Item,No,,GSB,,,,,,,,,,,,,,,,,,,,,
Rose Quartz Koi,Wondrous Item,No,,GSB,,,,,,,,,,,,,,,,,,,,,
Seat Belt,Wondrous Item,No,,GSB,,,,,,,,,,,,,,,,,,,,,
Sentry Candle,Wondrous Item,No,,GSB,,,,,,,,,,,,,,,,,,,,,
Shapeshifters Circlet,Wondrous Item,No,,GSB,,,,,,,,,,,,,,,,,,,,,
Shimmering Spectacles,Wondrous Item,No,,GSB,,,,,,,,,,,,,,,,,,,,,
Shipwright's Watch,Wondrous Item,No,,GSB,,,,,,,,,,,,,,,,,,,,,
Silver Coin of Duvra,Wondrous Item,Yes,,GSB,,,,,,,,,,,,,,,,,,,,,
Singing Stein,Wondrous Item,No,,GSB,,,,,,,,,,,,,,,,,,,,,
Sleepytime Sheep Stuffy,Wondrous Item,No,,GSB,,,,,,,,,,,,,,,,,,,,,
Smash Potatoes,Wondrous Item,No,,GSB,,,,,,,,,,,,,,,,,,,,,
Snow Rider's Sleigh,Wondrous Item,No,,GSB,,,,,,,,,,,,,,,,,,,,,
Snowball Mittens,Wondrous Item,No,,GSB,,,,,,,,,,,,,,,,,,,,,
Spool of Shadow,Wondrous Item,No,,GSB,,,,,,,,,,,,,,,,,,,,,
Stamp of Shipping,Wondrous Item,No,,GSB,,,,,,,,,,,,,,,,,,,,,
Starlight Lamp,Wondrous item,No,,GSB,,,,,,,,,,,,,,,,,,,,,
Steps of the Trickster,Wondrous Item,No,,GSB,,,,,,,,,,,,,,,,,,,,,
Storm Seer Lamp,Wondrous Item,No,,GSB,,,,,,,,,,,,,,,,,,,,,
Storyteller's Stein,Wondrous Item,No,,GSB,,,,,,,,,,,,,,,,,,,,,
Stylists Circlet,Wondrous Item,No,,GSB,,,,,,,,,,,,,,,,,,,,,
Tea Weird,Wondrous Item,No,,GSB,,,,,,,,,,,,,,,,,,,,,
Tear of Gaia,Wondrous Item,No,,GSB,,,,,,,,,,,,,,,,,,,,,
Tide Turner,Wondrous Item,No,,GSB,,,,,,,,,,,,,,,,,,,,,
Tote of Tricky Treat Sugarbombs,Wondrous Item,No,,GSB,,,,,,,,,,,,,,,,,,,,,
Turtle Brooch,Wondrous Item,No,,GSB,,,,,,,,,,,,,,,,,,,,,
Uorik Juice Cup,Wondrous Item,No,,GSB,,,,,,,,,,,,,,,,,,,,,
Vial of Snail Slime,Wondrous item,No,,GSB,,,,,,,,,,,,,,,,,,,,,
Vineyard Amulet,Wondrous Item,No,,GSB,,,,,,,,,,,,,,,,,,,,,
Vox Helm,Wondrous Item,No,,GSB,,,,,,,,,,,,,,,,,,,,,
Walking Pot,Wondrous Item,No,,GSB,,,,,,,,,,,,,,,,,,,,,
Waterwine Goblet,Wondrous Item,No,,GSB,,,,,,,,,,,,,,,,,,,,,
Webgrip Rucksack,Wondrous Item,No,,GSB,,,,,,,,,,,,,,,,,,,,,
Whispergust Mote,Wondrous Item,No,,GSB,,,,,,,,,,,,,,,,,,,,,
Widemouth Bucket,Wondrous Item,No,,GSB,,,,,,,,,,,,,,,,,,,,,
Williwig's Time Stopper,Wondrous Item,No,,GSB,,,,,,,,,,,,,,,,,,,,,
Winner's Trophy,Wondrous Item,No,,GSB,,,,,,,,,,,,,,,,,,,,,
Wizards' Bout Top,Wondrous Item,No,,GSB,,,,,,,,,,,,,,,,,,,,,
,,,,,,,,,,,,,,,,,,,,,,,,,
Adamantine Armor,Armor,-,B+400 GP,DMG,,,,,,,,,,,,,,,,,,,,,
Adamantine Weapon,Weapon,-,B+400 GP,DMG,,,,,,,,,,,,,,,,,,,,,
Alchemy Jug,Wondrous Item,-,400 GP,DMG,,,,,,,,,,,,,,,,,,,,,
Ammunition,Weapon,-,Varies,DMG,,,,,,,,,,,,,,,,,,,,,
Amulet of Proof against Detection and Location,Wondrous Item,Attunement,400 GP,DMG,,,,,,,,,,,,,,,,,,,,,
Arcane Battery,Wondrous Item,-,200 GP,NF,,,,,,,,,,,,,,,,,,,,,
Baba Yaga's Dancing Broom,Wondrous Item,Attunement,400 GP,DMG,,,,,,,,,,,,,,,,,,,,,
Bag of Holding,Wondrous Item,-,400 GP,DMG,,,,,,,,,,,,,,,,,,,,,
Bag of Tricks,Wondrous Item,-,400 GP,DMG,,,,,,,,,,,,,,,,,,,,,
Boots of Elvenkind,Wondrous Item,-,400 GP,DMG,,,,,,,,,,,,,,,,,,,,,
Boots of Striding and Springing,Wondrous Item,Attunement,400 GP,DMG,,,,,,,,,,,,,,,,,,,,,
Boots of the Winding Path,Wondrous Item,Attunement,400 GP,EFotA,,,,,,,,,,,,,,,,,,,,,
Boots of the Winterlands,Wondrous Item,Attunement,400 GP,DMG,,,,,,,,,,,,,,,,,,,,,
Bracers of Archery,Wondrous Item,Attunement,400 GP,DMG,,,,,,,,,,,,,,,,,,,,,
Brooch of Shielding,Wondrous Item,Attunement,400 GP,DMG,,,,,,,,,,,,,,,,,,,,,
Broom of Flying,Wondrous Item,Attunement,400 GP,DMG,,,,,,,,,,,,,,,,,,,,,
Cap of Vanishing,Wondrous Item,Attunement,400 GP,WtHC,,,,,,,,,,,,,,,,,,,,,
Cap of Water Breathing,Wondrous Item,-,400 GP,DMG,,,,,,,,,,,,,,,,,,,,,
Circlet of Blasting,Wondrous Item,-,400 GP,DMG,,,,,,,,,,,,,,,,,,,,,
Cloak of Elvenkind,Wondrous Item,Attunement,400 GP,DMG,,,,,,,,,,,,,,,,,,,,,
Cloak of Protection,Wondrous Item,Attunement,400 GP,DMG,,,,,,,,,,,,,,,,,,,,,
Cloak of the Manta Ray,Wondrous Item,Attunement,400 GP,DMG,,,,,,,,,,,,,,,,,,,,,
Coat of Manty Eyes,Armor,Attunement,B+400 GP,EB,,,,,,,,,,,,,,,,,,,,,
Crawling Gauntlet,Wondrous Item,Attunement,400 GP,EB,,,,,,,,,,,,,,,,,,,,,
Decanter of Endless Water,Wondrous Item,-,400 GP,DMG,,,,,,,,,,,,,,,,,,,,,
Deck of Illusions,Wondrous Item,-,400 GP,DMG,,,,,,,,,,,,,,,,,,,,,
Dragonmark Resevoir,Wondrous Item,Attunement,400 GP,EB,,,,,,,,,,,,,,,,,,,,,
Driftglobe,Wondrous Item,-,400 GP,DMG,,,,,,,,,,,,,,,,,,,,,
Dust of Disappearance,Wondrous Item,-,200 GP,DMG,,,,,,,,,,,,,,,,,,,,,
Dust of Dryness,Wondrous Item,-,200 GP,DMG,,,,,,,,,,,,,,,,,,,,,
Dust of Sneezing and Choking,Wondrous Item,-,200 GP,DMG,,,,,,,,,,,,,,,,,,,,,
Elemental Gem,Wondrous Item,-,200 GP,DMG,,,,,,,,,,,,,,,,,,,,,
Enspelled Armor,Armor,Attunement,Varies,DMG,,,,,,,,,,,,,,,,,,,,,
Enspelled Staff,Staff,Attunement,Varies,DMG,,,,,,,,,,,,,,,,,,,,,
Enspelled Weapon,Weapon,Attunement,Varies,DMG,,,,,,,,,,,,,,,,,,,,,
Eversmoking Bottle,Wondrous Item,-,400 GP,DMG,,,,,,,,,,,,,,,,,,,,,
Eyes of Charming,Wondrous Item,Attunement,400 GP,DMG,,,,,,,,,,,,,,,,,,,,,
Eyes of Minute Seeing,Wondrous Item,-,400 GP,DMG,,,,,,,,,,,,,,,,,,,,,
Eyes of the Eagle,Wondrous Item,-,400 GP,DMG,,,,,,,,,,,,,,,,,,,,,
Figurine of Wondrous Power,Wondrous Item,-,Varies,DMG,,,,,,,,,,,,,,,,,,,,,
Final Messenger,Wondrous Item,,400 GP,EB,,,,,,,,,,,,,,,,,,,,,
Gauntlets of Ogre Power,Wondrous Item,Attunement,400 GP,DMG,,,,,,,,,,,,,,,,,,,,,
Gem of Brightness,Wondrous Item,-,200 GP,DMG,,,,,,,,,,,,,,,,,,,,,
Gloves of Missile Snaring,Wondrous Item,Attunement,400 GP,DMG,,,,,,,,,,,,,,,,,,,,,
Gloves of Storing,Wondrous Item,-,400 GP,EB,,,,,,,,,,,,,,,,,,,,,
Gloves of Swimming and Climbing,Wondrous Item,Attunement,400 GP,DMG,,,,,,,,,,,,,,,,,,,,,
Gloves of Thievery,Wondrous Item,-,400 GP,DMG,,,,,,,,,,,,,,,,,,,,,
Goggles of Night,Wondrous Item,-,400 GP,DMG,,,,,,,,,,,,,,,,,,,,,
Hag Eye,Wondrous Item,-,400 GP,DMG,,,,,,,,,,,,,,,,,,,,,
Harper Pin,Wondrous Item,Attunement,Varies,FRHoF,,,,,,,,,,,,,,,,,,,,,
Hat of Disguise,Wondrous Item,Attunement,400 GP,DMG,,,,,,,,,,,,,,,,,,,,,
Hat of Vortexes,Wondrous Item,Attunement,400 GP,NF,,,,,,,,,,,,,,,,,,,,,
Headband of Intellect,Wondrous Item,Attunement,400 GP,DMG,,,,,,,,,,,,,,,,,,,,,
Helm of Awareness,Wondrous Item,-,400 GP,EFotA,,,,,,,,,,,,,,,,,,,,,
Helm of Comprehending Languages,Wondrous Item,-,400 GP,DMG,,,,,,,,,,,,,,,,,,,,,
Helm of Telepathy,Wondrous Item,Attunement,400 GP,DMG,,,,,,,,,,,,,,,,,,,,,
Houseward,Wondrous Item,,400 GP,EB,,,,,,,,,,,,,,,,,,,,,
Hungry Weapon,Weapon,Attunement,B + 400 GP,EB,,,,,,,,,,,,,,,,,,,,,
Immovable Rod,Rod,-,400 GP,DMG,,,,,,,,,,,,,,,,,,,,,
Instrument of the Bards,Wondrous Item,Attunement,Varies,DMG,,,,,,,,,,,,,,,,,,,,,
Javelin of Lightning,Weapon,-,B+400 GP,DMG,,,,,,,,,,,,,,,,,,,,,
Keoghtom's Ointment,Wondrous Item,-,200 GP,DMG,,,,,,,,,,,,,,,,,,,,,
Lantern of Revealing,Wondrous Item,-,400 GP,DMG,,,,,,,,,,,,,,,,,,,,,
Mariner's Armor,Armor,-,B+400 GP,DMG,,,,,,,,,,,,,,,,,,,,,
Mechanical Wonder,Wondrous Item,-,Varies,FRHoF,,,,,,,,,,,,,,,,,,,,,
Medallion of Thoughts,Wondrous Item,Attunement,400 GP,DMG,,,,,,,,,,,,,,,,,,,,,
Mind Sharpener,Ring,Attunement,400 GP,EFotA,,,,,,,,,,,,,,,,,,,,,
Mithral Armor,Armor,-,B+400 GP,DMG,,,,,,,,,,,,,,,,,,,,,
Nature's Mantle,Wondrous Item,Attunement,400 GP,DMG,,,,,,,,,,,,,,,,,,,,,
Necklace of Adaptation,Wondrous Item,Attunement,400 GP,DMG,,,,,,,,,,,,,,,,,,,,,
Oil of Slipperiness,Potion,-,200 GP,DMG,,,,,,,,,,,,,,,,,,,,,
Pearl of Power,Wondrous Item,Attunement,400 GP,DMG,,,,,,,,,,,,,,,,,,,,,
Periapt of Health,Wondrous Item,Attunement,400 GP,DMG,,,,,,,,,,,,,,,,,,,,,
Periapt of Wound Closure,Wondrous Item,Attunement,400 GP,DMG,,,,,,,,,,,,,,,,,,,,,
Philter of Love,Potion,-,200 GP,DMG,,,,,,,,,,,,,,,,,,,,,
Pipes of Haunting,Wondrous Item,-,400 GP,DMG,,,,,,,,,,,,,,,,,,,,,
Pipes of Pestilence,Wondrous Item,Attunement,400 GP,WtHC,,,,,,,,,,,,,,,,,,,,,
Pipes of the Sewers,Wondrous Item,Attunement,400 GP,DMG,,,,,,,,,,,,,,,,,,,,,
Poison Soaked Kukri,Weapon,Attunement,B+400 GP,WtHC,,,,,,,,,,,,,,,,,,,,,
Potion of Animal Friendship,Potion,-,200 GP,DMG,,,,,,,,,,,,,,,,,,,,,
Potion of Fire Breath,Potion,-,200 GP,DMG,,,,,,,,,,,,,,,,,,,,,
Potion of Giant Strength,Potion,-,Varies,DMG,,,,,,,,,,,,,,,,,,,,,
Potion of Growth,Potion,-,200 GP,DMG,,,,,,,,,,,,,,,,,,,,,
Potion of Healing,Potion,-,Varies,DMG,,,,,,,,,,,,,,,,,,,,,
Potion of Poison,Potion,-,200 GP,DMG,,,,,,,,,,,,,,,,,,,,,
Potion of Pugilism,Potion,-,200 GP,DMG,,,,,,,,,,,,,,,,,,,,,
Potion of Resistance,Potion,-,200 GP,DMG,,,,,,,,,,,,,,,,,,,,,
Potion of Water Breathing,Potion,-,200 GP,DMG,,,,,,,,,,,,,,,,,,,,,
Prospector's Wand,Wand,Attunement,400 GP,EB,,,,,,,,,,,,,,,,,,,,,
Quaal's Feather Token,Wondrous Item,-,Varies,DMG,,,,,,,,,,,,,,,,,,,,,
Quiver of Ehlonna,Wondrous Item,-,400 GP,DMG,,,,,,,,,,,,,,,,,,,,,
Quiver of Energy,Wondrous Item,,400 GP,EB,,,,,,,,,,,,,,,,,,,,,
Reliquary of Dawn,Wondrous Item,-,400 GP,LFL,,,,,,,,,,,,,,,,,,,,,
Reliquary of Twilight,Wondrous Item,-,400 GP,LFL,,,,,,,,,,,,,,,,,,,,,
Repeating Shot,Weapon,Attunement,B+400 GP,EFotA,,,,,,,,,,,,,,,,,,,,,
Repulsion Shield,Armor,-,B+400 GP,EFotA,,,,,,,,,,,,,,,,,,,,,
Returning Weapon,Weapon,-,B+400 GP,EFotA,,,,,,,,,,,,,,,,,,,,,
Ring of Jumping,Ring,Attunement,400 GP,DMG,,,,,,,,,,,,,,,,,,,,,
Ring of Mind Shielding,Ring,Attunement,400 GP,DMG,,,,,,,,,,,,,,,,,,,,,
Ring of Swimming,Ring,-,400 GP,DMG,,,,,,,,,,,,,,,,,,,,,
Ring of Warmth,Ring,Attunement,400 GP,DMG,,,,,,,,,,,,,,,,,,,,,
Ring of Water Walking,Ring,-,400 GP,DMG,,,,,,,,,,,,,,,,,,,,,
Robe of Useful Items,Wondrous Item,-,200 GP,DMG,,,,,,,,,,,,,,,,,,,,,
Rod of the Pact Keeper,Rod,Attunement,Varies,DMG,,,,,,,,,,,,,,,,,,,,,
Rope of Climbing,Wondrous Item,-,400 GP,DMG,,,,,,,,,,,,,,,,,,,,,
Saddle of the Cavalier,Wondrous Item,-,400 GP,DMG,,,,,,,,,,,,,,,,,,,,,
Sending Stones,Wondrous Item,-,400 GP,DMG,,,,,,,,,,,,,,,,,,,,,
Sentinel Shield,Armor,-,B+400 GP,DMG,,,,,,,,,,,,,,,,,,,,,
Shield,Armor,-,Varies,DMG,,,,,,,,,,,,,,,,,,,,,
Slippers of Spider Climbing,Wondrous Item,Attunement,400 GP,DMG,,,,,,,,,,,,,,,,,,,,,
Soarsled,Wondrous Item,-,400 GP,EB,,,,,,,,,,,,,,,,,,,,,
Spellburrow,Wondrous Item,Attunement,400 GP,EB,,,,,,,,,,,,,,,,,,,,,
Spell Scroll,Scroll,-,Varies,DMG,,,,,,,,,,,,,,,,,,,,,
Spell-Refueling Ring,Ring,Attunement,400 GP,EFotA,,,,,,,,,,,,,,,,,,,,,
Spiked Shield,Armor,Attunement,B+400 GP,WtHC,,,,,,,,,,,,,,,,,,,,,
Staff of the Adder,Staff,Attunement,400 GP,DMG,,,,,,,,,,,,,,,,,,,,,
Staff of the Python,Staff,Attunement,400 GP,DMG,,,,,,,,,,,,,,,,,,,,,
Stone of Good Luck,Wondrous Item,Attunement,400 GP,DMG,,,,,,,,,,,,,,,,,,,,,
Sword of Vengeance,Weapon,Attunement,B+400 GP,DMG,,,,,,,,,,,,,,,,,,,,,
Thayan Spell Tattoo,Wondrous Item,Attunement,Special,FRHoF,,,,,,,,,,,,,,,,,,,,,
Throwing Scarab,Wondrous Item,Attunement,400 GP,EB,,,,,,,,,,,,,,,,,,,,,
Tools of the Master,Wondrous Item,Attunement,B+400 GP,EB,,,,,,,,,,,,,,,,,,,,,
Toungueworm,Wondrous Item,Attunement,400 GP,EB,,,,,,,,,,,,,,,,,,,,,
Trident of Fish Command,Weapon,Attunement,B+400 GP,DMG,,,,,,,,,,,,,,,,,,,,,
Wand of Magic Detection,Wand,-,400 GP,DMG,,,,,,,,,,,,,,,,,,,,,
Wand of Magic Missiles,Wand,-,400 GP,DMG,,,,,,,,,,,,,,,,,,,,,
Wand of Secrets,Wand,-,400 GP,DMG,,,,,,,,,,,,,,,,,,,,,
Wand of the War Mage,Wand,Attunement,Varies,DMG,,,,,,,,,,,,,,,,,,,,,
Wand of Web,Wand,Attunement,400 GP,DMG,,,,,,,,,,,,,,,,,,,,,
Wandering Eye,Wondrous Item,Attunement,400 GP,EB,,,,,,,,,,,,,,,,,,,,,
Weapon,Weapon,-,Varies,DMG,,,,,,,,,,,,,,,,,,,,,
Weapon of Warning,Weapon,Attunement,B+400 GP,DMG,,,,,,,,,,,,,,,,,,,,,
Wind Fan,Wondrous Item,-,400 GP,DMG,,,,,,,,,,,,,,,,,,,,,
Winged Boots,Wondrous Item,Attunement,400 GP,DMG,,,,,,,,,,,,,,,,,,,,,
Wraps of Unarmed Power,Wondrous Item,-,Varies,DMG,,,,,,,,,,,,,,,,,,,,,
Potbelly Plate,"Amor (breastplate, half plate, or plate)",Yes,,GSB,,,,,,,,,,,,,,,,,,,,,
Glaring Armor,Armor (any armor),No,,GSB,,,,,,,,,,,,,,,,,,,,,
Venombane Armor,Armor (any light armor),Yes,,GSB,,,,,,,,,,,,,,,,,,,,,
Pactbound Armor,Armor (any light),Yes-Warlock,,GSB,,,,,,,,,,,,,,,,,,,,,
Sagittarian Vestments,Armor (any),"Yes-Cleric, Paladin",,GSB,,,,,,,,,,,,,,,,,,,,,
Warding Armor,Armor (any),No,,GSB,,,,,,,,,,,,,,,,,,,,,
Scorpio Armor,Armor (halfplate or plate),Yes-Wizard,,GSB,,,,,,,,,,,,,,,,,,,,,
Wildskin Armor,Armor (hide),Yes-Druid,,GSB,,,,,,,,,,,,,,,,,,,,,
Pollinator Carapace,"Armor (leather, studded, or hide)","Yes-Druid, Ranger",,GSB,,,,,,,,,,,,,,,,,,,,,
Displacement Leathers,Armor (leather),Yes,,GSB,,,,,,,,,,,,,,,,,,,,,
Mirage Leathers,Armor (leather),Yes,,GSB,,,,,,,,,,,,,,,,,,,,,
Owlbear Leather Armor,Armor (leather),Yes,,GSB,,,,,,,,,,,,,,,,,,,,,
Wraith's Garb,Armor (leather),Yes,,GSB,,,,,,,,,,,,,,,,,,,,,
Fey-Touched Armor,"Armor (light, medium, or heavy)",No,,GSB,,,,,,,,,,,,,,,,,,,,,
Veteran's Armor,Armor (medium or heavy),No,,GSB,,,,,,,,,,,,,,,,,,,,,
Lionheart Armor,"Armor (medium, heavy)",Yes,,GSB,,,,,,,,,,,,,,,,,,,,,
Blowfish Armor,Armor (padded),No,,GSB,,,,,,,,,,,,,,,,,,,,,
Angler's Armor,Armor (scale mail),Yes,,GSB,,,,,,,,,,,,,,,,,,,,,
Bane Shield,Armor (shield),Yes,,GSB,,,,,,,,,,,,,,,,,,,,,
Barricade Shield,Armor (shield),No,,GSB,,,,,,,,,,,,,,,,,,,,,
Battery Shield,Armor (shield),No,,GSB,,,,,,,,,,,,,,,,,,,,,
Battlebeat Drum,Armor (shield),No,,GSB,,,,,,,,,,,,,,,,,,,,,
Battlechef Buckler,Armor (shield),No,,GSB,,,,,,,,,,,,,,,,,,,,,
Bramble Buckler,Armor (shield),"Yes-Druid, Ranger",,GSB,,,,,,,,,,,,,,,,,,,,,
Bulette Bulwark,Armor (shield),Yes,,GSB,,,,,,,,,,,,,,,,,,,,,
Coralshield Golem,Armor (shield),Yes,,GSB,,,,,,,,,,,,,,,,,,,,,
Couatl Heralds Guard,Armor (shield),Yes-Good Aligned,,GSB,,,,,,,,,,,,,,,,,,,,,
Festerwood Buckler,Armor (shield),No,,GSB,,,,,,,,,,,,,,,,,,,,,
Feywatch Shield,Armor (shield),No,,GSB,,,,,,,,,,,,,,,,,,,,,
Frostbitten Buckler,Armor (shield),No,,GSB,,,,,,,,,,,,,,,,,,,,,
Ironleaf Oaken Shield,Armor (shield),Yes-Druid,,GSB,,,,,,,,,,,,,,,,,,,,,
Jo'Catian Rebuker,Armor (shield),No,,GSB,,,,,,,,,,,,,,,,,,,,,
Overshield,Armor (shield),Yes,,GSB,,,,,,,,,,,,,,,,,,,,,
Pisces Shield,Armor (shield),No,,GSB,,,,,,,,,,,,,,,,,,,,,
Protector's Ward,Armor (shield),No,,GSB,,,,,,,,,,,,,,,,,,,,,
Relentless Bulwark,Armor (shield),"Yes-Cleric, Paladin",,GSB,,,,,,,,,,,,,,,,,,,,,
Retaliating Shield of Ink,Armor (shield),No,,GSB,,,,,,,,,,,,,,,,,,,,,
Shield of the Great Badger,Armor (shield),Yes,,GSB,,,,,,,,,,,,,,,,,,,,,
Sir Varion's Shield,Armor (shield),Yes,,GSB,,,,,,,,,,,,,,,,,,,,,
Stinkbug Shield,Armor (shield),No,,GSB,,,,,,,,,,,,,,,,,,,,,
Silver Eagle Studded Cuirass,Armor (studded leather),Yes,,GSB,,,,,,,,,,,,,,,,,,,,,
Bottled Talent,Potion,No,,GSB,,,,,,,,,,,,,,,,,,,,,
Celestial Sunrise Potion,Potion,No,,GSB,,,,,,,,,,,,,,,,,,,,,
Oil of Reanimation,Potion,No,,GSB,,,,,,,,,,,,,,,,,,,,,
Oil of Superior Mending,Potion,No,,GSB,,,,,,,,,,,,,,,,,,,,,
Oozo,Potion,No,,GSB,,,,,,,,,,,,,,,,,,,,,
Potion of Nature's Growth,Potion,No,,GSB,,,,,,,,,,,,,,,,,,,,,
Rejuvenating Draft,Potion,No,,GSB,,,,,,,,,,,,,,,,,,,,,
Shifter's Shine,Potion,No,,GSB,,,,,,,,,,,,,,,,,,,,,
Wispy Sour,Potion,No,,GSB,,,,,,,,,,,,,,,,,,,,,
Arming Ring,Ring,No,,GSB,,,,,,,,,,,,,,,,,,,,,
Artisan's Signet,Ring,Yes,,GSB,,,,,,,,,,,,,,,,,,,,,
Brawler's Ring,Ring,No,,GSB,,,,,,,,,,,,,,,,,,,,,
Flintlock Rings,Ring,No,,GSB,,,,,,,,,,,,,,,,,,,,,
Heavenly Hand Chain,Ring,Yes-Cleric,,GSB,,,,,,,,,,,,,,,,,,,,,
Hushed Ring,Ring,Yes,,GSB,,,,,,,,,,,,,,,,,,,,,
Jolting Ring,Ring,No,,GSB,,,,,,,,,,,,,,,,,,,,,
Medusan Signet,Ring,Yes,,GSB,,,,,,,,,,,,,,,,,,,,,
Picker's Pockets,Ring,No,,GSB,,,,,,,,,,,,,,,,,,,,,
Ravenous Ring,Ring,No,,GSB,,,,,,,,,,,,,,,,,,,,,
Ring of Eight Eyes,Ring,No,,GSB,,,,,,,,,,,,,,,,,,,,,
Ring of Fanged Familiars,Ring,No,,GSB,,,,,,,,,,,,,,,,,,,,,
Ring of Healer's Heroism,Ring,Yes-Spellcaster,,GSB,,,,,,,,,,,,,,,,,,,,,
Ring of Jailbreaking,Ring,No,,GSB,,,,,,,,,,,,,,,,,,,,,
Ring of Rituals,Ring,No,,GSB,,,,,,,,,,,,,,,,,,,,,
Ring of Seething,Ring,Yes,,GSB,,,,,,,,,,,,,,,,,,,,,
Ring of Stolen Alacrity,Ring,No,,GSB,,,,,,,,,,,,,,,,,,,,,
Ring of the Five Lights,Ring,Yes,,GSB,,,,,,,,,,,,,,,,,,,,,
Ring of the Hunger,Ring,No,,GSB,,,,,,,,,,,,,,,,,,,,,
Ring of the Mute Mage,Ring,Yes-Spellcaster,,GSB,,,,,,,,,,,,,,,,,,,,,
Ring of the Phantom Carriage,Ring,No,,GSB,,,,,,,,,,,,,,,,,,,,,
Ring of the Sandskimmer,Ring,No,,GSB,,,,,,,,,,,,,,,,,,,,,
Ring of the Soul Harvest,Ring,Yes,,GSB,,,,,,,,,,,,,,,,,,,,,
Ring of Volleys,Ring,No,,GSB,,,,,,,,,,,,,,,,,,,,,
Ringmaster's Signet,Ring,Yes,,GSB,,,,,,,,,,,,,,,,,,,,,
Rings of Wind,Ring,No,,GSB,,,,,,,,,,,,,,,,,,,,,
Trumpeting Ring,Ring,No,,GSB,,,,,,,,,,,,,,,,,,,,,
Wailing Ring,Ring,Yes,,GSB,,,,,,,,,,,,,,,,,,,,,
Wraith's Ring,Ring,Yes,,GSB,,,,,,,,,,,,,,,,,,,,,
Baton of Many Sizes,Rod,No,,GSB,,,,,,,,,,,,,,,,,,,,,
Camper's Respite,Rod,No,,GSB,,,,,,,,,,,,,,,,,,,,,
Fireamber Scepter,Rod,Yes-Spellcaster,,GSB,,,,,,,,,,,,,,,,,,,,,
Medium's Rod,Rod,Yes-Spellcaster,,GSB,,,,,,,,,,,,,,,,,,,,,
Reliquary of Holy Memories,Rod,"Yes-Cleric, Paladin",,GSB,,,,,,,,,,,,,,,,,,,,,
Rod of Instant Pillars,Rod,No,,GSB,,,,,,,,,,,,,,,,,,,,,
Rod of the Scarecrow,Rod,No,,GSB,,,,,,,,,,,,,,,,,,,,,
Rod of Thought Projection,Rod,No,,GSB,,,,,,,,,,,,,,,,,,,,,
Doom Scroll,Scroll,No,,GSB,,,,,,,,,,,,,,,,,,,,,
Ledger Scroll,Scroll,No,,GSB,,,,,,,,,,,,,,,,,,,,,
Schematic Scroll,Scroll,No,,GSB,,,,,,,,,,,,,,,,,,,,,
Scroll of Mapping,Scroll,No,,GSB,,,,,,,,,,,,,,,,,,,,,
Scroll of Moving Performances,Scroll,No,,GSB,,,,,,,,,,,,,,,,,,,,,
Scroll of Rugs,Scroll,No,,GSB,,,,,,,,,,,,,,,,,,,,,
Scroll of Scripts,Scroll,No,,GSB,,,,,,,,,,,,,,,,,,,,,
Spoken Letter,Scroll,No,,GSB,,,,,,,,,,,,,,,,,,,,,
Coil Crook,Staff,No,,GSB,,,,,,,,,,,,,,,,,,,,,
Forest Eye Staff,Staff,"Yes-Druid, Ranger",,GSB,,,,,,,,,,,,,,,,,,,,,
Great Owl's Staff,Staff,Yes-Spellcaster,,GSB,,,,,,,,,,,,,,,,,,,,,
Majordomo Staff,Staff,No,,GSB,,,,,,,,,,,,,,,,,,,,,
Mirrorlight Harbinger,Staff,Yes-Spellcaster,,GSB,,,,,,,,,,,,,,,,,,,,,
Mycelial Staff,Staff,No,,GSB,,,,,,,,,,,,,,,,,,,,,
Staff of Cubic Cultivation,Staff,No,,GSB,,,,,,,,,,,,,,,,,,,,,
Staff of Pigeons,Staff,Yes,,GSB,,,,,,,,,,,,,,,,,,,,,
Staff of the Black Raven,Staff,Yes,,GSB,,,,,,,,,,,,,,,,,,,,,
Staff of the Cauldron Carrier,Staff,Yes-Spellcaster,,GSB,,,,,,,,,,,,,,,,,,,,,
Staff of the Dream Shepherd,Staff,Yes-Spellcaster,,GSB,,,,,,,,,,,,,,,,,,,,,
Staff of the Snail,Staff,Yes-Spellcaster,,GSB,,,,,,,,,,,,,,,,,,,,,
Staff of the Vineyard,Staff,"Yes-Cleric, Druid, Monk, Ranger",,GSB,,,,,,,,,,,,,,,,,,,,,
Stagehand's Crook,Staff,Yes-Bard,,GSB,,,,,,,,,,,,,,,,,,,,,
Tempest Staff,Staff,"Yes-Cleric, Druid, Sorcerer, Wizard",,GSB,,,,,,,,,,,,,,,,,,,,,
Wandelabra Staff,Staff,No,,GSB,,,,,,,,,,,,,,,,,,,,,
Angler's Wand,Wand,No,,GSB,,,,,,,,,,,,,,,,,,,,,
Dramus' Wand of Noises,Wand,No,,GSB,,,,,,,,,,,,,,,,,,,,,
Jailbreaker's Wand,Wand,No,,GSB,,,,,,,,,,,,,,,,,,,,,
Talyard the Greats Wand of Power,Wand,No,,GSB,,,,,,,,,,,,,,,,,,,,,
Wand of Dowsing,Wand,Yes,,GSB,,,,,,,,,,,,,,,,,,,,,
Wand of Eyes,Wand,No,,GSB,,,,,,,,,,,,,,,,,,,,,
Wand of Flares,Wand,No,,GSB,,,,,,,,,,,,,,,,,,,,,
Wand of Knots,Wand,No,,GSB,,,,,,,,,,,,,,,,,,,,,
Wand of Steam,Wand,No,,GSB,,,,,,,,,,,,,,,,,,,,,
Behirazooka,Weapon,No,,GSB,,,,,,,,,,,,,,,,,,,,,
Phosphor Arrow,Weapon (a bolt or arrow),No,,GSB,,,,,,,,,,,,,,,,,,,,,
Healing Arrow,Weapon (an arrow or bolt),No,,GSB,,,,,,,,,,,,,,,,,,,,,
Void Arrow,Weapon (an arrow or bolt),No,,GSB,,,,,,,,,,,,,,,,,,,,,
Lightning Rod Ammunition,Weapon (any ammunition),No,,GSB,,,,,,,,,,,,,,,,,,,,,
Axe of Hurricanes,Weapon (any axe),No,,GSB,,,,,,,,,,,,,,,,,,,,,
Tether Tearer,Weapon (any axe),No,,GSB,,,,,,,,,,,,,,,,,,,,,
Candleflame Bow,Weapon (any bow or crossbow),Yes,,GSB,,,,,,,,,,,,,,,,,,,,,
Battlement Bow,Weapon (any bow),Yes,,GSB,,,,,,,,,,,,,,,,,,,,,
Great Owl's Bow,Weapon (any bow),Yes,,GSB,,,,,,,,,,,,,,,,,,,,,
Weapon of Spite,Weapon (any melee),Yes,,GSB,,,,,,,,,,,,,,,,,,,,,
Weapon of Verdict,Weapon (any melee),Yes-Good Aligned,,GSB,,,,,,,,,,,,,,,,,,,,,
Galepierce Weapons,Weapon (any piercing thrown weapon),No,,GSB,,,,,,,,,,,,,,,,,,,,,
Dragon Edge Weapons,Weapon (any slashing or piercing simple weapon),No,,GSB,,,,,,,,,,,,,,,,,,,,,
Sword of the Pack Leader,Weapon (any sword),No,,GSB,,,,,,,,,,,,,,,,,,,,,
Weapon of Blind Faith,Weapon (any),No,,GSB,,,,,,,,,,,,,,,,,,,,,
Arrow of Anchoring,Weapon (arrow or bolt),No,,GSB,,,,,,,,,,,,,,,,,,,,,
Bolt of Inspiration,Weapon (arrow or bolt),No,,GSB,,,,,,,,,,,,,,,,,,,,,
Arrow of Expulsion,Weapon (arrow),No,,GSB,,,,,,,,,,,,,,,,,,,,,
Mage Arrow,Weapon (arrow),,,GSB,,,,,,,,,,,,,,,,,,,,,
Owlbear-Fletched Arrow,Weapon (arrow),No,,GSB,,,,,,,,,,,,,,,,,,,,,
Rooting Arrows,Weapon (arrow),No,,GSB,,,,,,,,,,,,,,,,,,,,,
Rust Arrows,Weapon (arrow),No,,GSB,,,,,,,,,,,,,,,,,,,,,
Battletax,Weapon (battleaxe),Yes,,GSB,,,,,,,,,,,,,,,,,,,,,
Dart of the Macaw,Weapon (blowgun needle or dart),No,,GSB,,,,,,,,,,,,,,,,,,,,,
Compass Blowgun,Weapon (blowgun),Yes,,GSB,,,,,,,,,,,,,,,,,,,,,
Fanfare Blowgun,Weapon (blowgun),Yes-Bard,,GSB,,,,,,,,,,,,,,,,,,,,,
Gusting Blowgun,Weapon (blowgun),Yes,,GSB,,,,,,,,,,,,,,,,,,,,,
Murk Blowgun,Weapon (blowgun),No,,GSB,,,,,,,,,,,,,,,,,,,,,
Quillgun,Weapon (blowgun),No,,GSB,,,,,,,,,,,,,,,,,,,,,
Flintstone Club,Weapon (club or greatclub),No,,GSB,,,,,,,,,,,,,,,,,,,,,
Smoldering Club,Weapon (club or greatclub),No,,GSB,,,,,,,,,,,,,,,,,,,,,
Clangor Clapper,Weapon (club or mace),No,,GSB,,,,,,,,,,,,,,,,,,,,,
Battlebeat Club,Weapon (club),No,,GSB,,,,,,,,,,,,,,,,,,,,,
Club of Dancing,Weapon (club),Yes,,GSB,,,,,,,,,,,,,,,,,,,,,
Club of the Forest Drake,Weapon (club),No,,GSB,,,,,,,,,,,,,,,,,,,,,
Club of the Rook,Weapon (club),No,,GSB,,,,,,,,,,,,,,,,,,,,,
Lodestone Bolts,Weapon (crossbow bolt),No,,GSB,,,,,,,,,,,,,,,,,,,,,
Crossbow of the Flying Fist,"Weapon (crossbow, hand)",Yes,,GSB,,,,,,,,,,,,,,,,,,,,,
Orner's Venomous Crossbow,"Weapon (crossbow, hand)",Yes,,GSB,,,,,,,,,,,,,,,,,,,,,
Trampling Crossbow,"Weapon (crossbow, heavy)",No,,GSB,,,,,,,,,,,,,,,,,,,,,
Battlechef Field Dresser,Weapon (dagger),Yes,,GSB,,,,,,,,,,,,,,,,,,,,,
Bloodthirsty Bistoury,Weapon (dagger),Yes-Evil Aligned,,GSB,,,,,,,,,,,,,,,,,,,,,
Courtesans Fanblade,Weapon (dagger),Yes,,GSB,,,,,,,,,,,,,,,,,,,,,
Covolt Dagger,Weapon (dagger),No,,GSB,,,,,,,,,,,,,,,,,,,,,
Dagger of First Light,Weapon (dagger),No,,GSB,,,,,,,,,,,,,,,,,,,,,
Dusk Dagger,Weapon (dagger),No,,GSB,,,,,,,,,,,,,,,,,,,,,
Foursworn Stiletto,Weapon (dagger),No,,GSB,,,,,,,,,,,,,,,,,,,,,
Frozen Dagger,Weapon (dagger),Yes,,GSB,,,,,,,,,,,,,,,,,,,,,
Glass Carver,Weapon (dagger),No,,GSB,,,,,,,,,,,,,,,,,,,,,
Legion of Brass Katars,Weapon (dagger),No,,GSB,,,,,,,,,,,,,,,,,,,,,
Pearlers Blade,Weapon (dagger),No,,GSB,,,,,,,,,,,,,,,,,,,,,
Riff's Dimensional Ripper,Weapon (dagger),Yes,,GSB,,,,,,,,,,,,,,,,,,,,,
Comet Dart,Weapon (dart),No,,GSB,,,,,,,,,,,,,,,,,,,,,
Dart of Caltrops,Weapon (dart),No,,GSB,,,,,,,,,,,,,,,,,,,,,
Hadiya's Handy Quill,Weapon (dart),Yes,,GSB,,,,,,,,,,,,,,,,,,,,,
Serpent Dart,Weapon (dart),No,,GSB,,,,,,,,,,,,,,,,,,,,,
Stormstrike Dart,Weapon (dart),No,,GSB,,,,,,,,,,,,,,,,,,,,,
Weaving Wasp Needles,Weapon (dart),No,,GSB,,,,,,,,,,,,,,,,,,,,,
Whirlpool Dart,Weapon (dart),No,,GSB,,,,,,,,,,,,,,,,,,,,,
Attack-In-The-Box,Weapon (flail),No,,GSB,,,,,,,,,,,,,,,,,,,,,
Explosive Flail,Weapon (flail),No,,GSB,,,,,,,,,,,,,,,,,,,,,
Flail of Slime,Weapon (flail),No,,GSB,,,,,,,,,,,,,,,,,,,,,
Marlinspike Flail,Weapon (flail),No,,GSB,,,,,,,,,,,,,,,,,,,,,
Prisoner's Flail,Weapon (flail),No,,GSB,,,,,,,,,,,,,,,,,,,,,
Scorpion Glaive,Weapon (glaive),No,,GSB,,,,,,,,,,,,,,,,,,,,,
Silver Eagle Weapons,"Weapon (greataxe, greatsword, lance, or maul)",No,,GSB,,,,,,,,,,,,,,,,,,,,,
Felling Greataxe,Weapon (greataxe),No,,GSB,,,,,,,,,,,,,,,,,,,,,
Squasher,Weapon (greatclub),No,,GSB,,,,,,,,,,,,,,,,,,,,,
Claymore of the Great Badger,Weapon (greatsword),Yes,,GSB,,,,,,,,,,,,,,,,,,,,,
Eldritch Halberd,Weapon (halberd),Yes,,GSB,,,,,,,,,,,,,,,,,,,,,
Axe Beak Tomahawk,Weapon (handaxe),No,,GSB,,,,,,,,,,,,,,,,,,,,,
Direstone Dwarven Key,Weapon (handaxe),Yes-Dwarf,,GSB,,,,,,,,,,,,,,,,,,,,,
Festerwood Logger,Weapon (handaxe),No,,GSB,,,,,,,,,,,,,,,,,,,,,
Hexaxe,Weapon (handaxe),Yes-Warlock,,GSB,,,,,,,,,,,,,,,,,,,,,
Orcam's Razor,Weapon (handaxe),No,,GSB,,,,,,,,,,,,,,,,,,,,,
Sharkbite Cleaver,Weapon (handaxe),Yes,,GSB,,,,,,,,,,,,,,,,,,,,,
Steel Hawk Handaxe,Weapon (handaxe),No,,GSB,,,,,,,,,,,,,,,,,,,,,
Lightsplitter Javelin,Weapon (javelin),Yes,,GSB,,,,,,,,,,,,,,,,,,,,,
Remorhaz Javelin,Weapon (javelin),No,,GSB,,,,,,,,,,,,,,,,,,,,,
Sir Varion's Lance,Weapon (lance),Yes,,GSB,,,,,,,,,,,,,,,,,,,,,
Telescoping Bladelance,Weapon (lance),No,,GSB,,,,,,,,,,,,,,,,,,,,,
Hammer of the Azer,Weapon (light hammer or warhammer),Yes,,GSB,,,,,,,,,,,,,,,,,,,,,
Hammer of the Azer,Weapon (light hammer or warhammer),Yes,,GSB,,,,,,,,,,,,,,,,,,,,,
Hammer of Whispers,Weapon (light hammer),Yes,,GSB,,,,,,,,,,,,,,,,,,,,,
Brutal Macuahuitl,Weapon (longsword),No,,GSB,,,,,,,,,,,,,,,,,,,,,
Riptide Katana,Weapon (longsword),Yes,,GSB,,,,,,,,,,,,,,,,,,,,,
Spellrender,Weapon (longsword),No,,GSB,,,,,,,,,,,,,,,,,,,,,
Battlechef Beater,Weapon (mace),No,,GSB,,,,,,,,,,,,,,,,,,,,,
Cactus Mace,Weapon (mace),No,,GSB,,,,,,,,,,,,,,,,,,,,,
Mace of the Pumpkin King,Weapon (mace),No,,GSB,,,,,,,,,,,,,,,,,,,,,
Prying Mace,Weapon (mace),No,,GSB,,,,,,,,,,,,,,,,,,,,,
Pufferfish Basher,Weapon (mace),,,GSB,,,,,,,,,,,,,,,,,,,,,
Ol' Stumpy,Weapon (maul),No,,GSB,,,,,,,,,,,,,,,,,,,,,
Stone Maul of the Geomancer,Weapon (maul),Yes,,GSB,,,,,,,,,,,,,,,,,,,,,
Parting Shot,Weapon (musket or pistol),No,,GSB,,,,,,,,,,,,,,,,,,,,,
Crowfoot's Cane,Weapon (musket),No,,GSB,,,,,,,,,,,,,,,,,,,,,
Tranquilizing Musket,Weapon (musket),No,,GSB,,,,,,,,,,,,,,,,,,,,,
Sundersludge Net,Weapon (net),Yes,,GSB,,,,,,,,,,,,,,,,,,,,,
Ballista Pike,Weapon (pike),No,,GSB,,,,,,,,,,,,,,,,,,,,,
Alchemist's Bubblegun,Weapon (pistol),No,,GSB,,,,,,,,,,,,,,,,,,,,,
Arachnic Grappler,Weapon (pistol),Yes,,GSB,,,,,,,,,,,,,,,,,,,,,
Last Rites,Weapon (pistol),No,,GSB,,,,,,,,,,,,,,,,,,,,,
Pistol of Paint,Weapon (pistol),Yes,,GSB,,,,,,,,,,,,,,,,,,,,,
Arm of Balaria,Weapon (quarterstaff),Yes-Monk,,GSB,,,,,,,,,,,,,,,,,,,,,
Birder's Sling Staff,Weapon (quarterstaff),Yes,,GSB,,,,,,,,,,,,,,,,,,,,,
Bounty Hunter Enforcer,Weapon (quarterstaff),No,,GSB,,,,,,,,,,,,,,,,,,,,,
Braided Quarterstaff,Weapon (quarterstaff),No,,GSB,,,,,,,,,,,,,,,,,,,,,
Discordant Thunderstave,Weapon (quarterstaff),Yes,,GSB,,,,,,,,,,,,,,,,,,,,,
Flamebreather Staff,Weapon (quarterstaff),Yes,,GSB,,,,,,,,,,,,,,,,,,,,,
Staff of the Whirling Wyrm,Weapon (quarterstaff),Yes-Monk,,GSB,,,,,,,,,,,,,,,,,,,,,
Thwackstaff,Weapon (quarterstaff),Yes,,GSB,,,,,,,,,,,,,,,,,,,,,
Matador's Blade,Weapon (rapier or shortsword),Yes-Bard,,GSB,,,,,,,,,,,,,,,,,,,,,
Matador's Blade,Weapon (rapier or shortsword),Yes-Bard,,GSB,,,,,,,,,,,,,,,,,,,,,
Marlin Lunger,Weapon (rapier),Yes,,GSB,,,,,,,,,,,,,,,,,,,,,
Rat King Rapier,Weapon (rapier),Yes,,GSB,,,,,,,,,,,,,,,,,,,,,
Swashbuckler's Slippery Saber,Weapon (scimitar or shortsword),Yes,,GSB,,,,,,,,,,,,,,,,,,,,,
Jo'Catian Denier,"Weapon (scimitar, shortsword, or longsword)",Yes-Neutral Aligned,,GSB,,,,,,,,,,,,,,,,,,,,,
Champaign Saber,Weapon (scimitar),Yes,,GSB,,,,,,,,,,,,,,,,,,,,,
Explorer's Machete,Weapon (scimitar),No,,GSB,,,,,,,,,,,,,,,,,,,,,
Magentan Sun-Saw,Weapon (scimitar),Yes,,GSB,,,,,,,,,,,,,,,,,,,,,
Alchemy Blade,Weapon (shortsword),No,,GSB,,,,,,,,,,,,,,,,,,,,,
Dagger of the Ogre Mage,Weapon (shortsword),Yes,,GSB,,,,,,,,,,,,,,,,,,,,,
Mockingblade,Weapon (shortsword),Yes-Bard,,GSB,,,,,,,,,,,,,,,,,,,,,
Biting Sickle,Weapon (sickle),No,,GSB,,,,,,,,,,,,,,,,,,,,,
Boomerang Sickle,Weapon (sickle),No,,GSB,,,,,,,,,,,,,,,,,,,,,
Claw Sickle,Weapon (sickle),Yes-Lycanthrope,,GSB,,,,,,,,,,,,,,,,,,,,,
Harvest,Weapon (sickle),No,,GSB,,,,,,,,,,,,,,,,,,,,,
Ice Sickle,Weapon (sickle),No,,GSB,,,,,,,,,,,,,,,,,,,,,
Chromacloth,Weapon (sling),No,,GSB,,,,,,,,,,,,,,,,,,,,,
Insult Slinger,Weapon (sling),Yes,,GSB,,,,,,,,,,,,,,,,,,,,,
Torchbearer's Sling,Weapon (sling),No,,GSB,,,,,,,,,,,,,,,,,,,,,
Eclipse Spear,Weapon (spear),Yes,,GSB,,,,,,,,,,,,,,,,,,,,,
Bloodthirsty Trident,Weapon (trident),No,,GSB,,,,,,,,,,,,,,,,,,,,,
Mandible Bident,Weapon (trident),Yes,,GSB,,,,,,,,,,,,,,,,,,,,,
Trident of the Dryad,Weapon (trident),Yes,,GSB,,,,,,,,,,,,,,,,,,,,,
Bone Picker,Weapon (war pick),No,,GSB,,,,,,,,,,,,,,,,,,,,,
Carrion War Pick,Weapon (war pick),No,,GSB,,,,,,,,,,,,,,,,,,,,,
Carrion War Pick,Weapon (war pick),No,,GSB,,,,,,,,,,,,,,,,,,,,,
War Thorn,Weapon (war pick),No,,GSB,,,,,,,,,,,,,,,,,,,,,
Death Dog Lasher,Weapon (whip),No,,GSB,,,,,,,,,,,,,,,,,,,,,
Gelatinous Whip,Weapon (whip),Yes,,GSB,,,,,,,,,,,,,,,,,,,,,
Hedonic Motivator,Weapon (whip),Yes,,GSB,,,,,,,,,,,,,,,,,,,,,
Krakens Whip,Weapon (whip),No,,GSB,,,,,,,,,,,,,,,,,,,,,
Roaring Whip,Weapon (whip),No,,GSB,,,,,,,,,,,,,,,,,,,,,
Scorpion Lasher,Weapon (whip),Yes,,GSB,,,,,,,,,,,,,,,,,,,,,
Torchbearers Reach,Weapon (whip),No,,GSB,,,,,,,,,,,,,,,,,,,,,
Vine Whip,Weapon (whip),No,,GSB,,,,,,,,,,,,,,,,,,,,,
Whip of the Copper Eel,Weapon (whip),Yes,,GSB,,,,,,,,,,,,,,,,,,,,,
Abjurer's Ward,Wondrous Item,No,,GSB,,,,,,,,,,,,,,,,,,,,,
Acorn Charm,Wondrous Item,No,,GSB,,,,,,,,,,,,,,,,,,,,,
Acorn Helmet,Wondrous Item,No,,GSB,,,,,,,,,,,,,,,,,,,,,
Alchemimic,Wondrous Item,No,,GSB,,,,,,,,,,,,,,,,,,,,,
Alchemist's Potion Belt,Wondrous Item,No,,GSB,,,,,,,,,,,,,,,,,,,,,
Alchemist's Shaker,Wondrous item,No,,GSB,,,,,,,,,,,,,,,,,,,,,
Ambitious Medic's Box,Wondrous Item,Yes,,GSB,,,,,,,,,,,,,,,,,,,,,
Amulet of Buoyancy,Wondrous Item,No,,GSB,,,,,,,,,,,,,,,,,,,,,
Amulet of Equilibrium,Wondrous Item,Yes,,GSB,,,,,,,,,,,,,,,,,,,,,
Amulet of the Guiding Eye,Wondrous Item,Yes,,GSB,,,,,,,,,,,,,,,,,,,,,
Amulet of the Unknowne,Wondrous Item,Yes-Warlock,,GSB,,,,,,,,,,,,,,,,,,,,,
Amulet of the Wagoneer,Wondrous Item,No,,GSB,,,,,,,,,,,,,,,,,,,,,
Angler's Worldy Fisher,Wondrous Item,No,,GSB,,,,,,,,,,,,,,,,,,,,,
Arcanist's Magnificent Magnifier,Wondrous Item,No,,GSB,,,,,,,,,,,,,,,,,,,,,
Astronomer's Boon,Wondrous Item,No,,GSB,,,,,,,,,,,,,,,,,,,,,
Augurer's Coin,Wondrous Item,No,,GSB,,,,,,,,,,,,,,,,,,,,,
Badge of the Savant,Wondrous Item,No,,GSB,,,,,,,,,,,,,,,,,,,,,
Bag of Continual Embers,Wondrous item,No,,GSB,,,,,,,,,,,,,,,,,,,,,
Bag of Forging Coals,Wondrous Item,No,,GSB,,,,,,,,,,,,,,,,,,,,,
Bag of Gifts,Wondrous Item,No,,GSB,,,,,,,,,,,,,,,,,,,,,
Bag of Goodberry Gummy Fish,Wondrous Item,No,,GSB,,,,,,,,,,,,,,,,,,,,,
Bag of Irresistible Leaves,Wondrous Item,No,,GSB,,,,,,,,,,,,,,,,,,,,,
Bag of Sundrops,Wondrous Item,No,,GSB,,,,,,,,,,,,,,,,,,,,,
Bag of the Burglar,Wondrous Item,No,,GSB,,,,,,,,,,,,,,,,,,,,,
Ball of Giant Spiderweb,Wondrous item,No,,GSB,,,,,,,,,,,,,,,,,,,,,
Ballista Prosthesis,Wondrous Item,"Yes-Missing an Arm, Forearm, or Hand",,GSB,,,,,,,,,,,,,,,,,,,,,
Bangle of Sun and Moon,Wondrous Item,Yes,,GSB,,,,,,,,,,,,,,,,,,,,,
Barge Helm,Wondrous Item,No,,GSB,,,,,,,,,,,,,,,,,,,,,
Battlebrew Bomb,Wondrous Item,No,,GSB,,,,,,,,,,,,,,,,,,,,,
Battlechef Pulverizers,Wondrous Item,No,,GSB,,,,,,,,,,,,,,,,,,,,,
Battlechef's Serving Bowls,Wondrous Item,No,,GSB,,,,,,,,,,,,,,,,,,,,,
Beard Cannon,Wondrous Item,Yes,,GSB,,,,,,,,,,,,,,,,,,,,,
Bellhop Topper,Wondrous Item,No,,GSB,,,,,,,,,,,,,,,,,,,,,
Big Cat Slippers,Wondrous Item,No,,GSB,,,,,,,,,,,,,,,,,,,,,
Blast Ooze,Wondrous Item,No,,GSB,,,,,,,,,,,,,,,,,,,,,
Bletherby's Bootlegs,Wondrous Item,No,,GSB,,,,,,,,,,,,,,,,,,,,,
Bloodhound Amulet,Wondrous Item,No,,GSB,,,,,,,,,,,,,,,,,,,,,
Bloodhound Charm,Wondrous item,No,,GSB,,,,,,,,,,,,,,,,,,,,,
Bloodmire Phiale,Wondrous Item,No,,GSB,,,,,,,,,,,,,,,,,,,,,
Boing Boing Bon Bon,Wondrous Item,No,,GSB,,,,,,,,,,,,,,,,,,,,,
Book of Clothiers Croquis,Wondrous Item,No,,GSB,,,,,,,,,,,,,,,,,,,,,
Boots of the Cloud Jumper,Wondrous Item,Yes,,GSB,,,,,,,,,,,,,,,,,,,,,
Borbos's Marvelous Magic Marker,Wondrous Item,No,,GSB,,,,,,,,,,,,,,,,,,,,,
Bottled Will-o'-Wisp,Wondrous Item,No,,GSB,,,,,,,,,,,,,,,,,,,,,
Bottled Yawn,Wondrous Item,No,,GSB,,,,,,,,,,,,,,,,,,,,,
Bountyfinder's Tricorn,Wondrous Item,No,,GSB,,,,,,,,,,,,,,,,,,,,,
Bowstring Amulet,Wondrous Item,No,,GSB,,,,,,,,,,,,,,,,,,,,,
Bramble Token Cuff,Wondrous Item,No,,GSB,,,,,,,,,,,,,,,,,,,,,
Bug Smashers,Wondrous Item,No,,GSB,,,,,,,,,,,,,,,,,,,,,
Bullfrog Bugle,Wondrous Item,No,,GSB,,,,,,,,,,,,,,,,,,,,,
Burrage's Collegiate Case,Wondrous Item,No,,GSB,,,,,,,,,,,,,,,,,,,,,
Calligrapher's Shade,Wondrous Item,Yes,,GSB,,,,,,,,,,,,,,,,,,,,,
Candle of Antilight,Wondrous Item,No,,GSB,,,,,,,,,,,,,,,,,,,,,
Candlecover Hat,Wondrous Item,Yes-Spellcaster,,GSB,,,,,,,,,,,,,,,,,,,,,
Canister of Vreyval's Soothing Tea,Wondrous Item,No,,GSB,,,,,,,,,,,,,,,,,,,,,
Cat Eye Glasses,Wondrous Item,No,,GSB,,,,,,,,,,,,,,,,,,,,,
Censer Chime,Wondrous Item,No,,GSB,,,,,,,,,,,,,,,,,,,,,
Cernivorous Coin Pouch,Wondrous Item,Yes,,GSB,,,,,,,,,,,,,,,,,,,,,
Chapel Lantern,Wondrous Item,No,,GSB,,,,,,,,,,,,,,,,,,,,,
Charging Bugle,Wondrous Item,No,,GSB,,,,,,,,,,,,,,,,,,,,,
Charlatans Wardrobe,Wondrous Item,No,,GSB,,,,,,,,,,,,,,,,,,,,,
Choas Reins,Wondrous Item,Yes,,GSB,,,,,,,,,,,,,,,,,,,,,
Chromatic Obsidian Orb,Wondrous Item,Yes-Spellcaster,,GSB,,,,,,,,,,,,,,,,,,,,,
Clear Bell,Wondrous Item,No,,GSB,,,,,,,,,,,,,,,,,,,,,
Cloak of Daggers,Wondrous Item,Yes,,GSB,,,,,,,,,,,,,,,,,,,,,
Clockwork Earwig,Wondrous Item,No,,GSB,,,,,,,,,,,,,,,,,,,,,
Clockwork Faefly,Wondrous Item,No,,GSB,,,,,,,,,,,,,,,,,,,,,
Clockwork Inkbeetle,Wondrous Item,No,,GSB,,,,,,,,,,,,,,,,,,,,,
Clockwork Mend-A-Pillar,Wondrous Item,No,,GSB,,,,,,,,,,,,,,,,,,,,,
Contact Lenses,Wondrous Item,Yes,,GSB,,,,,,,,,,,,,,,,,,,,,
Corsage of the Hidden Thorn,Wondrous Item,No,,GSB,,,,,,,,,,,,,,,,,,,,,
Couatl Heralds Mantle,Wondrous Item,Yes-Good Aligned,,GSB,,,,,,,,,,,,,,,,,,,,,
Crier's Scroll Case,Wondrous Item,Yes,,GSB,,,,,,,,,,,,,,,,,,,,,
Crier's Scroll Case,Wondrous item,Yes,,GSB,,,,,,,,,,,,,,,,,,,,,
Crow Coin,Wondrous Item,No,,GSB,,,,,,,,,,,,,,,,,,,,,
Cuff of Captions,Wondrous Item,Yes,,GSB,,,,,,,,,,,,,,,,,,,,,
Curse Cutter,Wondrous Item,No,,GSB,,,,,,,,,,,,,,,,,,,,,
Dark Mantle,Wondrous Item,Yes,,GSB,,,,,,,,,,,,,,,,,,,,,
Dead Sun Lamp,Wondrous item,No,,GSB,,,,,,,,,,,,,,,,,,,,,
Detective's Notebook,Wondrous Item,Yes,,GSB,,,,,,,,,,,,,,,,,,,,,
Devils Detail Eyepatch,Wondrous Item,No,,GSB,,,,,,,,,,,,,,,,,,,,,
Distant Kaleidoscope,Wondrous Item,No,,GSB,,,,,,,,,,,,,,,,,,,,,
Divination Key,Wondrous Item,No,,GSB,,,,,,,,,,,,,,,,,,,,,
Domclavis,Wondrous Item,No,,GSB,,,,,,,,,,,,,,,,,,,,,
Dominic's Field Guide to Language,Wondrous Item,No,,GSB,,,,,,,,,,,,,,,,,,,,,
Doomsday Cookie,Wondrous Item,No,,GSB,,,,,,,,,,,,,,,,,,,,,
Dragons Call,Wondrous Item,No,,GSB,,,,,,,,,,,,,,,,,,,,,
Dragonscale Whetstone,Wondrous Item,No,,GSB,,,,,,,,,,,,,,,,,,,,,
Dramus' Dancing Shoes,Wondrous Item,Yes-Bard,,GSB,,,,,,,,,,,,,,,,,,,,,
Dubloon Diver's Goggles,Wondrous Item,No,,GSB,,,,,,,,,,,,,,,,,,,,,
Eagle Lords Glove,Wondrous Item,Yes,,GSB,,,,,,,,,,,,,,,,,,,,,
Ear Cuff of the Climber,Wondrous Item,No,,GSB,,,,,,,,,,,,,,,,,,,,,
Earcuff of the Vampire Bat,Wondrous Item,Yes,,GSB,,,,,,,,,,,,,,,,,,,,,
Egg of Primal Water,Wondrous Item,No,,GSB,,,,,,,,,,,,,,,,,,,,,
Ehagans Moving Ladder,Wondrous Item,No,,GSB,,,,,,,,,,,,,,,,,,,,,
Enchanted Rug Beater,Wondrous Item,No,,GSB,,,,,,,,,,,,,,,,,,,,,
Etherean Torch,Wondrous Item,No,,GSB,,,,,,,,,,,,,,,,,,,,,
Everice Box,Wondrous Item,No,,GSB,,,,,,,,,,,,,,,,,,,,,
Evokers Exchange,Wondrous Item,No,,GSB,,,,,,,,,,,,,,,,,,,,,
Explorer's Helm,Wondrous Item,Yes,,GSB,,,,,,,,,,,,,,,,,,,,,
Eye of the Bookwurm,Wondrous Item,No,,GSB,,,,,,,,,,,,,,,,,,,,,
Eyedrops of Clarity,Wondrous Item,No,,GSB,,,,,,,,,,,,,,,,,,,,,
Eyes of the Beheld,Wondrous Item,No,,GSB,,,,,,,,,,,,,,,,,,,,,
Faeflame Torch,Wondrous Item,No,,GSB,,,,,,,,,,,,,,,,,,,,,
Familiar Lens,Wondrous Item,No,,GSB,,,,,,,,,,,,,,,,,,,,,
Feywood Ivy,Wondrous Item,"Yes-Druid, Ranger, Fey Creature",,GSB,,,,,,,,,,,,,,,,,,,,,
Fiendish Tethers,Wondrous Item,Yes-Tiefling,,GSB,,,,,,,,,,,,,,,,,,,,,
Fireweaver Gloves,Wondrous Item,Yes,,GSB,,,,,,,,,,,,,,,,,,,,,
First Mate's Scabbard,Wondrous Item,No,,GSB,,,,,,,,,,,,,,,,,,,,,
Fists of the Guiding Star,Wondrous Item,Yes-Monk,,GSB,,,,,,,,,,,,,,,,,,,,,
Flame Slippers,Wondrous Item,No,,GSB,,,,,,,,,,,,,,,,,,,,,
Flight of Fancy Fascinator,Wondrous Item,No,,GSB,,,,,,,,,,,,,,,,,,,,,
Flood Pauldron,Wondrous Item,Yes,,GSB,,,,,,,,,,,,,,,,,,,,,
Floral Chime,Wondrous Item,No,,GSB,,,,,,,,,,,,,,,,,,,,,
Focus Circlet,Wondrous Item,Yes-Spellcaster,,GSB,,,,,,,,,,,,,,,,,,,,,
Focusing Band,Wondrous Item,Yes-Monk,,GSB,,,,,,,,,,,,,,,,,,,,,
Foggy Kettle,Wondrous Item,No,,GSB,,,,,,,,,,,,,,,,,,,,,
Folding Cart,Wondrous Item,No,,GSB,,,,,,,,,,,,,,,,,,,,,
Folding Tent,Wondrous Item,No,,GSB,,,,,,,,,,,,,,,,,,,,,
Forgekeeper's Spark,Wondrous Item,No,,GSB,,,,,,,,,,,,,,,,,,,,,
Fortunes Fivepence,Wondrous Item,Yes,,GSB,,,,,,,,,,,,,,,,,,,,,
Frefil's Cookie Cutter,Wondrous Item,No,,GSB,,,,,,,,,,,,,,,,,,,,,
Frefils Jolly Oozebean Sugarbombs,Wondrous Item,No,,GSB,,,,,,,,,,,,,,,,,,,,,
Frosty Top Hat,Wondrous Item,No,,GSB,,,,,,,,,,,,,,,,,,,,,
Funeral Marchers,Wondrous Item,No,,GSB,,,,,,,,,,,,,,,,,,,,,
Gauntlets of Deliverance,Wondrous Item,Yes-Paladin,,GSB,,,,,,,,,,,,,,,,,,,,,
Gibbering Bell,Wondrous Item,No,,GSB,,,,,,,,,,,,,,,,,,,,,
Gibbering Candle,Wondrous Item,No,,GSB,,,,,,,,,,,,,,,,,,,,,
Gloves of Amphibios,Wondrous Item,Yes,,GSB,,,,,,,,,,,,,,,,,,,,,
Gloves of the Great Badger,Wondrous Item,Yes,,GSB,,,,,,,,,,,,,,,,,,,,,
Gnashing Key,Wondrous Item,No,,GSB,,,,,,,,,,,,,,,,,,,,,
Golem Clay,Wondrous Item,No,,GSB,,,,,,,,,,,,,,,,,,,,,
Goose Pipes,Wondrous Item,No,,GSB,,,,,,,,,,,,,,,,,,,,,
Grave Lotus Seed (Uncommon),Wondrous Item,No,,GSB,,,,,,,,,,,,,,,,,,,,,
Great Owl's Crown,Wondrous Item,Yes,,GSB,,,,,,,,,,,,,,,,,,,,,
Great Owl's Shroud,Wondrous Item,Yes,,GSB,,,,,,,,,,,,,,,,,,,,,
Griffon Component Pack,Wondrous Item,No,,GSB,,,,,,,,,,,,,,,,,,,,,
Gripping Perfume,Wondrous Item,No,,GSB,,,,,,,,,,,,,,,,,,,,,
Grower's Tape,Wondrous Item,No,,GSB,,,,,,,,,,,,,,,,,,,,,
Hagstone Amulets,Wondrous Item,No,,GSB,,,,,,,,,,,,,,,,,,,,,
Hand of the Master,Wondrous Item,Yes,,GSB,,,,,,,,,,,,,,,,,,,,,
Hand-fed Fork,Wondrous Item,No,,GSB,,,,,,,,,,,,,,,,,,,,,
Hasty Sugarbombs,Wondrous Item,No,,GSB,,,,,,,,,,,,,,,,,,,,,
Hat of the False Wizard,Wondrous Item,Yes,,GSB,,,,,,,,,,,,,,,,,,,,,
Hat of the Sanguine Coven,Wondrous Item,"Yes-Sorcerer, Warlock, Wizard",,GSB,,,,,,,,,,,,,,,,,,,,,
Hat of the Vanishing Act,Wondrous Item,No,,GSB,,,,,,,,,,,,,,,,,,,,,
Hat Trick,Wondrous Item,No,,GSB,,,,,,,,,,,,,,,,,,,,,
Headdress of the Serpent King,Wondrous Item,Yes,,GSB,,,,,,,,,,,,,,,,,,,,,
Headhunter's Bullseye Lantern,Wondrous Item,No,,GSB,,,,,,,,,,,,,,,,,,,,,
Hearthfire Mantle,Wondrous Item,No,,GSB,,,,,,,,,,,,,,,,,,,,,
Hedgewitch's Gardening Gloves,Wondrous Item,No,,GSB,,,,,,,,,,,,,,,,,,,,,
Hellish Hennin,Wondrous item,Yes,,GSB,,,,,,,,,,,,,,,,,,,,,
Helm of the Chameleon,Wondrous Item,No,,GSB,,,,,,,,,,,,,,,,,,,,,
Helm of the Deep Sea Knight,Wondrous Item,No,,GSB,,,,,,,,,,,,,,,,,,,,,
Helm of the Skeleton,Wondrous Item,Yes,,GSB,,,,,,,,,,,,,,,,,,,,,
Herbalist's Journal,Wondrous Item,No,,GSB,,,,,,,,,,,,,,,,,,,,,
Hero's Cookbook,Wondrous Item,No,,GSB,,,,,,,,,,,,,,,,,,,,,
Hideaway Vase,Wondrous Item,No,,GSB,,,,,,,,,,,,,,,,,,,,,
Hoarder's Haul,Wondrous Item,No,,GSB,,,,,,,,,,,,,,,,,,,,,
Hobbystead,Wondrous Item,No,,GSB,,,,,,,,,,,,,,,,,,,,,
Horn of Fog,Wondrous Item,No,,GSB,,,,,,,,,,,,,,,,,,,,,
Husk Charm,Wondrous Item,No,,GSB,,,,,,,,,,,,,,,,,,,,,
Illusionist's Gambit,Wondrous Item,No,,GSB,,,,,,,,,,,,,,,,,,,,,
Incendiary Caltrops,Wondrous Item,No,,GSB,,,,,,,,,,,,,,,,,,,,,
Incognito Cane,Wondrous item,No,,GSB,,,,,,,,,,,,,,,,,,,,,
Incredible Mending Tape,Wondrous Item,No,,GSB,,,,,,,,,,,,,,,,,,,,,
Inferno Rope,Wondrous Item,No,,GSB,,,,,,,,,,,,,,,,,,,,,
Infiltrator's Lantern,Wondrous Item,No,,GSB,,,,,,,,,,,,,,,,,,,,,
Inking Seahorn,Wondrous Item,Yes,,GSB,,,,,,,,,,,,,,,,,,,,,
Inspector's Silverware,Wondrous Item,No,,GSB,,,,,,,,,,,,,,,,,,,,,
Instant Tablecloth,Wondrous Item,No,,GSB,,,,,,,,,,,,,,,,,,,,,
Invisibility Powder,Wondrous Item,No,,GSB,,,,,,,,,,,,,,,,,,,,,
Ironshod Trotters,Wondrous Item,Yes,,GSB,,,,,,,,,,,,,,,,,,,,,
Jackalope's Foot,Wondrous Item,No,,GSB,,,,,,,,,,,,,,,,,,,,,
Kegger's Helm,Wondrous Item,Yes,,GSB,,,,,,,,,,,,,,,,,,,,,
Kestra's Task List,Wondrous Item,No,,GSB,,,,,,,,,,,,,,,,,,,,,
Kestras Bent Spoon,Wondrous Item,No,,GSB,,,,,,,,,,,,,,,,,,,,,
Keycoin,Wondrous Item,No,,GSB,,,,,,,,,,,,,,,,,,,,,
Kindle Egg Sugarbombs,Wondrous Item,No,,GSB,,,,,,,,,,,,,,,,,,,,,
Knocking Boots,Wondrous Item,No,,GSB,,,,,,,,,,,,,,,,,,,,,
Kobold Diviner's Amulet,Wondrous Item,No,,GSB,,,,,,,,,,,,,,,,,,,,,
Kobold Diviner's Hand,Wondrous Item,No,,GSB,,,,,,,,,,,,,,,,,,,,,
Liars Lyre,Wondrous Item,Yes-Bard,,GSB,,,,,,,,,,,,,,,,,,,,,
Life Tether Ankh,Wondrous Item,No,,GSB,,,,,,,,,,,,,,,,,,,,,
Lightning Caltrops,Wondrous Item,No,,GSB,,,,,,,,,,,,,,,,,,,,,
Lion Door Guardian,Wondrous Item,No,,GSB,,,,,,,,,,,,,,,,,,,,,
Locket of the Stolen Heart,Wondrous Item,Yes,,GSB,,,,,,,,,,,,,,,,,,,,,
Locking Key,Wondrous Item,No,,GSB,,,,,,,,,,,,,,,,,,,,,
Locklinks,Wondrous Item,No,,GSB,,,,,,,,,,,,,,,,,,,,,
Locksmiths Bane,Wondrous Item,No,,GSB,,,,,,,,,,,,,,,,,,,,,
Luckleaf,Wondrous Item,No,,GSB,,,,,,,,,,,,,,,,,,,,,
Lucky Bell,Wondrous Item,No,,GSB,,,,,,,,,,,,,,,,,,,,,
Lucky Bowl,Wondrous Item,No,,GSB,,,,,,,,,,,,,,,,,,,,,
Lucky Golden Tooth,Wondrous Item,Yes,,GSB,,,,,,,,,,,,,,,,,,,,,
Luna Moth Cape,Wondrous Item,Yes,,GSB,,,,,,,,,,,,,,,,,,,,,
Lunchbox of Plenty,Wondrous Item,No,,GSB,,,,,,,,,,,,,,,,,,,,,
Lupine Mask,Wondrous Item,No,,GSB,,,,,,,,,,,,,,,,,,,,,
Magic Pocket,Wondrous Item,No,,GSB,,,,,,,,,,,,,,,,,,,,,
Mammoth Boots,Wondrous Item,No,,GSB,,,,,,,,,,,,,,,,,,,,,
Mantle of Shrunken Stature,Wondrous Item,No,,GSB,,,,,,,,,,,,,,,,,,,,,
Mask of the Lion,Wondrous Item,Yes,,GSB,,,,,,,,,,,,,,,,,,,,,
Mask of the Mimic,Wondrous Item,Yes,,GSB,,,,,,,,,,,,,,,,,,,,,
Mask of the Pact Bearer,Wondrous Item,Yes-Warlock,,GSB,,,,,,,,,,,,,,,,,,,,,
Matador's Cape,Wondrous Item,Yes-Bard,,GSB,,,,,,,,,,,,,,,,,,,,,
Matador's Cape,Wondrous item,Yes-Bard,,GSB,,,,,,,,,,,,,,,,,,,,,
Mental Marbles,Wondrous Item,No,,GSB,,,,,,,,,,,,,,,,,,,,,
Mercenary's Pauldron,Wondrous Item,Yes,,GSB,,,,,,,,,,,,,,,,,,,,,
Mermaid Trousers,Wondrous Item,No,,GSB,,,,,,,,,,,,,,,,,,,,,
Midnight Oil,Wondrous Item,No,,GSB,,,,,,,,,,,,,,,,,,,,,
Mighty Falconer's Mitt,Wondrous Item,Yes,,GSB,,,,,,,,,,,,,,,,,,,,,
Mimic Ink,Wondrous item,No,,GSB,,,,,,,,,,,,,,,,,,,,,
Mimicloak,Wondrous Item,No,,GSB,,,,,,,,,,,,,,,,,,,,,
Mini Magmin Mortar,Wondrous Item,No,,GSB,,,,,,,,,,,,,,,,,,,,,
Miniature Mage's Magic Hand,Wondrous Item,No,,GSB,,,,,,,,,,,,,,,,,,,,,
Mithral Beast Charms,Wondrous Item,No,,GSB,,,,,,,,,,,,,,,,,,,,,
Moonlighter's Masquerade,Wondrous Item,Yes,,GSB,,,,,,,,,,,,,,,,,,,,,
Moonwick Candle,Wondrous Item,No,,GSB,,,,,,,,,,,,,,,,,,,,,
Mourningsteel Ghost Candle,Wondrous Item,Yes,,GSB,,,,,,,,,,,,,,,,,,,,,
Mousetrap Explosive,Wondrous Item,No,,GSB,,,,,,,,,,,,,,,,,,,,,
Necromancer's Cuff,Wondrous Item,Yes,,GSB,,,,,,,,,,,,,,,,,,,,,
Night Owl's Half-Moon Spectacles,Wondrous Item,Yes,,GSB,,,,,,,,,,,,,,,,,,,,,
Nimblewrap Roll,Wondrous Item,No,,GSB,,,,,,,,,,,,,,,,,,,,,
No-Stones,Wondrous Item,No,,GSB,,,,,,,,,,,,,,,,,,,,,
Ogramau's Glass Eye,Wondrous Item,Yes,,GSB,,,,,,,,,,,,,,,,,,,,,
Otyugh Cloak,Wondrous Item,Yes,,GSB,,,,,,,,,,,,,,,,,,,,,
Overseer's Spade,Wondrous Item,No,,GSB,,,,,,,,,,,,,,,,,,,,,
Pack of Levibubble Sugarbombs,Wondrous Item,No,,GSB,,,,,,,,,,,,,,,,,,,,,
Pact Card,Wondrous Item,No,,GSB,,,,,,,,,,,,,,,,,,,,,
Pegasus Quill,Wondrous Item,No,,GSB,,,,,,,,,,,,,,,,,,,,,
Pendant of Thieves Sight,Wondrous Item,No,,GSB,,,,,,,,,,,,,,,,,,,,,
Peppermince Sugarbombs,Wondrous Item,No,,GSB,,,,,,,,,,,,,,,,,,,,,
Petal Dancer Ward,Wondrous Item,Yes,,GSB,,,,,,,,,,,,,,,,,,,,,
Pipe of the Mermaid,Wondrous Item,No,,GSB,,,,,,,,,,,,,,,,,,,,,
Pocket Poppet,Wondrous Item,No,,GSB,,,,,,,,,,,,,,,,,,,,,
Pollinator Pants,Wondrous Item,"Yes-Druid, Ranger",,GSB,,,,,,,,,,,,,,,,,,,,,
Pollinator Visor,Wondrous Item,"Yes-Druid, Ranger",,GSB,,,,,,,,,,,,,,,,,,,,,
Potion of Dragon's Breath,Wondrous Item,No,,GSB,,,,,,,,,,,,,,,,,,,,,
Pouch of Mephit Marbles,Wondrous Item,No,,GSB,,,,,,,,,,,,,,,,,,,,,
Powergem Pommel,Wondrous Item,Yes,,GSB,,,,,,,,,,,,,,,,,,,,,
Prized Pet Protector,Wondrous Item,No,,GSB,,,,,,,,,,,,,,,,,,,,,
Punchdrunk Fisticuffs,Wondrous Item,No,,GSB,,,,,,,,,,,,,,,,,,,,,
Radiant Quiver,Wondrous Item,Yes,,GSB,,,,,,,,,,,,,,,,,,,,,
Raider's Hat,Wondrous Item,No,,GSB,,,,,,,,,,,,,,,,,,,,,
Rat King Crown,Wondrous Item,Yes,,GSB,,,,,,,,,,,,,,,,,,,,,
Rat King Sphere,Wondrous Item,Yes,,GSB,,,,,,,,,,,,,,,,,,,,,
Raven's Mask,Wondrous Item,No,,GSB,,,,,,,,,,,,,,,,,,,,,
Ravenheart's Origami Ravens,Wondrous Item,No,,GSB,,,,,,,,,,,,,,,,,,,,,
Rejuvenating Bandage,Wondrous Item,No,,GSB,,,,,,,,,,,,,,,,,,,,,
Ribbon of Tongue-Tying,Wondrous Item,No,,GSB,,,,,,,,,,,,,,,,,,,,,
Ringmaster's Cape,Wondrous Item,Yes,,GSB,,,,,,,,,,,,,,,,,,,,,
Ringmaster's Top Hat,Wondrous Item,Yes,,GSB,,,,,,,,,,,,,,,,,,,,,
Robe of the Altruist,Wondrous Item,Yes,,GSB,,,,,,,,,,,,,,,,,,,,,
Rocborne Robe,Wondrous Item,Yes,,GSB,,,,,,,,,,,,,,,,,,,,,
Sahuagin Sabatons,Wondrous Item,No,,GSB,,,,,,,,,,,,,,,,,,,,,
Satchel of Beast Chow,Wondrous Item,No,,GSB,,,,,,,,,,,,,,,,,,,,,
Scabbard of Piety,Wondrous item,No,,GSB,,,,,,,,,,,,,,,,,,,,,
Scarab Mask,Wondrous Item,No,,GSB,,,,,,,,,,,,,,,,,,,,,
Scholars Cap,Wondrous Item,Yes,,GSB,,,,,,,,,,,,,,,,,,,,,
Scuttling Sping,Wondrous Item,Yes,,GSB,,,,,,,,,,,,,,,,,,,,,
Sea Serpent Hairpin,Wondrous Item,No,,GSB,,,,,,,,,,,,,,,,,,,,,
Seafarer's Whistle,Wondrous Item,No,,GSB,,,,,,,,,,,,,,,,,,,,,
Seafarers Jacket,Wondrous Item,Yes,,GSB,,,,,,,,,,,,,,,,,,,,,
Seal of Approvals,Wondrous Item,,,GSB,,,,,,,,,,,,,,,,,,,,,
Second Fiddle,Wondrous Item,No,,GSB,,,,,,,,,,,,,,,,,,,,,
Seeker's Compass,Wondrous Item,No,,GSB,,,,,,,,,,,,,,,,,,,,,
Seers Starlight Cloak,Wondrous Item,"Yes-Cleric, Druid, Wizard",,GSB,,,,,,,,,,,,,,,,,,,,,
Seige Key,Wondrous Item,No,,GSB,,,,,,,,,,,,,,,,,,,,,
Serpent's Cuff,Wondrous Item,No,,GSB,,,,,,,,,,,,,,,,,,,,,
Serpentine Horn,Wondrous Item,No,,GSB,,,,,,,,,,,,,,,,,,,,,
Servitude Choker,Wondrous Item,Yes,,GSB,,,,,,,,,,,,,,,,,,,,,
Set of Numats Trick Tubes,Wondrous Item,No,,GSB,,,,,,,,,,,,,,,,,,,,,
Shadow Ink,Wondrous Item,No,,GSB,,,,,,,,,,,,,,,,,,,,,
Shadow Weaver's Guise,Wondrous Item,Yes-Spellcaster,,GSB,,,,,,,,,,,,,,,,,,,,,
Shielding Turtle Sugarbombs,Wondrous Item,No,,GSB,,,,,,,,,,,,,,,,,,,,,
Silken Socks of Slickening,Wondrous Item,No,,GSB,,,,,,,,,,,,,,,,,,,,,
Silver Eagle Acolyte Robe,Wondrous Item,Yes,,GSB,,,,,,,,,,,,,,,,,,,,,
Silver Lycan Chime,Wondrous Item,No,,GSB,,,,,,,,,,,,,,,,,,,,,
Sir Varion's Helm,Wondrous Item,No,,GSB,,,,,,,,,,,,,,,,,,,,,
Sir Varion's Mantle,Wondrous Item,Yes,,GSB,,,,,,,,,,,,,,,,,,,,,
Sirensong Silencer,Wondrous Item,No,,GSB,,,,,,,,,,,,,,,,,,,,,
Slippers of the Rat,Wondrous Item,No,,GSB,,,,,,,,,,,,,,,,,,,,,
Snake Charmer's Flute,Wondrous Item,Yes,,GSB,,,,,,,,,,,,,,,,,,,,,
Snow Silver,Wondrous Item,No,,GSB,,,,,,,,,,,,,,,,,,,,,
Socks of the Well Rested,Wondrous Item,No,,GSB,,,,,,,,,,,,,,,,,,,,,
Sorcery Marble,Wondrous Item,Yes- Spellcaster,,GSB,,,,,,,,,,,,,,,,,,,,,
Spellwoven Robes,Wondrous Item,No,,GSB,,,,,,,,,,,,,,,,,,,,,
Spirit-Shaking Salt,Wondrous Item,No,,GSB,,,,,,,,,,,,,,,,,,,,,
Stardust Hat,Wondrous Item,"Yes-Druid, Warlock, Wizard",,GSB,,,,,,,,,,,,,,,,,,,,,
Starlit Candle,Wondrous Item,No,,GSB,,,,,,,,,,,,,,,,,,,,,
Static-Ridden Fleece,Wondrous Item,No,,GSB,,,,,,,,,,,,,,,,,,,,,
Stone Soldier,Wondrous Item,No,,GSB,,,,,,,,,,,,,,,,,,,,,
Stonemason's Companion,Wondrous Item,No,,GSB,,,,,,,,,,,,,,,,,,,,,
Stuffy Familiar,Wondrous Item,No,,GSB,,,,,,,,,,,,,,,,,,,,,
Surprise Nesting Dolls,Wondrous Item,No,,GSB,,,,,,,,,,,,,,,,,,,,,
Survivalist's Wayfinder,Wondrous Item,No,,GSB,,,,,,,,,,,,,,,,,,,,,
Switcheroo Cups,Wondrous Item,No,,GSB,,,,,,,,,,,,,,,,,,,,,
Tethervine Quiver,Wondrous Item,No,,GSB,,,,,,,,,,,,,,,,,,,,,
Third Eye Trinoculars,Wondrous Item,No,,GSB,,,,,,,,,,,,,,,,,,,,,
Third Lung Bag,Wondrous Item,No,,GSB,,,,,,,,,,,,,,,,,,,,,
Third Lung Bag,Wondrous Item,No,,GSB,,,,,,,,,,,,,,,,,,,,,
Thomas' Dimensional Trousers,Wondrous Item,No,,GSB,,,,,,,,,,,,,,,,,,,,,
Tickling Feather,Wondrous Item,No,,GSB,,,,,,,,,,,,,,,,,,,,,
Tidal Fan,Wondrous Item,No,,GSB,,,,,,,,,,,,,,,,,,,,,
Tiger Gloves,Wondrous Item,Yes,,GSB,,,,,,,,,,,,,,,,,,,,,
Titan Cricket Greaves,Wondrous Item,Yes,,GSB,,,,,,,,,,,,,,,,,,,,,
Toadstone,Wondrous Item,Yes,,GSB,,,,,,,,,,,,,,,,,,,,,
Toadstool Veil,Wondrous Item,Yes,,GSB,,,,,,,,,,,,,,,,,,,,,
Tome of Dreams,Wondrous Item,No,,GSB,,,,,,,,,,,,,,,,,,,,,
Tongue Twisty Sugarbombs,Wondrous Item,No,,GSB,,,,,,,,,,,,,,,,,,,,,
Trap Sweeper,Wondrous Item,No,,GSB,,,,,,,,,,,,,,,,,,,,,
Trapper's Bag,Wondrous Item,No,,GSB,,,,,,,,,,,,,,,,,,,,,
Treblecuff,Wondrous Item,No,,GSB,,,,,,,,,,,,,,,,,,,,,
Trench Totem,Wondrous item,No,,GSB,,,,,,,,,,,,,,,,,,,,,
Trick Knot,Wondrous Item,No,,GSB,,,,,,,,,,,,,,,,,,,,,
Tub of Churning and Fermentation,Wondrous Item,No,,GSB,,,,,,,,,,,,,,,,,,,,,
Twin Lenses,Wondrous Item,No,,GSB,,,,,,,,,,,,,,,,,,,,,
Unicorn Snugglebeast,Wondrous Item,No,,GSB,,,,,,,,,,,,,,,,,,,,,
Unstable Arkanite Cluster,Wondrous Item,No,,GSB,,,,,,,,,,,,,,,,,,,,,
Vain Virtuoso's Violin,Wondrous Item,Yes-Bard,,GSB,,,,,,,,,,,,,,,,,,,,,
Viper Bracers,Wondrous Item,Yes-Monk,,GSB,,,,,,,,,,,,,,,,,,,,,
Waterskin of Voices,Wondrous Item,No,,GSB,,,,,,,,,,,,,,,,,,,,,
Whistle of Dog Command,Wondrous Item,No,,GSB,,,,,,,,,,,,,,,,,,,,,
Widow's Perfume Bottle,Wondrous Item,No,,GSB,,,,,,,,,,,,,,,,,,,,,
Windswept Kite,Wondrous Item,No,,GSB,,,,,,,,,,,,,,,,,,,,,
Wisp Cloak,Wondrous Item,Yes,,GSB,,,,,,,,,,,,,,,,,,,,,
Wizard's Cards,Wondrous Item,Yes,,GSB,,,,,,,,,,,,,,,,,,,,,
Wraith's Circlet,Wondrous Item,Yes,,GSB,,,,,,,,,,,,,,,,,,,,,
Wyvernsting Scabbard,Wondrous Item,No,,GSB,,,,,,,,,,,,,,,,,,,,,
Xorn Eye Coin,Wondrous Item,No,,GSB,,,,,,,,,,,,,,,,,,,,,
Robe of the Underbrush,Wondrous Item,"Yes-Druid, Ranger",,GSB,,,,,,,,,,,,,,,,,,,,,
Holy Eclipse,Weapon (any axe),"Yes-Cleric, Paladin",,GSB,,,,,,,,,,,,,,,,,,,,,
Bracelet of the Centipede,Wondrous Item,No,,GSB,,,,,,,,,,,,,,,,,,,,,
Slowdown Tape,Wondrous Item,No,,GSB,,,,,,,,,,,,,,,,,,,,,
Blast Javelin,Weapon (javelin),No,,GSB,,,,,,,,,,,,,,,,,,,,,
,,,,,,,,,,,,,,,,,,,,,,,,,
Ammunition,Weapon,-,Varies,DMG,,,,,,,,,,,,,,,,,,,,,
Amulet of Health,Wondrous Item,Attunement,"4,000 GP",DMG,,,,,,,,,,,,,,,,,,,,,
Armor,Armor,-,Varies,DMG,,,,,,,,,,,,,,,,,,,,,
Armor of Resistance,Armor,Attunement,"B+4,000 GP",DMG,,,,,,,,,,,,,,,,,,,,,
Armor of Vulnerability,Armor,Attunement,"B+4,000 GP",DMG,,,,,,,,,,,,,,,,,,,,,
Arrow-Catching Shield,Armor,Attunement,"B+4,000 GP",DMG,,,,,,,,,,,,,,,,,,,,,
Bag of Beans,Wondrous Item,-,"2,000 GP",DMG,,,,,,,,,,,,,,,,,,,,,
Bane Weapon,Weapon,Attunement,"B+4,000 GP",EB,,,,,,,,,,,,,,,,,,,,,
Bead of Force,Wondrous Item,-,"2,000 GP",DMG,,,,,,,,,,,,,,,,,,,,,
Belt of Dwarvenkind,Wondrous Item,Attunement,"4,000 GP",DMG,,,,,,,,,,,,,,,,,,,,,
Belt of Giant Strength,Wondrous Item,Attunement,Varies,DMG,,,,,,,,,,,,,,,,,,,,,
Berserker Axe,Weapon,Attunement,"B+4,000 GP",DMG,,,,,,,,,,,,,,,,,,,,,
Boots of Levitation,Wondrous Item,Attunement,"4,000 GP",DMG,,,,,,,,,,,,,,,,,,,,,
Boots of Speed,Wondrous Item,Attunement,"4,000 GP",DMG,,,,,,,,,,,,,,,,,,,,,
Bowl of Commanding Water Elementals,Wondrous Item,-,"4,000 GP",DMG,,,,,,,,,,,,,,,,,,,,,
Bracers of Defense,Wondrous Item,Attunement,"4,000 GP",DMG,,,,,,,,,,,,,,,,,,,,,
Brazier of Commanding Fire Elementals,Wondrous Item,-,"4,000 GP",DMG,,,,,,,,,,,,,,,,,,,,,
Brooch of the Elements,Wondrous Item,Attunement,"4,000 GP",NF,,,,,,,,,,,,,,,,,,,,,
Cape of the Mountebank,Wondrous Item,-,"4,000 GP",DMG,,,,,,,,,,,,,,,,,,,,,
Censer of Controlling Air Elementals,Wondrous Item,-,"4,000 GP",DMG,,,,,,,,,,,,,,,,,,,,,
Channeling Wand,Wand,Attunement,4000 GP,EB,,,,,,,,,,,,,,,,,,,,,
Chime of Opening,Wondrous Item,-,"2,000 GP",DMG,,,,,,,,,,,,,,,,,,,,,
Cloak of Displacement,Wondrous Item,Attunement,"4,000 GP",DMG,,,,,,,,,,,,,,,,,,,,,
Cloak of the Bat,Wondrous Item,Attunement,"4,000 GP",DMG,,,,,,,,,,,,,,,,,,,,,
Coat of Manty Eyes,Armor,Attunement,B+4000 GP,EB,,,,,,,,,,,,,,,,,,,,,
Cube of Force,Wondrous Item,Attunement,"4,000 GP",DMG,,,,,,,,,,,,,,,,,,,,,
Cube of Summoning,Wondrous Item,-,"4,000 GP",DMG,,,,,,,,,,,,,,,,,,,,,
Daern's Instant Fortress,Wondrous Item,Attunement,"4,000 GP",DMG,,,,,,,,,,,,,,,,,,,,,
Dagger of Venom,Weapon,-,"B+4,000 GP",DMG,,,,,,,,,,,,,,,,,,,,,
Dazzling Weapon,Weapon,Attunement,"B+4,000 GP",EFotA,,,,,,,,,,,,,,,,,,,,,
Dimensional Shackles,Wondrous Item,-,"4,000 GP",DMG,,,,,,,,,,,,,,,,,,,,,
Dragon Slayer,Weapon,-,"B+4,000 GP",DMG,,,,,,,,,,,,,,,,,,,,,
Elixir of Health,Potion,-,"2,000 GP",DMG,,,,,,,,,,,,,,,,,,,,,
Elven Chain,Armor,-,"B+4,000 GP",DMG,,,,,,,,,,,,,,,,,,,,,
Enspelled Armor,Armor,Attunement,Varies,DMG,,,,,,,,,,,,,,,,,,,,,
Enspelled Staff,Staff,Attunement,Varies,DMG,,,,,,,,,,,,,,,,,,,,,
Enspelled Weapon,Weapon,Attunement,Varies,DMG,,,,,,,,,,,,,,,,,,,,,
Figurine of Wondrous Power,Wondrous Item,-,Varies,DMG,,,,,,,,,,,,,,,,,,,,,
Flame Tongue,Weapon,Attunement,"B+4,000 GP",DMG,,,,,,,,,,,,,,,,,,,,,
Folding Boat,Wondrous Item,-,"4,000 GP",DMG,,,,,,,,,,,,,,,,,,,,,
Fork of Eddy Summoning,Wondrous Item,-,"4,000 GP",NF,,,,,,,,,,,,,,,,,,,,,
Gem of Seeing,Wondrous Item,Attunement,"4,000 GP",DMG,,,,,,,,,,,,,,,,,,,,,
Giant Slayer,Weapon,-,"B+4,000 GP",DMG,,,,,,,,,,,,,,,,,,,,,
Glamoured Studded Leather,Armor,-,"B+4,000 GP",DMG,,,,,,,,,,,,,,,,,,,,,
Harper Pin,Wondrous Item,Attunement,Varies,FRAiF,,,,,,,,,,,,,,,,,,,,,
Helm of the Sentinel,Wondrous Item,Attunement,"4,000 GP",EB,,,,,,,,,,,,,,,,,,,,,
Helm of Teleportation,Wondrous Item,Attunement,"4,000 GP",DMG,,,,,,,,,,,,,,,,,,,,,
Heward's Handy Haversack,Wondrous Item,-,"4,000 GP",DMG,,,,,,,,,,,,,,,,,,,,,
Horn of Blasting,Wondrous Item,-,"4,000 GP",DMG,,,,,,,,,,,,,,,,,,,,,
Horn of Valhalla,Wondrous Item,-,Varies,DMG,,,,,,,,,,,,,,,,,,,,,
Horseshoes of Speed,Wondrous Item,-,"4,000 GP",DMG,,,,,,,,,,,,,,,,,,,,,
Houseward,Wondrous Item,-,"4,000 GP",EB,,,,,,,,,,,,,,,,,,,,,
Instrument of the Bards,Wondrous Item,Attunement,Varies,FRAiF,,,,,,,,,,,,,,,,,,,,,
Ioun Stone,Wondrous Item,Attunement,Varies,DMG,,,,,,,,,,,,,,,,,,,,,
Iron Bands of Bilarro,Wondrous Item,-,"4,000 GP",DMG,,,,,,,,,,,,,,,,,,,,,
Keeper's Fand,Weapin,,"4,000 GP",EB,,,,,,,,,,,,,,,,,,,,,
Mace of Disruption,Weapon,Attunement,"B+4,000 GP",DMG,,,,,,,,,,,,,,,,,,,,,
Mace of Smiting,Weapon,-,"B+4,000 GP",DMG,,,,,,,,,,,,,,,,,,,,,
Mace of Terror,Weapon,Attunement,"B+4,000 GP",DMG,,,,,,,,,,,,,,,,,,,,,
Magen Handbell,Wondrous Item,-,"4,000 GP",NF,,,,,,,,,,,,,,,,,,,,,
Manor Key,Wondrous Item,Attunement,"4,000 GP",EB,,,,,,,,,,,,,,,,,,,,,
Mantle of Spell Resistance,Wondrous Item,Attunement,"4,000 GP",DMG,,,,,,,,,,,,,,,,,,,,,
Mechanical Wonder,Wondrous Item,-,Varies,FRHoF,,,,,,,,,,,,,,,,,,,,,
Mythallar Cloak,Wondrous Item,Attunement,"4,000 GP",DMG,,,,,,,,,,,,,,,,,,,,,
Necklace of Fireballs,Wondrous Item,-,"2,000 GP",DMG,,,,,,,,,,,,,,,,,,,,,
Necklace of Prayer Beads,Wondrous Item,Attunement,"2,000 GP",DMG,,,,,,,,,,,,,,,,,,,,,
Oil of Etherealness,Potion,-,"2,000 GP",DMG,,,,,,,,,,,,,,,,,,,,,
Periapt of Proof against Poison,Wondrous Item,Attunement,"4,000 GP",DMG,,,,,,,,,,,,,,,,,,,,,
Portable Hole,Wondrous Item,-,"4,000 GP",DMG,,,,,,,,,,,,,,,,,,,,,
Potion of Clairvoyance,Potion,-,"2,000 GP",DMG,,,,,,,,,,,,,,,,,,,,,
Potion of Diminution,Potion,-,"2,000 GP",DMG,,,,,,,,,,,,,,,,,,,,,
Potion of Gaseous Form,Potion,-,"2,000 GP",DMG,,,,,,,,,,,,,,,,,,,,,
Potion of Giant Strength,Potion,-,Varies,DMG,,,,,,,,,,,,,,,,,,,,,
Potion of Healing,Potion,-,Varies,DMG,,,,,,,,,,,,,,,,,,,,,
Potion of Heroism,Potion,-,"2,000 GP",DMG,,,,,,,,,,,,,,,,,,,,,
Potion of Invisibility,Potion,-,"2,000 GP",DMG,,,,,,,,,,,,,,,,,,,,,
Potion of Invulnerability,Potion,-,"2,000 GP",DMG,,,,,,,,,,,,,,,,,,,,,
Potion of Mind Reading,Potion,-,"2,000 GP",DMG,,,,,,,,,,,,,,,,,,,,,
Quaal's Feather Token,Wondrous Item,-,Varies,DMG,,,,,,,,,,,,,,,,,,,,,
Resistance Breaker,Weapon,,"B+4,000 GP",EB,,,,,,,,,,,,,,,,,,,,,
Ring of Animal Influence,Ring,-,"4,000 GP",DMG,,,,,,,,,,,,,,,,,,,,,
Ring of Evasion,Ring,Attunement,"4,000 GP",DMG,,,,,,,,,,,,,,,,,,,,,
Ring of Feather Falling,Ring,Attunement,"4,000 GP",DMG,,,,,,,,,,,,,,,,,,,,,
Ring of Free Action,Ring,Attunement,"4,000 GP",DMG,,,,,,,,,,,,,,,,,,,,,
Ring of Protection,Ring,Attunement,"4,000 GP",DMG,,,,,,,,,,,,,,,,,,,,,
Ring of Resistance,Ring,-,"4,000 GP",DMG,,,,,,,,,,,,,,,,,,,,,
Ring of Spell Storing,Ring,Attunement,"4,000 GP",DMG,,,,,,,,,,,,,,,,,,,,,
Ring of the Ram,Ring,Attunement,"4,000 GP",DMG,,,,,,,,,,,,,,,,,,,,,
Ring of X-ray Vision,Ring,Attunement,"4,000 GP",DMG,,,,,,,,,,,,,,,,,,,,,
Robe of Eyes,Wondrous Item,Attunement,"4,000 GP",DMG,,,,,,,,,,,,,,,,,,,,,
Rod of Rulership,Rod,Attunement,"4,000 GP",DMG,,,,,,,,,,,,,,,,,,,,,
Rod of the Pact Keeper,Rod,Attunement,Varies,DMG,,,,,,,,,,,,,,,,,,,,,
Rope of Entanglement,Wondrous Item,-,"4,000 GP",DMG,,,,,,,,,,,,,,,,,,,,,
Rod of WIld Dominion,Rod,-,"4,000 GP",EB,,,,,,,,,,,,,,,,,,,,,
Scroll of Protection,Scroll,-,"2,000 GP",DMG,,,,,,,,,,,,,,,,,,,,,
Shadow Sibling,Wondrous Item,Attunement,"4,000 GP",EB,,,,,,,,,,,,,,,,,,,,,
Shield,Armor,-,Varies,DMG,,,,,,,,,,,,,,,,,,,,,
Shield of Missile Attraction,Armor,Attunement,"B+4,000 GP",DMG,,,,,,,,,,,,,,,,,,,,,
Silent Weapon,Weapon,-,"B+4,000 GP",EB,,,,,,,,,,,,,,,,,,,,,
Spell Scroll,Scroll,-,Varies,DMG,,,,,,,,,,,,,,,,,,,,,
Staff of Charming,Staff,Attunement,"4,000 GP",DMG,,,,,,,,,,,,,,,,,,,,,
Staff of Healing,Staff,Attunement,"4,000 GP",DMG,,,,,,,,,,,,,,,,,,,,,
Staff of Swarming Insects,Staff,Attunement,"4,000 GP",DMG,,,,,,,,,,,,,,,,,,,,,
Staff of the Woodlands,Staff,Attunement,"4,000 GP",DMG,,,,,,,,,,,,,,,,,,,,,
Staff of Withering,Staff,Attunement,"4,000 GP",DMG,,,,,,,,,,,,,,,,,,,,,
Stone of Controlling Earth Elementals,Wondrous Item,-,"4,000 GP",DMG,,,,,,,,,,,,,,,,,,,,,
Sun Blade,Weapon,Attunement,"B+4,000 GP",DMG,,,,,,,,,,,,,,,,,,,,,
Sword of Life Stealing,Weapon,Attunement,"B+4,000 GP",DMG,,,,,,,,,,,,,,,,,,,,,
Sword of Wounding,Weapon,Attunement,"B+4,000 GP",DMG,,,,,,,,,,,,,,,,,,,,,
Tentacle Rod,Rod,Attunement,"4,000 GP",DMG,,,,,,,,,,,,,,,,,,,,,
Tools of the Master,Wondrous Item,Attunement,"B+4,000 GP",Eb,,,,,,,,,,,,,,,,,,,,,
Vicious Weapon,Weapon,-,"B+4,000 GP",DMG,,,,,,,,,,,,,,,,,,,,,
Wand of Binding,Wand,Attunement,"4,000 GP",DMG,,,,,,,,,,,,,,,,,,,,,
Wand of Enemy Detection,Wand,Attunement,"4,000 GP",DMG,,,,,,,,,,,,,,,,,,,,,
Wand of Fear,Wand,Attunement,"4,000 GP",DMG,,,,,,,,,,,,,,,,,,,,,
Wand of Fireballs,Wand,Attunement,"4,000 GP",DMG,,,,,,,,,,,,,,,,,,,,,
Wand of Lightning Bolts,Wand,Attunement,"4,000 GP",DMG,,,,,,,,,,,,,,,,,,,,,
Wand of Paralysis,Wand,Attunement,"4,000 GP",DMG,,,,,,,,,,,,,,,,,,,,,
Wand of the War Mage,Wand,Attunement,Varies,DMG,,,,,,,,,,,,,,,,,,,,,
Wand of Wonder,Wand,Attunement,"4,000 GP",DMG,,,,,,,,,,,,,,,,,,,,,
Weapon,Weapon,-,Varies,DMG,,,,,,,,,,,,,,,,,,,,,
Windskiff,Wondrous Item,-,"4,000 GP",FRHoF,,,,,,,,,,,,,,,,,,,,,
Wings of Flying,Wondrous Item,Attunement,"4,000 GP",DMG,,,,,,,,,,,,,,,,,,,,,
Wraps of Unarmed Power,Wondrous Item,-,Varies,DMG,,,,,,,,,,,,,,,,,,,,,
Moonswaddled Armor,Armor (any light armor),No,,GSB,,,,,,,,,,,,,,,,,,,,,
Poison Dart Armor of Amphibios,Armor (any light armor),Yes,,GSB,,,,,,,,,,,,,,,,,,,,,
Protector's Armor,"Armor (any medium or heavy armor, but not hide)",Yes,,GSB,,,,,,,,,,,,,,,,,,,,,
Warding Armor,Armor (any),No,,GSB,,,,,,,,,,,,,,,,,,,,,
Breastplate of the Morning Light,Armor (breastplate),"Yes-Cleric, Paladin",,GSB,,,,,,,,,,,,,,,,,,,,,
Chromatic Obsidian Breastplate,Armor (breastplate),Yes,,GSB,,,,,,,,,,,,,,,,,,,,,
Daedalus Armor,Armor (breastplate),Yes,,GSB,,,,,,,,,,,,,,,,,,,,,
Scorned Heart Breastplate,Armor (breastplate),Yes,,GSB,,,,,,,,,,,,,,,,,,,,,
Shellguard Armor,Armor (breastplate),Yes,,GSB,,,,,,,,,,,,,,,,,,,,,
Spiritwalker Breastplate,Armor (breastplate),Yes,,GSB,,,,,,,,,,,,,,,,,,,,,
Time Warden Armor,Armor (breastplate),Yes,,GSB,,,,,,,,,,,,,,,,,,,,,
Verdant Breastplate,Armor (breastplate),Yes,,GSB,,,,,,,,,,,,,,,,,,,,,
Bastion Chain,Armor (chain mail),Yes,,GSB,,,,,,,,,,,,,,,,,,,,,
Chain Acolyte Robes,Armor (chain mail),Yes-Spellcaster,,GSB,,,,,,,,,,,,,,,,,,,,,
Lionguard Chain,Armor (chain shirt or chain mail),Yes,,GSB,,,,,,,,,,,,,,,,,,,,,
Druidic Chain,Armor (chain shirt),"Yes-Druid, Ranger",,GSB,,,,,,,,,,,,,,,,,,,,,
Windswept Wyvernplate,Armor (halfplate),Yes,,GSB,,,,,,,,,,,,,,,,,,,,,
Warden's Armor,"Armor (heavy, but not plate)",No,,GSB,,,,,,,,,,,,,,,,,,,,,
Fused Chimeric Hide,Armor (hide),"Yes-Barbarian, Druid",,GSB,,,,,,,,,,,,,,,,,,,,,
Captain's Pride,Armor (leather or studded leather),Yes,,GSB,,,,,,,,,,,,,,,,,,,,,
Myceliaweave Armor,"Armor (leather, studded leather, or hide)",Yes,,GSB,,,,,,,,,,,,,,,,,,,,,
Acrid Wetsuit,Armor (leather),No,,GSB,,,,,,,,,,,,,,,,,,,,,
Mistwalker Armor,Armor (leather),Yes,,GSB,,,,,,,,,,,,,,,,,,,,,
Deer Hunters Armor,Armor (light),Yes,,GSB,,,,,,,,,,,,,,,,,,,,,
Heavy Golem Armor,Armor (plate),Yes-Small Humanoid,,GSB,,,,,,,,,,,,,,,,,,,,,
Nightstalker Armor of the Northeastern Wind,Armor (plate),Yes,,GSB,,,,,,,,,,,,,,,,,,,,,
Vainglorious Armor,Armor (ring mail),Yes,,GSB,,,,,,,,,,,,,,,,,,,,,
Couatl Heralds Scales,Armor (scale mail),Yes-Good Aligned,,GSB,,,,,,,,,,,,,,,,,,,,,
Elder Sequoia Scale Mail,Armor (scale mail),Yes-Druid,,GSB,,,,,,,,,,,,,,,,,,,,,
Valkyrian Scale,Armor (scale mail),Yes,,GSB,,,,,,,,,,,,,,,,,,,,,
Aegis of Radiance,Armor (shield),Yes-Cleric,,GSB,,,,,,,,,,,,,,,,,,,,,
Ballatar's Buckler,Armor (shield),Yes,,GSB,,,,,,,,,,,,,,,,,,,,,
Dragon Turtle Shield,Armor (shield),No,,GSB,,,,,,,,,,,,,,,,,,,,,
Forgework Dragon Shield,Armor (shield),No,,GSB,,,,,,,,,,,,,,,,,,,,,
Four Winds Aegis,Armor (shield),Yes,,GSB,,,,,,,,,,,,,,,,,,,,,
Gloom Shield,Armor (shield),Yes,,GSB,,,,,,,,,,,,,,,,,,,,,
Helmsmans Shelter,Armor (shield),Yes,,GSB,,,,,,,,,,,,,,,,,,,,,
Monster Tamers Shield,Armor (shield),Yes,,GSB,,,,,,,,,,,,,,,,,,,,,
Moonlit Aegis,Armor (shield),Yes-Spellcaster,,GSB,,,,,,,,,,,,,,,,,,,,,
Mourningsteel Barricade,Armor (shield),Yes,,GSB,,,,,,,,,,,,,,,,,,,,,
Nexus Shield,Armor (shield),Yes,,GSB,,,,,,,,,,,,,,,,,,,,,
Prismatic Mirror,Armor (shield),Yes,,GSB,,,,,,,,,,,,,,,,,,,,,
Quantumfly Buckler,Armor (shield),Yes,,GSB,,,,,,,,,,,,,,,,,,,,,
Retaliating Bloom Shield,Armor (shield),No,,GSB,,,,,,,,,,,,,,,,,,,,,
Shield of the Justicars,Armor (shield),No,,GSB,,,,,,,,,,,,,,,,,,,,,
Skyglider Shield,Armor (shield),Yes,,GSB,,,,,,,,,,,,,,,,,,,,,
Spelldrinker Aegis,Armor (shield),No,,GSB,,,,,,,,,,,,,,,,,,,,,
Storm's Eye Shield,Armor (shield),Yes,,GSB,,,,,,,,,,,,,,,,,,,,,
Traitor's Shield,Armor (shield),Yes,,GSB,,,,,,,,,,,,,,,,,,,,,
Traitor's Shield,Armor (shield),Yes,,GSB,,,,,,,,,,,,,,,,,,,,,
Warding Shield,Armor (shield),No,,GSB,,,,,,,,,,,,,,,,,,,,,
Splinterguard,Armor (splint),"Yes-Druid, Ranger",,GSB,,,,,,,,,,,,,,,,,,,,,
Skeletal Armor,Armor (studded leather or hide),No,,GSB,,,,,,,,,,,,,,,,,,,,,
Aged Goodberry Wine,Potion,No,,GSB,,,,,,,,,,,,,,,,,,,,,
Ankh of Anointment,Potion,No,,GSB,,,,,,,,,,,,,,,,,,,,,
Chi-Balancing Tea,Potion,No,,GSB,,,,,,,,,,,,,,,,,,,,,
Djinn and Tonic,Potion,No,,GSB,,,,,,,,,,,,,,,,,,,,,
Essence of Rage,Potion,No,,GSB,,,,,,,,,,,,,,,,,,,,,
Gorgon Potion,Potion,No,,GSB,,,,,,,,,,,,,,,,,,,,,
Oil of Armor Animation,Potion,No,,GSB,,,,,,,,,,,,,,,,,,,,,
Potion of Puddle Scrying,Potion,No,,GSB,,,,,,,,,,,,,,,,,,,,,
Potion of Spell Recovery,Potion,No,,GSB,,,,,,,,,,,,,,,,,,,,,
Rejuvenating Draft,Potion,No,,GSB,,,,,,,,,,,,,,,,,,,,,
Snake Oil,Potion,No,,GSB,,,,,,,,,,,,,,,,,,,,,
Sream's Stoppered Oasis,Potion,No,,GSB,,,,,,,,,,,,,,,,,,,,,
Vortex Elixir,Potion,No,,GSB,,,,,,,,,,,,,,,,,,,,,
Weirdwater Poison,Potion,No,,GSB,,,,,,,,,,,,,,,,,,,,,
Band of Mirrored Essence,Ring,Yes,,GSB,,,,,,,,,,,,,,,,,,,,,
Contingency Band,Ring,No,,GSB,,,,,,,,,,,,,,,,,,,,,
Covolt Ring,Ring,Yes,,GSB,,,,,,,,,,,,,,,,,,,,,
Elemental Dial,Ring,Yes,,GSB,,,,,,,,,,,,,,,,,,,,,
Enchantment Breaker,Ring,No,,GSB,,,,,,,,,,,,,,,,,,,,,
Mageplate Ring,Ring,Yes,,GSB,,,,,,,,,,,,,,,,,,,,,
Ooze Cube Ring,Ring,Yes,,GSB,,,,,,,,,,,,,,,,,,,,,
Ouroboros Ring,Ring,No,,GSB,,,,,,,,,,,,,,,,,,,,,
Quick Change Ring,Ring,No,,GSB,,,,,,,,,,,,,,,,,,,,,
Ring of Anchoring,Ring,Yes,,GSB,,,,,,,,,,,,,,,,,,,,,
Ring of Changing Shapes,Ring,Yes-Sorcerer,,GSB,,,,,,,,,,,,,,,,,,,,,
Ring of Eldritch Ire,Ring,Yes-Warlock,,GSB,,,,,,,,,,,,,,,,,,,,,
Ring of Honor,Ring,No,,GSB,,,,,,,,,,,,,,,,,,,,,
Ring of Misdirection,Ring,No,,GSB,,,,,,,,,,,,,,,,,,,,,
Ring of Perpetual Motion,Ring,No,,GSB,,,,,,,,,,,,,,,,,,,,,
Ring of Retribution,Ring,"Yes-Cleric, Paladin",,GSB,,,,,,,,,,,,,,,,,,,,,
Ring of Sharks,Ring,Yes,,GSB,,,,,,,,,,,,,,,,,,,,,
Ring of Solar's Sight,Ring,Yes,,GSB,,,,,,,,,,,,,,,,,,,,,
Ring of the Arcane Berserker,Ring,Yes-Barbarian,,GSB,,,,,,,,,,,,,,,,,,,,,
Ring of the Koi,Ring,No,,GSB,,,,,,,,,,,,,,,,,,,,,
Ring of the Ring,Ring,Yes,,GSB,,,,,,,,,,,,,,,,,,,,,
Ring of Twisted Blooms,Ring,Yes,,GSB,,,,,,,,,,,,,,,,,,,,,
Ring of Vitality,Ring,Yes,,GSB,,,,,,,,,,,,,,,,,,,,,
Rings of Fire,Ring,No,,GSB,,,,,,,,,,,,,,,,,,,,,
Rings of Stone,Ring,No,,GSB,,,,,,,,,,,,,,,,,,,,,
Rings of the True Companions,Ring,Yes,,GSB,,,,,,,,,,,,,,,,,,,,,
Rng of Salt,Ring,No,,GSB,,,,,,,,,,,,,,,,,,,,,
Signet Rings BDS,Ring,No,,GSB,,,,,,,,,,,,,,,,,,,,,
Smiter's Signet,Ring,Yes-Paladin,,GSB,,,,,,,,,,,,,,,,,,,,,
Starmetal Ring,Ring,No,,GSB,,,,,,,,,,,,,,,,,,,,,
Tracking Signet,Ring,No,,GSB,,,,,,,,,,,,,,,,,,,,,
Bloodmire Rod of the Witch Doctor,Rod,"Yes-Cleric, Druid, Paladin, Warlock",,GSB,,,,,,,,,,,,,,,,,,,,,
Doorway Scepter,Rod,Yes,,GSB,,,,,,,,,,,,,,,,,,,,,
Duck Cover Cane,Rod,No,,GSB,,,,,,,,,,,,,,,,,,,,,
Honey Scepter,Rod,Yes-Spellcaster,,GSB,,,,,,,,,,,,,,,,,,,,,
Lightning Pylons,Rod,No,,GSB,,,,,,,,,,,,,,,,,,,,,
Naga's Caduceus of Rebirth,Rod,No,,GSB,,,,,,,,,,,,,,,,,,,,,
Nana's Wooden Spoon,Rod,Yes,,GSB,,,,,,,,,,,,,,,,,,,,,
Nevermore's Vigil,Rod,Yes-Warlock,,GSB,,,,,,,,,,,,,,,,,,,,,
Parader's Scepter,Rod,Yes-Bard,,GSB,,,,,,,,,,,,,,,,,,,,,
Reliquary of Holy Memories,Rod,"Yes-Cleric, Paladin",,GSB,,,,,,,,,,,,,,,,,,,,,
Rocborne Rod,Rod,Yes,,GSB,,,,,,,,,,,,,,,,,,,,,
Rod of Refstrophobia,Rod,No,,GSB,,,,,,,,,,,,,,,,,,,,,
Rod of Reverberation,Rod,Yes,,GSB,,,,,,,,,,,,,,,,,,,,,
Rod of Storms,Rod,Yes-Spellcaster,,GSB,,,,,,,,,,,,,,,,,,,,,
Rod of the Magicycle,Rod,No,,GSB,,,,,,,,,,,,,,,,,,,,,
Rod of Water Absorption,Rod,No,,GSB,,,,,,,,,,,,,,,,,,,,,
Tremor Spike,Rod,No,,GSB,,,,,,,,,,,,,,,,,,,,,
Mobius Scroll,Scroll,Yes-Spellcaster,,GSB,,,,,,,,,,,,,,,,,,,,,
Scroll of Comedic Endings,Scroll,No,,GSB,,,,,,,,,,,,,,,,,,,,,
Scroll of Mass Sending,Scroll,No,,GSB,,,,,,,,,,,,,,,,,,,,,
Scroll of Mastery,Scroll,No,,GSB,,,,,,,,,,,,,,,,,,,,,
Scroll of Mastery,Scroll,No,,GSB,,,,,,,,,,,,,,,,,,,,,
Scroll of Monetery Omniscience,Scroll,No,,GSB,,,,,,,,,,,,,,,,,,,,,
Scroll of Necrosis,Scroll,No,,GSB,,,,,,,,,,,,,,,,,,,,,
Scroll of Nightmares,Scroll,No,,GSB,,,,,,,,,,,,,,,,,,,,,
Scroll of Paywall,Scroll,No,,GSB,,,,,,,,,,,,,,,,,,,,,
Scroll of the Jester,Scroll,No,,GSB,,,,,,,,,,,,,,,,,,,,,
Scroll of the Skyfallen,Scroll,No,,GSB,,,,,,,,,,,,,,,,,,,,,
Captain's Wright,Staff,Yes,,GSB,,,,,,,,,,,,,,,,,,,,,
Couatl Heralds Radiance,Staff,Yes-Good Aligned,,GSB,,,,,,,,,,,,,,,,,,,,,
Enzymatic Gastrostaff,Staff,No,,GSB,,,,,,,,,,,,,,,,,,,,,
Fire Brigade Staff,Staff,Yes,,GSB,,,,,,,,,,,,,,,,,,,,,
Siege Staff,Staff,"Yes-Bard, Cleric, Druid, Sorcerer, Warlock, Wizard",,GSB,,,,,,,,,,,,,,,,,,,,,
Staff of the Magpie,Staff,Yes-Spellcaster,,GSB,,,,,,,,,,,,,,,,,,,,,
Staff of the Mirage,Staff,Yes-Wizard,,GSB,,,,,,,,,,,,,,,,,,,,,
Staff of the Mustang,Staff,Yes,,GSB,,,,,,,,,,,,,,,,,,,,,
Staff of the Reverent Warrior,Staff,Yes-Spellcaster,,GSB,,,,,,,,,,,,,,,,,,,,,
Torrent Taiaha,Staff,No,,GSB,,,,,,,,,,,,,,,,,,,,,
Acanist's Scribing Wand,Wand,Yes-Wizard,,GSB,,,,,,,,,,,,,,,,,,,,,
Direstone Runic Wand,Wand,Yes-Spellcaster,,GSB,,,,,,,,,,,,,,,,,,,,,
Fire Wand of the Unbroken Circle,Wand,Yes-Druid,,GSB,,,,,,,,,,,,,,,,,,,,,
Ouroboros Wand,Wand,No,,GSB,,,,,,,,,,,,,,,,,,,,,
Stitchwitch's Wand,Wand,No,,GSB,,,,,,,,,,,,,,,,,,,,,
Stitchwitch's Wand,Wand,No,,GSB,,,,,,,,,,,,,,,,,,,,,
Wand of Branding,Wand,Yes,,GSB,,,,,,,,,,,,,,,,,,,,,
Wand of Burning,Wand,Yes-Spellcaster,,GSB,,,,,,,,,,,,,,,,,,,,,
Wand of Gilding,Wand,"Yes-Bard, Sorcerer, Wizard",,GSB,,,,,,,,,,,,,,,,,,,,,
Wand of Incense,Wand,Yes-Spellcaster,,GSB,,,,,,,,,,,,,,,,,,,,,
Wand of Meadow's Rest,Wand,No,,GSB,,,,,,,,,,,,,,,,,,,,,
Wand of Shadow,Wand,"Yes-Sorcerer, Warlock, Wizard",,GSB,,,,,,,,,,,,,,,,,,,,,
Wand of Stars,Wand,Yes-Spellcaster,,GSB,,,,,,,,,,,,,,,,,,,,,
Wand of Termites,Wand,Yes-Spellcaster,,GSB,,,,,,,,,,,,,,,,,,,,,
Wand of the Dragon Queen,Wand,Yes,,GSB,,,,,,,,,,,,,,,,,,,,,
Wand of the Frostrose,Wand,Yes-Spellcaster,,GSB,,,,,,,,,,,,,,,,,,,,,
Wand of Weight,Wand,No,,GSB,,,,,,,,,,,,,,,,,,,,,
Wand of Whispers,Wand,Yes-Spellcaster,,GSB,,,,,,,,,,,,,,,,,,,,,
Warmind Wand,Wand,"Yes-Orc, Half-Orc",,GSB,,,,,,,,,,,,,,,,,,,,,
Wond of Fireballs,Wand,Yes-Spellcaster,,GSB,,,,,,,,,,,,,,,,,,,,,
Behirazooka,Weapon,No,,GSB,,,,,,,,,,,,,,,,,,,,,
Raven's Feather,Weapon,Yes,,GSB,,,,,,,,,,,,,,,,,,,,,
Phoenix Arrow,Weapon (a bolt or arrow),No,,GSB,,,,,,,,,,,,,,,,,,,,,
Ironleaf Impaler,Weapon (a javelin or a spear),Yes,,GSB,,,,,,,,,,,,,,,,,,,,,
Wildfire Ammunition,Weapon (an arrow or bolt),No,,GSB,,,,,,,,,,,,,,,,,,,,,
Runic Ammunition,Weapon (any ammunition),No,,GSB,,,,,,,,,,,,,,,,,,,,,
Axe of the Aurora,Weapon (any axe),Yes,,GSB,,,,,,,,,,,,,,,,,,,,,
Axe of the Radiant Sun,Weapon (any axe),No,,GSB,,,,,,,,,,,,,,,,,,,,,
Wavecutter,Weapon (any axe),No,,GSB,,,,,,,,,,,,,,,,,,,,,
Bow of the Cobra,Weapon (any bow),Yes,,GSB,,,,,,,,,,,,,,,,,,,,,
Bow of the Twilight Valkyrie,Weapon (any bow),Yes,,GSB,,,,,,,,,,,,,,,,,,,,,
Cloudburst,Weapon (any bow),No,,GSB,,,,,,,,,,,,,,,,,,,,,
Couatl Heralds Reach,Weapon (any bow),Yes-Good Aligned,,GSB,,,,,,,,,,,,,,,,,,,,,
Gambler's Bow,Weapon (any bow),No,,GSB,,,,,,,,,,,,,,,,,,,,,
Marshwarden Bow,Weapon (any bow),Yes,,GSB,,,,,,,,,,,,,,,,,,,,,
Mirrorlight Stinger,Weapon (any bow),No,,GSB,,,,,,,,,,,,,,,,,,,,,
Skirmisher's Bow,Weapon (any bow),No,,GSB,,,,,,,,,,,,,,,,,,,,,
Webgrip Bow,Weapon (any bow),Yes,,GSB,,,,,,,,,,,,,,,,,,,,,
Bloodletter's Crossbow,Weapon (any crossbow),Yes,,GSB,,,,,,,,,,,,,,,,,,,,,
Dragonkin Weapon,Weapon (any melee),Yes-Dragonborn,,GSB,,,,,,,,,,,,,,,,,,,,,
Warding Weapon,Weapon (any melee),No,,GSB,,,,,,,,,,,,,,,,,,,,,
Verax Weapon,Weapon (any metal melee weapon),No,,GSB,,,,,,,,,,,,,,,,,,,,,
Dragon Edge Weapons,Weapon (any slashing or piercing simple weapon),No,,GSB,,,,,,,,,,,,,,,,,,,,,
Couatl Heralds Fang,Weapon (any sword or dagger),Yes-Good Aligned,,GSB,,,,,,,,,,,,,,,,,,,,,
Ennervating Crystal Sword,Weapon (any sword),Yes,,GSB,,,,,,,,,,,,,,,,,,,,,
Monster Tamers Sword,Weapon (any sword),Yes,,GSB,,,,,,,,,,,,,,,,,,,,,
Solacesteel Mitigator,Weapon (any sword),Yes,,GSB,,,,,,,,,,,,,,,,,,,,,
Sword of Sacrifice,Weapon (any sword),Yes,,GSB,,,,,,,,,,,,,,,,,,,,,
Voltedge,Weapon (any sword),Yes,,GSB,,,,,,,,,,,,,,,,,,,,,
Whirling Weapons,Weapon (any),No,,GSB,,,,,,,,,,,,,,,,,,,,,
Dragonbreath Ammunition,Weapon (arrow or bolt),No,,GSB,,,,,,,,,,,,,,,,,,,,,
Ammunition of Fireworks,"Weapon (arrow, bolt, or firearm bullet)",No,,GSB,,,,,,,,,,,,,,,,,,,,,
Ammunition of Fireworks,"Weapon (arrow, bolt, or firearm bullet)",No,,GSB,,,,,,,,,,,,,,,,,,,,,
Arrow of Expulsion,Weapon (arrow),No,,GSB,,,,,,,,,,,,,,,,,,,,,
Blossoming Arrow,Weapon (arrow),No,,GSB,,,,,,,,,,,,,,,,,,,,,
Murderous Arrow,Weapon (arrow),No,,GSB,,,,,,,,,,,,,,,,,,,,,
Pointed Arrow,Weapon (arrow),No,,GSB,,,,,,,,,,,,,,,,,,,,,
Shadowfletched Arrow,Weapon (arrow),No,,GSB,,,,,,,,,,,,,,,,,,,,,
Sonar Arrow,Weapon (arrow),No,,GSB,,,,,,,,,,,,,,,,,,,,,
Axe of the Minotaur,Weapon (battleaxe or greataxe),Yes,,GSB,,,,,,,,,,,,,,,,,,,,,
Weapon of Mooring,"Weapon (battleaxe, longsword, or warhammer)",Yes,,GSB,,,,,,,,,,,,,,,,,,,,,
Dwarven Iron Axe,Weapon (battleaxe),Yes,,GSB,,,,,,,,,,,,,,,,,,,,,
Fyre Shredder,Weapon (battleaxe),Yes-Bard,,GSB,,,,,,,,,,,,,,,,,,,,,
Phase Axe,Weapon (battleaxe),Yes,,GSB,,,,,,,,,,,,,,,,,,,,,
Sheer Cold,Weapon (battleaxe),No,,GSB,,,,,,,,,,,,,,,,,,,,,
Stonebleeder,Weapon (battleaxe),No,,GSB,,,,,,,,,,,,,,,,,,,,,
Discordant Blowgun,Weapon (blowgun),No,,GSB,,,,,,,,,,,,,,,,,,,,,
Fife of Dragonsong,Weapon (blowgun),Yes-Bard,,GSB,,,,,,,,,,,,,,,,,,,,,
Snowstorm Blowgun,Weapon (blowgun),No,,GSB,,,,,,,,,,,,,,,,,,,,,
Starmetal Blowgun,Weapon (blowgun),Yes,,GSB,,,,,,,,,,,,,,,,,,,,,
Serpentine Bolas,Weapon (bolas),No,,GSB,,,,,,,,,,,,,,,,,,,,,
Bolt of Wild Lightning,Weapon (bolt),No,,GSB,,,,,,,,,,,,,,,,,,,,,
Blazeball Bat,Weapon (club or greatclub),No,,GSB,,,,,,,,,,,,,,,,,,,,,
Druidic Throwing Club,Weapon (club),"Yes-Druid, Ranger, Nature Cleric, OoA Paladin",,GSB,,,,,,,,,,,,,,,,,,,,,
Medzo's Crossbow,"Weapon (crossbow, hand)",No,,GSB,,,,,,,,,,,,,,,,,,,,,
Quickdraw,"Weapon (crossbow, hand)",No,,GSB,,,,,,,,,,,,,,,,,,,,,
Vigilus,"Weapon (crossbow, hand)",Yes,,GSB,,,,,,,,,,,,,,,,,,,,,
Consecrated Hunter's Crossbow,"Weapon (crossbow, heavy or light)",No,,GSB,,,,,,,,,,,,,,,,,,,,,
Comet Ballista,"Weapon (crossbow, heavy)",Yes,,GSB,,,,,,,,,,,,,,,,,,,,,
Riptide Crossbow,"Weapon (crossbow, heavy)",Yes,,GSB,,,,,,,,,,,,,,,,,,,,,
Spitfire,"Weapon (crossbow, heavy)",Yes,,GSB,,,,,,,,,,,,,,,,,,,,,
Dragonbolt Blaster,"Weapon (crossbow, light or heavy)",No,,GSB,,,,,,,,,,,,,,,,,,,,,
Faerie Firework Launcher,"Weapon (crossbow, light or heavy)",Yes,,GSB,,,,,,,,,,,,,,,,,,,,,
Fire Fire,"Weapon (crossbow, light)",Yes,,GSB,,,,,,,,,,,,,,,,,,,,,
Starmetal Blaster,"Weapon (crossbow, light)",No,,GSB,,,,,,,,,,,,,,,,,,,,,
Spiker and Striker,Weapon (dagger and warhammer),Yes,,GSB,,,,,,,,,,,,,,,,,,,,,
Aurum and Argentum,Weapon (dagger),No,,GSB,,,,,,,,,,,,,,,,,,,,,
Basilisk Dagger,Weapon (dagger),No,,GSB,,,,,,,,,,,,,,,,,,,,,
Blood Pact Bayonet,Weapon (dagger),Yes,,GSB,,,,,,,,,,,,,,,,,,,,,
Cursed Fang,Weapon (dagger),Yes,,GSB,,,,,,,,,,,,,,,,,,,,,
Death Marker,Weapon (dagger),Yes,,GSB,,,,,,,,,,,,,,,,,,,,,
Devotee's Sacrificial Blade,Weapon (dagger),Yes-Warlock,,GSB,,,,,,,,,,,,,,,,,,,,,
Fish Ripper,Weapon (dagger),No,,GSB,,,,,,,,,,,,,,,,,,,,,
Lamian Facestealer,Weapon (dagger),Yes,,GSB,,,,,,,,,,,,,,,,,,,,,
Midnight Smoke,Weapon (dagger),Yes,,GSB,,,,,,,,,,,,,,,,,,,,,
Mirrorlight Carver,Weapon (dagger),No,,GSB,,,,,,,,,,,,,,,,,,,,,
Mourningsteel Stiletto,Weapon (dagger),Yes,,GSB,,,,,,,,,,,,,,,,,,,,,
Nail of Mundanity,Weapon (dagger),No,,GSB,,,,,,,,,,,,,,,,,,,,,
Narwhal Stiletto,Weapon (dagger),Yes,,GSB,,,,,,,,,,,,,,,,,,,,,
Obsidian Star,Weapon (dagger),Yes,,GSB,,,,,,,,,,,,,,,,,,,,,
Pick and Pocket,Weapon (dagger),No,,GSB,,,,,,,,,,,,,,,,,,,,,
Seraphim's Stiletto,Weapon (dagger),Yes-Good Aligned,,GSB,,,,,,,,,,,,,,,,,,,,,
Silver Tongue,Weapon (dagger),Yes,,GSB,,,,,,,,,,,,,,,,,,,,,
Spiderbite Daggers,Weapon (dagger),No,,GSB,,,,,,,,,,,,,,,,,,,,,
Wandblade,Weapon (dagger),No,,GSB,,,,,,,,,,,,,,,,,,,,,
Bullseye Dart,Weapon (dart),No,,GSB,,,,,,,,,,,,,,,,,,,,,
Problem Solver,Weapon (firearm bullet),No,,GSB,,,,,,,,,,,,,,,,,,,,,
Ankylosaurus Flail,Weapon (flail),No,,GSB,,,,,,,,,,,,,,,,,,,,,
Caduceus Flail,Weapon (flail),"Yes-Cleric, Paladin",,GSB,,,,,,,,,,,,,,,,,,,,,
Hagshead Flail,Weapon (flail),No,,GSB,,,,,,,,,,,,,,,,,,,,,
Harbinger's Flail,Weapon (flail),No,,GSB,,,,,,,,,,,,,,,,,,,,,
Hell's Bells,Weapon (flail),No,,GSB,,,,,,,,,,,,,,,,,,,,,
Hydra Flail,Weapon (flail),No,,GSB,,,,,,,,,,,,,,,,,,,,,
Lantern Flail,Weapon (flail),No,,GSB,,,,,,,,,,,,,,,,,,,,,
Thunderous Flail,Weapon (flail),Yes,,GSB,,,,,,,,,,,,,,,,,,,,,
Tormentor's Flail,Weapon (flail),No,,GSB,,,,,,,,,,,,,,,,,,,,,
Aciurgist's Blade,Weapon (glaive),Yes-Paladin,,GSB,,,,,,,,,,,,,,,,,,,,,
Covolt Scythe,Weapon (glaive),Yes,,GSB,,,,,,,,,,,,,,,,,,,,,
Glaive of the Forest,Weapon (glaive),Yes,,GSB,,,,,,,,,,,,,,,,,,,,,
Hellish Reaper,Weapon (glaive),Yes,,GSB,,,,,,,,,,,,,,,,,,,,,
Knights Standard of Virtue,Weapon (glaive),Yes,,GSB,,,,,,,,,,,,,,,,,,,,,
Rime of the Justicar,Weapon (glaive),Yes,,GSB,,,,,,,,,,,,,,,,,,,,,
Wavebenders Leiomano,Weapon (glaive),No,,GSB,,,,,,,,,,,,,,,,,,,,,
Chromatic Obsidian Greataxe,Weapon (greataxe),Yes,,GSB,,,,,,,,,,,,,,,,,,,,,
Giantcraft Ambusher,Weapon (greataxe),Yes,,GSB,,,,,,,,,,,,,,,,,,,,,
Grave Digger,Weapon (greataxe),Yes,,GSB,,,,,,,,,,,,,,,,,,,,,
Jotun Frostcleaver,Weapon (greataxe),Yes,,GSB,,,,,,,,,,,,,,,,,,,,,
Tyrannosaurus Rax,Weapon (greataxe),Yes,,GSB,,,,,,,,,,,,,,,,,,,,,
Greatstone's Grasp,Weapon (greatclub),No,,GSB,,,,,,,,,,,,,,,,,,,,,
Stalagmight Geode,Weapon (greatclub),No,,GSB,,,,,,,,,,,,,,,,,,,,,
Candleflame Claymore,Weapon (greatsword),No,,GSB,,,,,,,,,,,,,,,,,,,,,
Festerwood Claymore,Weapon (greatsword),No,,GSB,,,,,,,,,,,,,,,,,,,,,
King Crab Claymore,Weapon (greatsword),Yes,,GSB,,,,,,,,,,,,,,,,,,,,,
Seadevil's Fang,Weapon (greatsword),No,,GSB,,,,,,,,,,,,,,,,,,,,,
Wyvernwing,Weapon (greatsword),No,,GSB,,,,,,,,,,,,,,,,,,,,,
Death Knell,Weapon (halberd),Yes,,GSB,,,,,,,,,,,,,,,,,,,,,
Halberd of the Peacock,Weapon (halberd),Yes,,GSB,,,,,,,,,,,,,,,,,,,,,
Harrier's Halberd,Weapon (halberd),Yes,,GSB,,,,,,,,,,,,,,,,,,,,,
Knights Standard of Valor,Weapon (halberd),Yes,,GSB,,,,,,,,,,,,,,,,,,,,,
Prototype Thunderberd,Weapon (halberd),Yes,,GSB,,,,,,,,,,,,,,,,,,,,,
Dusk Cleaver,Weapon (handaxe),No,,GSB,,,,,,,,,,,,,,,,,,,,,
Meteoric Javelin,Weapon (javelin),No,,GSB,,,,,,,,,,,,,,,,,,,,,
Cannonlance,Weapon (lance),No,,GSB,,,,,,,,,,,,,,,,,,,,,
Drill Lance,Weapon (lance),Yes,,GSB,,,,,,,,,,,,,,,,,,,,,
Steel Hawk Elite Lance,Weapon (lance),No,,GSB,,,,,,,,,,,,,,,,,,,,,
Reap and Sew,Weapon (light crossbow),Yes,,GSB,,,,,,,,,,,,,,,,,,,,,
Master Machinists Marvelous Mallet,Weapon (light hammer),Yes,,GSB,,,,,,,,,,,,,,,,,,,,,
Polaris Magistrate Gavel,Weapon (light hammer),Yes-Lawful Aligned,,GSB,,,,,,,,,,,,,,,,,,,,,
Quake Hammer,Weapon (light hammer),Yes,,GSB,,,,,,,,,,,,,,,,,,,,,
Starmetal Striker,Weapon (light hammer),Yes,,GSB,,,,,,,,,,,,,,,,,,,,,
Bow of the Elk Hunter,Weapon (longbow),Yes,,GSB,,,,,,,,,,,,,,,,,,,,,
Champion's Greatbow,Weapon (longbow),No,,GSB,,,,,,,,,,,,,,,,,,,,,
Killskull Longbow of Dread,Weapon (longbow),Yes,,GSB,,,,,,,,,,,,,,,,,,,,,
Redeemer's Regards,Weapon (longbow),Yes-Paladin,,GSB,,,,,,,,,,,,,,,,,,,,,
Screaming Longbow,Weapon (longbow),Yes,,GSB,,,,,,,,,,,,,,,,,,,,,
Gentleman's Saber,Weapon (longsword or scimitar),Yes,,GSB,,,,,,,,,,,,,,,,,,,,,
Silver Dragon Katana,Weapon (longsword),No,,GSB,,,,,,,,,,,,,,,,,,,,,
Silver Lily,Weapon (longsword),Yes,,GSB,,,,,,,,,,,,,,,,,,,,,
Sword of Resonance,Weapon (longsword),Yes-Bard,,GSB,,,,,,,,,,,,,,,,,,,,,
Viper's Katana,Weapon (longsword),Yes,,GSB,,,,,,,,,,,,,,,,,,,,,
Mace of Vampire Slaying,Weapon (mace or morningstar),No,,GSB,,,,,,,,,,,,,,,,,,,,,
Dawn and Dusk,Weapon (mace or sickle),No,,GSB,,,,,,,,,,,,,,,,,,,,,
Battlechef's Heated Skillet,Weapon (mace),No,,GSB,,,,,,,,,,,,,,,,,,,,,
Lifeburst,Weapon (mace),"Yes-Cleric, Paladin",,GSB,,,,,,,,,,,,,,,,,,,,,
Mace of the Priest,Weapon (mace),Yes-Cleric,,GSB,,,,,,,,,,,,,,,,,,,,,
Toadstool Mace,Weapon (mace),Yes,,GSB,,,,,,,,,,,,,,,,,,,,,
Crashing Tide Hammer,Weapon (maul or warhammer),Yes,,GSB,,,,,,,,,,,,,,,,,,,,,
Battlebrew Maul,Weapon (maul),No,,GSB,,,,,,,,,,,,,,,,,,,,,
Focus Breaker,Weapon (maul),Yes,,GSB,,,,,,,,,,,,,,,,,,,,,
Hammer of the Ram,Weapon (maul),Yes,,GSB,,,,,,,,,,,,,,,,,,,,,
Ironleaf Maul of Entanglement,Weapon (maul),Yes,,GSB,,,,,,,,,,,,,,,,,,,,,
Maul of the Guiding Star,Weapon (maul),Yes,,GSB,,,,,,,,,,,,,,,,,,,,,
Moonfallen Maul,Weapon (maul),No,,GSB,,,,,,,,,,,,,,,,,,,,,
Radiant Defender,Weapon (maul),Yes,,GSB,,,,,,,,,,,,,,,,,,,,,
Covolt Star,Weapon (morningstar),No,,GSB,,,,,,,,,,,,,,,,,,,,,
Dawnbringer,Weapon (morningstar),Yes,,GSB,,,,,,,,,,,,,,,,,,,,,
Iron Rose,Weapon (morningstar),Yes,,GSB,,,,,,,,,,,,,,,,,,,,,
Mourningsteel Exlipse,Weapon (morningstar),No,,GSB,,,,,,,,,,,,,,,,,,,,,
Bolt Rifle,Weapon (musket),Yes,,GSB,,,,,,,,,,,,,,,,,,,,,
Demolitionist's Musket,Weapon (musket),No,,GSB,,,,,,,,,,,,,,,,,,,,,
Rifle of Gusts,Weapon (musket),Yes,,GSB,,,,,,,,,,,,,,,,,,,,,
Serpent Rifle,Weapon (musket),No,,GSB,,,,,,,,,,,,,,,,,,,,,
Galvanic Steelsnare,Weapon (net),No,,GSB,,,,,,,,,,,,,,,,,,,,,
Knights Standard of Vigor,Weapon (pike),Yes,,GSB,,,,,,,,,,,,,,,,,,,,,
Pike of the Iron Barricade,Weapon (pike),Yes,,GSB,,,,,,,,,,,,,,,,,,,,,
Solacesteel Requiem,Weapon (pike),Yes,,GSB,,,,,,,,,,,,,,,,,,,,,
Spirit Pike,Weapon (pike),Yes-Cleric,,GSB,,,,,,,,,,,,,,,,,,,,,
Night Hawk Slayer,Weapon (pistol or shortsword),Yes,,GSB,,,,,,,,,,,,,,,,,,,,,
Amethyst Revolver,Weapon (pistol),No,,GSB,,,,,,,,,,,,,,,,,,,,,
Twin Pistol of the Fuming Bull,Weapon (pistol),Yes,,GSB,,,,,,,,,,,,,,,,,,,,,
Rift Sheath,Weapon (quarterstaff or shortsword),Yes,,GSB,,,,,,,,,,,,,,,,,,,,,
Leeching Quarterstaff,Weapon (quarterstaff),Yes,,GSB,,,,,,,,,,,,,,,,,,,,,
Quarterstaff of the Elk,Weapon (quarterstaff),Yes,,GSB,,,,,,,,,,,,,,,,,,,,,
Stormstruck Staff,Weapon (quarterstaff),No,,GSB,,,,,,,,,,,,,,,,,,,,,
Wyvernblade,Weapon (rapier or shortsword),Yes,,GSB,,,,,,,,,,,,,,,,,,,,,
Cinnabar Rapier,Weapon (rapier),No,,GSB,,,,,,,,,,,,,,,,,,,,,
Doorway Rapier,Weapon (rapier),Yes,,GSB,,,,,,,,,,,,,,,,,,,,,
Lunar Rapier,Weapon (rapier),No,,GSB,,,,,,,,,,,,,,,,,,,,,
Medzo's Blade,Weapon (rapier),No,,GSB,,,,,,,,,,,,,,,,,,,,,
Mourningsteel Saber,Weapon (rapier),Yes,,GSB,,,,,,,,,,,,,,,,,,,,,
Rapier of the Black,Weapon (rapier),No,,GSB,,,,,,,,,,,,,,,,,,,,,
Relentless Stinger,Weapon (rapier),No,,GSB,,,,,,,,,,,,,,,,,,,,,
Sharp Tongue,Weapon (rapier),Yes-Bard,,GSB,,,,,,,,,,,,,,,,,,,,,
String Blade,Weapon (rapier),No,,GSB,,,,,,,,,,,,,,,,,,,,,
Beetle Blades,Weapon (scimitar),Yes,,GSB,,,,,,,,,,,,,,,,,,,,,
Dream Saber,Weapon (scimitar),Yes,,GSB,,,,,,,,,,,,,,,,,,,,,
Lightning Khopesh,Weapon (scimitar),No,,GSB,,,,,,,,,,,,,,,,,,,,,
Mirrorlight Edge,Weapon (scimitar),Yes,,GSB,,,,,,,,,,,,,,,,,,,,,
Scimitar of Flames,Weapon (scimitar),No,,GSB,,,,,,,,,,,,,,,,,,,,,
Scimitar of the Swarm,Weapon (scimitar),Yes,,GSB,,,,,,,,,,,,,,,,,,,,,
Spirit Sheath,Weapon (Scimitar),Yes-Wis 13,,GSB,,,,,,,,,,,,,,,,,,,,,
Urnblade,Weapon (scimitar),Yes,,GSB,,,,,,,,,,,,,,,,,,,,,
Viper Khopesh,Weapon (scimitar),No,,GSB,,,,,,,,,,,,,,,,,,,,,
Air Render,Weapon (shortbow),Yes,,GSB,,,,,,,,,,,,,,,,,,,,,
Bow of Mind Thievery,Weapon (shortbow),Yes,,GSB,,,,,,,,,,,,,,,,,,,,,
Bow of Tentacles,Weapon (shortbow),Yes,,GSB,,,,,,,,,,,,,,,,,,,,,
Bow of the Eldritch Archer,Weapon (shortbow),Yes,,GSB,,,,,,,,,,,,,,,,,,,,,
Splintershot,Weapon (shortbow),No,,GSB,,,,,,,,,,,,,,,,,,,,,
Twin Heartstring Bow,Weapon (shortbow),Yes,,GSB,,,,,,,,,,,,,,,,,,,,,
Wyrmshide Bow,Weapon (shortbow),No,,GSB,,,,,,,,,,,,,,,,,,,,,
Martial Spatha,Weapon (shortsword),"Yes-Barbarian, Fighter, Monk, Rogue",,GSB,,,,,,,,,,,,,,,,,,,,,
Companion Sickles,Weapon (sickle),Yes,,GSB,,,,,,,,,,,,,,,,,,,,,
Giant Captain's Hook,Weapon (sickle),No,,GSB,,,,,,,,,,,,,,,,,,,,,
Magpie Kusarigama,Weapon (sickle),No,,GSB,,,,,,,,,,,,,,,,,,,,,
Magpie Kusarigama,Weapon (sickle),No,,GSB,,,,,,,,,,,,,,,,,,,,,
Sickle of Cunning,Weapon (sickle),No,,GSB,,,,,,,,,,,,,,,,,,,,,
Sickle of the Golden Ibis,Weapon (sickle),Yes,,GSB,,,,,,,,,,,,,,,,,,,,,
Sickle of the Sphinx,Weapon (sickle),Yes-Int 13,,GSB,,,,,,,,,,,,,,,,,,,,,
Storm Sickle,Weapon (sickle),No,,GSB,,,,,,,,,,,,,,,,,,,,,
Pennypuncher Slingshot,Weapon (sling),No,,GSB,,,,,,,,,,,,,,,,,,,,,
Sling of the Tiny Giant,Weapon (sling),No,,GSB,,,,,,,,,,,,,,,,,,,,,
Blackthorn Spear of the Moonless Hunter,Weapon (spear),No,,GSB,,,,,,,,,,,,,,,,,,,,,
Boneash Spear,Weapon (spear),Yes,,GSB,,,,,,,,,,,,,,,,,,,,,
Failed Purity Spear,Weapon (spear),Yes,,GSB,,,,,,,,,,,,,,,,,,,,,
Fulgurite Spear,Weapon (spear),No,,GSB,,,,,,,,,,,,,,,,,,,,,
Peregrine Spear,Weapon (spear),No,,GSB,,,,,,,,,,,,,,,,,,,,,
Sky Anchor,Weapon (spear),No,,GSB,,,,,,,,,,,,,,,,,,,,,
Splintering Spear,Weapon (spear),Yes,,GSB,,,,,,,,,,,,,,,,,,,,,
Splintering Spear,Weapon (spear),Yes,,GSB,,,,,,,,,,,,,,,,,,,,,
Starmetal Shard Spear,Weapon (spear),Yes,,GSB,,,,,,,,,,,,,,,,,,,,,
Steam Harpoon,Weapon (spear),No,,GSB,,,,,,,,,,,,,,,,,,,,,
Wardancer's Spear,Weapon (spear),No,,GSB,,,,,,,,,,,,,,,,,,,,,
Spellsword,Weapon (sword),No,,GSB,,,,,,,,,,,,,,,,,,,,,
Bloodshard Trident,Weapon (trident),Yes,,GSB,,,,,,,,,,,,,,,,,,,,,
Eldritch Bident,Weapon (trident),Yes,,GSB,,,,,,,,,,,,,,,,,,,,,
Frost Giant Fork,Weapon (trident),Yes,,GSB,,,,,,,,,,,,,,,,,,,,,
Tidesplitter,Weapon (trident),Yes,,GSB,,,,,,,,,,,,,,,,,,,,,
Trident of the Hydra,Weapon (trident),No,,GSB,,,,,,,,,,,,,,,,,,,,,
Trifrost Trident,Weapon (trident),Yes,,GSB,,,,,,,,,,,,,,,,,,,,,
Trifrost Trident,Weapon (trident),Yes,,GSB,,,,,,,,,,,,,,,,,,,,,
Direstone Dwarven Pick,Weapon (war pick),Yes-Dwarf,,GSB,,,,,,,,,,,,,,,,,,,,,
Fight Picker,Weapon (war pick),Yes,,GSB,,,,,,,,,,,,,,,,,,,,,
Gorgon War Pick,Weapon (war pick),Yes,,GSB,,,,,,,,,,,,,,,,,,,,,
Magma War Pick,Weapon (war pick),No,,GSB,,,,,,,,,,,,,,,,,,,,,
Shipwrecker,Weapon (war pick),Yes,,GSB,,,,,,,,,,,,,,,,,,,,,
War Pick of Backstabbing,Weapon (war pick),Yes,,GSB,,,,,,,,,,,,,,,,,,,,,
Forgefire Hammer,Weapon (warhammer),Yes,,GSB,,,,,,,,,,,,,,,,,,,,,
Warhammer of Eruptions,Weapon (warhammer),Yes,,GSB,,,,,,,,,,,,,,,,,,,,,
Coldsnap,Weapon (whip),Yes,,GSB,,,,,,,,,,,,,,,,,,,,,
Couatl Heralds Lash,Weapon (whip),Yes-Good Aligned,,GSB,,,,,,,,,,,,,,,,,,,,,
Jinxed Yarn,Weapon (whip),Yes,,GSB,,,,,,,,,,,,,,,,,,,,,
Lash of the Spelldrinker,Weapon (whip),Yes-Spellcaster,,GSB,,,,,,,,,,,,,,,,,,,,,
Leeching Lash,Weapon (whip),Yes,,GSB,,,,,,,,,,,,,,,,,,,,,
Scarlet Scourge,Weapon (whip),Yes,,GSB,,,,,,,,,,,,,,,,,,,,,
Abjurer's Ward,Wondrous Item,No,,GSB,,,,,,,,,,,,,,,,,,,,,
Adventurer's Overcoat,Wondrous Item,Yes,,GSB,,,,,,,,,,,,,,,,,,,,,
Alchemist's Firethrower,Wondrous Item,No,,GSB,,,,,,,,,,,,,,,,,,,,,
Amulet of Divine Protection,Wondrous Item,"Yes-Cleric, Paladin",,GSB,,,,,,,,,,,,,,,,,,,,,
Amulet of Ideals,Wondrous Item,"Yes-Cleric, Paladin",,GSB,,,,,,,,,,,,,,,,,,,,,
Amulet of Immutability,Wondrous Item,Yes,,GSB,,,,,,,,,,,,,,,,,,,,,
Amulet of Initiative,Wondrous Item,Yes,,GSB,,,,,,,,,,,,,,,,,,,,,
Amulet of the Lycanthrope,Wondrous Item,Yes,,GSB,,,,,,,,,,,,,,,,,,,,,
Amulet of the Sentinel,Wondrous Item,Yes,,GSB,,,,,,,,,,,,,,,,,,,,,
Appraiser's Eye,Wondrous Item,Yes-Missing an Eye,,GSB,,,,,,,,,,,,,,,,,,,,,
Arcanist Gauntlets,Wondrous Item,Yes-Spellcaster,,GSB,,,,,,,,,,,,,,,,,,,,,
Arcanist's Belt of Resiliency,Wondrous Item,Yes,,GSB,,,,,,,,,,,,,,,,,,,,,
Arcanist's Lens,Wondrous Item,No,,GSB,,,,,,,,,,,,,,,,,,,,,
Ashen Bloom,Wondrous Item,No,,GSB,,,,,,,,,,,,,,,,,,,,,
Astral Caltrops,Wondrous Item,No,,GSB,,,,,,,,,,,,,,,,,,,,,
Avian Circlet,Wondrous Item,No,,GSB,,,,,,,,,,,,,,,,,,,,,
Badge of the Selfless,Wondrous item,Yes,,GSB,,,,,,,,,,,,,,,,,,,,,
Badge of the Wayfarer,Wondrous Item,No,,GSB,,,,,,,,,,,,,,,,,,,,,
Bag of Magic Blocks,Wondrous Item,No,,GSB,,,,,,,,,,,,,,,,,,,,,
Bandolier of the Elements,Wondrous Item,Yes,,GSB,,,,,,,,,,,,,,,,,,,,,
Bangle of the Arcane Assassin,Wondrous Item,Yes-Spellcaster,,GSB,,,,,,,,,,,,,,,,,,,,,
Bangle of the Starlight Raven,Wondrous Item,Yes,,GSB,,,,,,,,,,,,,,,,,,,,,
Barbed Bowstring,Wondrous item,No,,GSB,,,,,,,,,,,,,,,,,,,,,
Bartender's Armistice,Wondrous Item,No,,GSB,,,,,,,,,,,,,,,,,,,,,
Bascos Handy Bangle,Wondrous Item,No,,GSB,,,,,,,,,,,,,,,,,,,,,
Battle Dancer Garb,Wondrous Item,Yes,,GSB,,,,,,,,,,,,,,,,,,,,,
Beads of Meditation,Wondrous Item,Yes,,GSB,,,,,,,,,,,,,,,,,,,,,
Bell of Pspspsp,Wondrous Item,Yes,,GSB,,,,,,,,,,,,,,,,,,,,,
Belt of Orion,Wondrous Item,Yes,,GSB,,,,,,,,,,,,,,,,,,,,,
Belt of the Hell Hound,Wondrous Item,Yes,,GSB,,,,,,,,,,,,,,,,,,,,,
Belt of the Raid Leader,Wondrous Item,"Yes-Orc, Half Orc",,GSB,,,,,,,,,,,,,,,,,,,,,
Bewitching Brush,Wondrous Item,No,,GSB,,,,,,,,,,,,,,,,,,,,,
Black Pudding Power Bomb,Wondrous Item,No,,GSB,,,,,,,,,,,,,,,,,,,,,
Blizzard Sphere,Wondrous Item,No,,GSB,,,,,,,,,,,,,,,,,,,,,
Boots of the Yeti,Wondrous Item,Yes,,GSB,,,,,,,,,,,,,,,,,,,,,
Bounder's Ball,Wondrous Item,No,,GSB,,,,,,,,,,,,,,,,,,,,,
Bracelet of the Shattered Aegis,Wondrous Item,Yes-Spellcaster,,GSB,,,,,,,,,,,,,,,,,,,,,
Bracers of Nature's Grip,Wondrous Item,Yes,,GSB,,,,,,,,,,,,,,,,,,,,,
Bracers of Sharpened Wit,Wondrous item,Yes,,GSB,,,,,,,,,,,,,,,,,,,,,
Bracers of the Iron Octopus,Wondrous Item,Yes,,GSB,,,,,,,,,,,,,,,,,,,,,
Bracers of the Sahuagin,Wondrous item,No,,GSB,,,,,,,,,,,,,,,,,,,,,
Brazier of Holy Flame,Wondrous Item,Yes-Cleric,,GSB,,,,,,,,,,,,,,,,,,,,,
Brooch of Many Sizes,Wondrous Item,No,,GSB,,,,,,,,,,,,,,,,,,,,,
Candlecoven Censer,Wondrous Item,Yes-Spellcaster,,GSB,,,,,,,,,,,,,,,,,,,,,
Celestial Tome of Healing,Wondrous Item,Yes-Wizard,,GSB,,,,,,,,,,,,,,,,,,,,,
Censer Chime,Wondrous Item,No,,GSB,,,,,,,,,,,,,,,,,,,,,
Cerberus Whistle,Wondrous Item,No,,GSB,,,,,,,,,,,,,,,,,,,,,
Chain Devil Gloves,Wondrous Item,No,,GSB,,,,,,,,,,,,,,,,,,,,,
Chimeric Collar,Wondrous Item,No,,GSB,,,,,,,,,,,,,,,,,,,,,
Choker of Venomous Words,Wondrous item,"Yes-Bard, Cleric, Druid",,GSB,,,,,,,,,,,,,,,,,,,,,
Chromatic Obsidian Orb,Wondrous Item,Yes-Spellcaster,,GSB,,,,,,,,,,,,,,,,,,,,,
Clangor Helmet,Wondrous Item,Yes,,GSB,,,,,,,,,,,,,,,,,,,,,
Claws of Ursine Fury,Wondrous Item,Yes-Barbarian,,GSB,,,,,,,,,,,,,,,,,,,,,
Cloak of Boundless Spirit,Wondrous Item,Yes,,GSB,,,,,,,,,,,,,,,,,,,,,
Cloak of the Djinni,Wondrous Item,Yes,,GSB,,,,,,,,,,,,,,,,,,,,,
Cloak of the Protector's Charge,Wondrous Item,Yes,,GSB,,,,,,,,,,,,,,,,,,,,,
Clockwork Colony Toolbox,Wondrous Item,No,,GSB,,,,,,,,,,,,,,,,,,,,,
Clockwork Healerbee,Wondrous Item,Yes,,GSB,,,,,,,,,,,,,,,,,,,,,
Clockwork Spyder,Wondrous Item,Yes,,GSB,,,,,,,,,,,,,,,,,,,,,
Clockwork Syrisquito,Wondrous Item,Yes,,GSB,,,,,,,,,,,,,,,,,,,,,
Coldfire Anvil,Wondrous Item,No,,GSB,,,,,,,,,,,,,,,,,,,,,
Conch of Water Communion,Wondrous item,No,,GSB,,,,,,,,,,,,,,,,,,,,,
Conspirator's Coat,Wondrous Item,Yes,,GSB,,,,,,,,,,,,,,,,,,,,,
Cottage Chest,Wondrous Item,No,,GSB,,,,,,,,,,,,,,,,,,,,,
Courier's Cap,Wondrous Item,Yes,,GSB,,,,,,,,,,,,,,,,,,,,,
Cranial Cradle,Wondrous Item,Yes,,GSB,,,,,,,,,,,,,,,,,,,,,
Crash and Burn,Wondrous Item,Yes,,GSB,,,,,,,,,,,,,,,,,,,,,
Crown of the Mindmaster Matriarch,Wondrous Item,Yes-Wizard,,GSB,,,,,,,,,,,,,,,,,,,,,
Crystal Ball of Farsight,Wondrous Item,Yes,,GSB,,,,,,,,,,,,,,,,,,,,,
Cube of Teleportation,Wondrous Item,No,,GSB,,,,,,,,,,,,,,,,,,,,,
Dead Ringer,Wondrous Item,No,,GSB,,,,,,,,,,,,,,,,,,,,,
Deathloop Watch,Wondrous Item,Yes,,GSB,,,,,,,,,,,,,,,,,,,,,
Deck of Dragons,Wondrous Item,Yes,,GSB,,,,,,,,,,,,,,,,,,,,,
Departed Helm,Wondrous Item,Yes,,GSB,,,,,,,,,,,,,,,,,,,,,
Detective's Monocle,Wondrous Item,Yes,,GSB,,,,,,,,,,,,,,,,,,,,,
Devil-Beating Brush,Wondrous Item,No,,GSB,,,,,,,,,,,,,,,,,,,,,
Devil's Golden Fiddle,Wondrous Item,Yes,,GSB,,,,,,,,,,,,,,,,,,,,,
Discharge Gauntlets,Wondrous Item,No,,GSB,,,,,,,,,,,,,,,,,,,,,
Diviner's Dice,Wondrous Item,Yes,,GSB,,,,,,,,,,,,,,,,,,,,,
Doom Bloom,Wondrous Item,No,,GSB,,,,,,,,,,,,,,,,,,,,,
Draconic Powder Horn,Wondrous Item,No,,GSB,,,,,,,,,,,,,,,,,,,,,
Dragon Snugglebeast,Wondrous Item,No,,GSB,,,,,,,,,,,,,,,,,,,,,
Dragon Turtle Gumbo,Wondrous Item,No,,GSB,,,,,,,,,,,,,,,,,,,,,
Dragonband,Wondrous Item,No,,GSB,,,,,,,,,,,,,,,,,,,,,
Dragonscale Whetstone,Wondrous Item,No,,GSB,,,,,,,,,,,,,,,,,,,,,
Dress of Defense,Wondrous Item,No,,GSB,,,,,,,,,,,,,,,,,,,,,
Dryad's Key,Wondrous Item,No,,GSB,,,,,,,,,,,,,,,,,,,,,
Dune Cowl,Wondrous Item,No,,GSB,,,,,,,,,,,,,,,,,,,,,
Dwarven Boozehound's Backpack,Wondrous Item,No,,GSB,,,,,,,,,,,,,,,,,,,,,
Eldritch Scarf,Wondrous Item,No,,GSB,,,,,,,,,,,,,,,,,,,,,
Electric Gittern,Wondrous Item,No,,GSB,,,,,,,,,,,,,,,,,,,,,
Emberlit Boots,Wondrous Item,Yes,,GSB,,,,,,,,,,,,,,,,,,,,,
Encyclopedia Creature Obscura,Wondrous Item,No,,GSB,,,,,,,,,,,,,,,,,,,,,
Espionage Deck,Wondrous Item,No,,GSB,,,,,,,,,,,,,,,,,,,,,
Ethereal Zipper Charm,Wondrous Item,No,,GSB,,,,,,,,,,,,,,,,,,,,,
Everglacier Prosthesis,Wondrous Item,Yes-Missing a Limb,,GSB,,,,,,,,,,,,,,,,,,,,,
Eye of Dendallen,Wondrous Item,Yes,,GSB,,,,,,,,,,,,,,,,,,,,,
Faithful Hound's Toy,Wondrous Item,Yes,,GSB,,,,,,,,,,,,,,,,,,,,,
Fang Keeper,Wondrous Item,Yes,,GSB,,,,,,,,,,,,,,,,,,,,,
Ferrymans Take,Wondrous Item,No,,GSB,,,,,,,,,,,,,,,,,,,,,
Festerwood Vizard,Wondrous Item,Yes,,GSB,,,,,,,,,,,,,,,,,,,,,
Fey Wanderer's Cloak,Wondrous item,Yes,,GSB,,,,,,,,,,,,,,,,,,,,,
Field Healers Pauldron,Wondrous Item,Yes,,GSB,,,,,,,,,,,,,,,,,,,,,
Fire Dervish Cloak,Wondrous Item,Yes,,GSB,,,,,,,,,,,,,,,,,,,,,
Foldable Pet,Wondrous Item,No,,GSB,,,,,,,,,,,,,,,,,,,,,
Fool's Mantle,Wondrous Item,Yes,,GSB,,,,,,,,,,,,,,,,,,,,,
Force Gauntlet,Wondrous Item,Yes,,GSB,,,,,,,,,,,,,,,,,,,,,
Force Safe,Wondrous Item,No,,GSB,,,,,,,,,,,,,,,,,,,,,
Frostfell Cloak,Wondrous Item,Yes,,GSB,,,,,,,,,,,,,,,,,,,,,
Game Changer's Eye,Wondrous Item,Yes-Missing an Eye,,GSB,,,,,,,,,,,,,,,,,,,,,
Gauntlets of Eldritch Ferocity,Wondrous Item,Yes-Warlock,,GSB,,,,,,,,,,,,,,,,,,,,,
Gauntlets of Grace,Wondrous item,Yes-Paladin,,GSB,,,,,,,,,,,,,,,,,,,,,
Gauntlets of the Midnight Leopard,Wondrous Item,Yes,,GSB,,,,,,,,,,,,,,,,,,,,,
Gauntlets of the Storm Sailor,Wondrous Item,Yes,,GSB,,,,,,,,,,,,,,,,,,,,,
Gemini Mask,Wondrous Item,Yes,,GSB,,,,,,,,,,,,,,,,,,,,,
Gi of Shifting Seasons,Wondrous Item,Yes-Monk,,GSB,,,,,,,,,,,,,,,,,,,,,
Gibberbox,Wondrous Item,No,,GSB,,,,,,,,,,,,,,,,,,,,,
Gilded Ticket,Wondrous Item,No,,GSB,,,,,,,,,,,,,,,,,,,,,
Glove of the Aegis,Wondrous Item,Yes,,GSB,,,,,,,,,,,,,,,,,,,,,
Glove of the Grim Fandango,Wondrous Item,Yes-Bard,,GSB,,,,,,,,,,,,,,,,,,,,,
Gloves of Healing,Wondrous Item,No,,GSB,,,,,,,,,,,,,,,,,,,,,
Gloves of the Deft Duelist,Wondrous item,Yes,,GSB,,,,,,,,,,,,,,,,,,,,,
Gloves of the Gadgeteer,Wondrous item,No,,GSB,,,,,,,,,,,,,,,,,,,,,
Gloves of the Magpie,Wondrous Item,Yes,,GSB,,,,,,,,,,,,,,,,,,,,,
Golem Sapper,Wondrous Item,No,,GSB,,,,,,,,,,,,,,,,,,,,,
Gossiper's Ear Cuff,Wondrous Item,No,,GSB,,,,,,,,,,,,,,,,,,,,,
Grave Lotus Seed (Rare),Wondrous Item,No,,GSB,,,,,,,,,,,,,,,,,,,,,
Grave Trodders,Wondrous Item,Yes,,GSB,,,,,,,,,,,,,,,,,,,,,
Great Owl's Pocket Library,Wondrous Item,No,,GSB,,,,,,,,,,,,,,,,,,,,,
Greaves of Dendallen,Wondrous Item,Yes,,GSB,,,,,,,,,,,,,,,,,,,,,
Grimweaver's Shawl,Wondrous Item,Yes,,GSB,,,,,,,,,,,,,,,,,,,,,
Guard of the Valkyrie,Wondrous Item,Yes,,GSB,,,,,,,,,,,,,,,,,,,,,
Harp of Dragons,Wondrous Item,Yes-Bard,,GSB,,,,,,,,,,,,,,,,,,,,,
Hat of the Nimbus Mage,Wondrous Item,"Yes-Druid, Sorceror, Warlock, Wizard",,GSB,,,,,,,,,,,,,,,,,,,,,
Healer's Voice,Wondrous Item,No,,GSB,,,,,,,,,,,,,,,,,,,,,
Heavenly Chalice,Wondrous Item,No,,GSB,,,,,,,,,,,,,,,,,,,,,
Helm of Heroes,Wondrous Item,Yes,,GSB,,,,,,,,,,,,,,,,,,,,,
Helm of the Headless,Wondrous Item,Yes,,GSB,,,,,,,,,,,,,,,,,,,,,
Helm of the Minotaur,Wondrous item,Yes,,GSB,,,,,,,,,,,,,,,,,,,,,
Helm of the Ram,Wondrous Item,Yes,,GSB,,,,,,,,,,,,,,,,,,,,,
Hero's Goblet,Wondrous Item,No,,GSB,,,,,,,,,,,,,,,,,,,,,
Hidey Horse,Wondrous Item,No,,GSB,,,,,,,,,,,,,,,,,,,,,
Hoarder's Haul,Wondrous Item,No,,GSB,,,,,,,,,,,,,,,,,,,,,
Hobbystead,Wondrous Item,No,,GSB,,,,,,,,,,,,,,,,,,,,,
Homeroot,Wondrous Item,No,,GSB,,,,,,,,,,,,,,,,,,,,,
Homeward Boots,Wondrous Item,Yes,,GSB,,,,,,,,,,,,,,,,,,,,,
Horatio's Impossible Ship in a Bottle,Wondrous Item,No,,GSB,,,,,,,,,,,,,,,,,,,,,
Horn of Verdance,Wondrous Item,No,,GSB,,,,,,,,,,,,,,,,,,,,,
Hunter's Cup,Wondrous Item,No,,GSB,,,,,,,,,,,,,,,,,,,,,
Immovable Cat,Wondrous Item,No,,GSB,,,,,,,,,,,,,,,,,,,,,
Insatiable Tome,Wondrous Item,No,,GSB,,,,,,,,,,,,,,,,,,,,,
Jar of Lightningflies,Wondrous Item,No,,GSB,,,,,,,,,,,,,,,,,,,,,
Jotuns Jodhpurs,Wondrous Item,No,,GSB,,,,,,,,,,,,,,,,,,,,,
Kinetic Bowstring,Wondrous Item,No,,GSB,,,,,,,,,,,,,,,,,,,,,
Koi Regalia,Wondrous Item,Yes,,GSB,,,,,,,,,,,,,,,,,,,,,
Lamp of Moonlight,Wondrous Item,No,,GSB,,,,,,,,,,,,,,,,,,,,,
Lantern of the Frost Watch,Wondrous Item,No,,GSB,,,,,,,,,,,,,,,,,,,,,
Lazar's Magic Eye,Wondrous Item,Yes-Missing An Eye,,GSB,,,,,,,,,,,,,,,,,,,,,
Life's Flower Restorative,Wondrous Item,Yes-Missing a Limb,,GSB,,,,,,,,,,,,,,,,,,,,,
Lightning-Catching Bottle,Wondrous Item,No,,GSB,,,,,,,,,,,,,,,,,,,,,
Lightningcatcher Pauldron,Wondrous Item,Yes,,GSB,,,,,,,,,,,,,,,,,,,,,
Lightscreen Hover Boots,Wondrous Item,Yes,,GSB,,,,,,,,,,,,,,,,,,,,,
Lithic Stone Fruit,Wondrous item,No,,GSB,,,,,,,,,,,,,,,,,,,,,
Liulian's Hexsatchel,Wondrous Item,No,,GSB,,,,,,,,,,,,,,,,,,,,,
Living Wig,Wondrous Item,No,,GSB,,,,,,,,,,,,,,,,,,,,,
Lucky Horseshoes,Wondrous Item,No,,GSB,,,,,,,,,,,,,,,,,,,,,
Lunar Compass,Wondrous Item,No,,GSB,,,,,,,,,,,,,,,,,,,,,
Magecatcher Explosives,Wondrous Item,No,,GSB,,,,,,,,,,,,,,,,,,,,,
Mageplate Cap,Wondrous Item,"Yes-Wizard, Sorcerer",,GSB,,,,,,,,,,,,,,,,,,,,,
Mantis Mitts,Wondrous Item,Yes,,GSB,,,,,,,,,,,,,,,,,,,,,
Mantle of Adaptivity,Wondrous Item,Yes-Human,,GSB,,,,,,,,,,,,,,,,,,,,,
Mantle of Security,Wondrous Item,Yes,,GSB,,,,,,,,,,,,,,,,,,,,,
Mantle of the Mammoth,Wondrous Item,Yes,,GSB,,,,,,,,,,,,,,,,,,,,,
Mantle of the Pack Lord,Wondrous Item,No,,GSB,,,,,,,,,,,,,,,,,,,,,
Marksman's Cloak,Wondrous Item,Yes-Ranger,,GSB,,,,,,,,,,,,,,,,,,,,,
Mask of the Hawk,Wondrous Item,Yes,,GSB,,,,,,,,,,,,,,,,,,,,,
Medallion of Hypnosis,Wondrous Item,Yes,,GSB,,,,,,,,,,,,,,,,,,,,,
Medusan Lavalier,Wondrous Item,No,,GSB,,,,,,,,,,,,,,,,,,,,,
Monarch Mantle,Wondrous Item,Yes,,GSB,,,,,,,,,,,,,,,,,,,,,
Monocle of Clarity,Wondrous Item,No,,GSB,,,,,,,,,,,,,,,,,,,,,
Monstrous Mask,Wondrous Item,No,,GSB,,,,,,,,,,,,,,,,,,,,,
Moonlit Veil Candles,Wondrous Item,No,,GSB,,,,,,,,,,,,,,,,,,,,,
Moonstone Bracers,Wondrous Item,Yes,,GSB,,,,,,,,,,,,,,,,,,,,,
Mosshide Troll Belt,Wondrous Item,Yes,,GSB,,,,,,,,,,,,,,,,,,,,,
Mourningsteel Obol,Wondrous Item,No,,GSB,,,,,,,,,,,,,,,,,,,,,
Mourningsteel War Banner,Wondrous Item,No,,GSB,,,,,,,,,,,,,,,,,,,,,
Necrolace,Wondrous Item,Yes-Spellcaster,,GSB,,,,,,,,,,,,,,,,,,,,,
Necromancer's Lantern,Wondrous Item,"Yes-Warlock, Wizard",,GSB,,,,,,,,,,,,,,,,,,,,,
Nightmare Flask,Wondrous Item,No,,GSB,,,,,,,,,,,,,,,,,,,,,
Nightstalker's Mask,Wondrous Item,Yes,,GSB,,,,,,,,,,,,,,,,,,,,,
Orelia's Tome of Beast Familiars,Wondrous Item,Yes-Wizard,,GSB,,,,,,,,,,,,,,,,,,,,,
Pack Leader Helm,Wondrous Item,Yes,,GSB,,,,,,,,,,,,,,,,,,,,,
Pack of Revisibility Bombs,Wondrous Item,No,,GSB,,,,,,,,,,,,,,,,,,,,,
Pact Card,Wondrous Item,No,,GSB,,,,,,,,,,,,,,,,,,,,,
Peacock's Vanity,Wondrous Item,No,,GSB,,,,,,,,,,,,,,,,,,,,,
Pearl of Wisdom Quiver,Wondrous Item,Yes,,GSB,,,,,,,,,,,,,,,,,,,,,
Periapt of Reflection,Wondrous Item,Yes,,GSB,,,,,,,,,,,,,,,,,,,,,
Phoenix Fan,Wondrous Item,No,,GSB,,,,,,,,,,,,,,,,,,,,,
Pitcher of Wisdom,Wondrous Item,No,,GSB,,,,,,,,,,,,,,,,,,,,,
Plaguebane Mask,Wondrous Item,No,,GSB,,,,,,,,,,,,,,,,,,,,,
Polaris Magistrate Codex,Wondrous Item,Yes-Lawful Aligned,,GSB,,,,,,,,,,,,,,,,,,,,,
Polaris Magistrate Robe,Wondrous Item,Yes-Lawful Aligned,,GSB,,,,,,,,,,,,,,,,,,,,,
Potion of Dragon's Breath,Wondrous Item,No,,GSB,,,,,,,,,,,,,,,,,,,,,
Power Collar,Wondrous Item,No,,GSB,,,,,,,,,,,,,,,,,,,,,
Powergem Pommel,Wondrous Item,Yes,,GSB,,,,,,,,,,,,,,,,,,,,,
Prism Lantern,Wondrous Item,No,,GSB,,,,,,,,,,,,,,,,,,,,,
Prized Pet Protector,Wondrous Item,No,,GSB,,,,,,,,,,,,,,,,,,,,,
Psychic Lock,Wondrous Item,No,,GSB,,,,,,,,,,,,,,,,,,,,,
Psychic Quiver,Wondrous Item,Yes-Int 13,,GSB,,,,,,,,,,,,,,,,,,,,,
Purse Piglet,Wondrous Item,No,,GSB,,,,,,,,,,,,,,,,,,,,,
Quiver of Lightning,Wondrous Item,Yes,,GSB,,,,,,,,,,,,,,,,,,,,,
Quiver of Seasons,Wondrous Item,No,,GSB,,,,,,,,,,,,,,,,,,,,,
Redsmith Bracers,Wondrous Item,Yes,,GSB,,,,,,,,,,,,,,,,,,,,,
Rimewhisp Bandolier,Wondrous Item,No,,GSB,,,,,,,,,,,,,,,,,,,,,
Robe of Cunning,Wondrous Item,Yes,,GSB,,,,,,,,,,,,,,,,,,,,,
Robe of the Sunless,Wondrous Item,Yes,,GSB,,,,,,,,,,,,,,,,,,,,,
Royal Engineers Greatcoat,Wondrous Item,No,,GSB,,,,,,,,,,,,,,,,,,,,,
Salamander Flame Gauntlets,Wondrous Item,Yes,,GSB,,,,,,,,,,,,,,,,,,,,,
Sandstorm Dancer,Wondrous Item,Yes,,GSB,,,,,,,,,,,,,,,,,,,,,
Sash of Sorcerous Synergy,Wondrous Item,Yes-Sorcerer,,GSB,,,,,,,,,,,,,,,,,,,,,
Scapular of the Ankylosaur,Wondrous Item,No,,GSB,,,,,,,,,,,,,,,,,,,,,
Scapular of the Ankylosaur,Wondrous item,No,,GSB,,,,,,,,,,,,,,,,,,,,,
Scarf of Snow's Sanctum,Wondrous Item,Yes,,GSB,,,,,,,,,,,,,,,,,,,,,
Scholars Cap,Wondrous Item,Yes,,GSB,,,,,,,,,,,,,,,,,,,,,
Sending Slates,Wondrous Item,No,,GSB,,,,,,,,,,,,,,,,,,,,,
Set of Secret Scribe Candles,Wondrous Item,No,,GSB,,,,,,,,,,,,,,,,,,,,,
Sewer Token,Wondrous item,No,,GSB,,,,,,,,,,,,,,,,,,,,,
Shadow Tag,Wondrous Item,No,,GSB,,,,,,,,,,,,,,,,,,,,,
Shadowshawl,Wondrous Item,No,,GSB,,,,,,,,,,,,,,,,,,,,,
Shadowsmoke Dragon Pipe,Wondrous Item,No,,GSB,,,,,,,,,,,,,,,,,,,,,
Shambling Cloak of the Marshwarden,Wondrous Item,Yes,,GSB,,,,,,,,,,,,,,,,,,,,,
Shamisen of the Changing Winds,Wondrous Item,Yes-Bard,,GSB,,,,,,,,,,,,,,,,,,,,,
Shared Burden,Wondrous Item,Yes-Warlock,,GSB,,,,,,,,,,,,,,,,,,,,,
Sharkrazor Mantle,Wondrous Item,Yes,,GSB,,,,,,,,,,,,,,,,,,,,,
Shellback Carriage,Wondrous Item,No,,GSB,,,,,,,,,,,,,,,,,,,,,
Shrieking Chalk,Wondrous Item,No,,GSB,,,,,,,,,,,,,,,,,,,,,
Shroud of the Unburied,Wondrous Item,No,,GSB,,,,,,,,,,,,,,,,,,,,,
Shrouded Boots,Wondrous Item,Yes,,GSB,,,,,,,,,,,,,,,,,,,,,
Silvercloud Bomb,Wondrous Item,No,,GSB,,,,,,,,,,,,,,,,,,,,,
Skelekey,Wondrous Item,No,,GSB,,,,,,,,,,,,,,,,,,,,,
Skulldugger's Spade,Wondrous Item,No,,GSB,,,,,,,,,,,,,,,,,,,,,
Snail Hennin,Wondrous item,Yes-Spellcaster,,GSB,,,,,,,,,,,,,,,,,,,,,
Snaketongue Suckers,Wondrous Item,No,,GSB,,,,,,,,,,,,,,,,,,,,,
Snowstar Scarf,Wondrous Item,Yes,,GSB,,,,,,,,,,,,,,,,,,,,,
Solaris Orchid,Wondrous Item,No,,GSB,,,,,,,,,,,,,,,,,,,,,
Soul Pendant,Wondrous Item,Yes,,GSB,,,,,,,,,,,,,,,,,,,,,
Sovereignseed Satchel,Wondrous Item,No,,GSB,,,,,,,,,,,,,,,,,,,,,
Spellblade's Scabbard,Wondrous Item,Yes,,GSB,,,,,,,,,,,,,,,,,,,,,
Spellwriter's Brace,Wondrous Item,Yes-Wizard,,GSB,,,,,,,,,,,,,,,,,,,,,
Starmetal Circlet,Wondrous Item,Yes,,GSB,,,,,,,,,,,,,,,,,,,,,
Starshot Circlet,Wondrous Item,Yes-Spellcaster,,GSB,,,,,,,,,,,,,,,,,,,,,
Static Sabatons,Wondrous Item,No,,GSB,,,,,,,,,,,,,,,,,,,,,
Steel Hawk Elite Helm,Wondrous Item,No,,GSB,,,,,,,,,,,,,,,,,,,,,
Stormbrewer Bracers,Wondrous Item,Yes,,GSB,,,,,,,,,,,,,,,,,,,,,
Submerged Reins,Wondrous Item,No,,GSB,,,,,,,,,,,,,,,,,,,,,
Sunfire,Wondrous Item,"Yes-Cleric, Paladin",,GSB,,,,,,,,,,,,,,,,,,,,,
Swallowtail Mantle,Wondrous Item,No,,GSB,,,,,,,,,,,,,,,,,,,,,
Tears of Failure,Wondrous Item,Yes-Spellcaster,,GSB,,,,,,,,,,,,,,,,,,,,,
Teleportation Circle Stamp,Wondrous Item,No,,GSB,,,,,,,,,,,,,,,,,,,,,
Tempest Griffon Bracer,Wondrous Item,Yes,,GSB,,,,,,,,,,,,,,,,,,,,,
Tengu Fan,Wondrous Item,No,,GSB,,,,,,,,,,,,,,,,,,,,,
Thalamus Thread,Wondrous Item,No,,GSB,,,,,,,,,,,,,,,,,,,,,
Throne of the Lion,Wondrous Item,No,,GSB,,,,,,,,,,,,,,,,,,,,,
Thunderbolt Quill,Wondrous Item,No,,GSB,,,,,,,,,,,,,,,,,,,,,
Timeshifters Mantle,Wondrous Item,No,,GSB,,,,,,,,,,,,,,,,,,,,,
Tome of the Dragon's Hoard,Wondrous Item,No,,GSB,,,,,,,,,,,,,,,,,,,,,
Tormented Mandolin,Wondrous item,Yes-Bard,,GSB,,,,,,,,,,,,,,,,,,,,,
Torrdok's Magnificent Forgery,Wondrous Item,No,,GSB,,,,,,,,,,,,,,,,,,,,,
Traitor's Gauntlet,Wondrous Item,Yes,,GSB,,,,,,,,,,,,,,,,,,,,,
Trickster's Mask,Wondrous Item,No,,GSB,,,,,,,,,,,,,,,,,,,,,
Trickster's Quiver,Wondrous Item,Yes,,GSB,,,,,,,,,,,,,,,,,,,,,
Tundra Beast Charms,Wondrous Item,No,,GSB,,,,,,,,,,,,,,,,,,,,,
Tundra Beast Charms,Wondrous item,No,,GSB,,,,,,,,,,,,,,,,,,,,,
Turtle Pack,Wondrous Item,No,,GSB,,,,,,,,,,,,,,,,,,,,,
Undertaker's Planchette,Wondrous Item,No,,GSB,,,,,,,,,,,,,,,,,,,,,
Unicorn Candle,Wondrous Item,No,,GSB,,,,,,,,,,,,,,,,,,,,,
Vagrant's Wrist Stiletto,Wondrous Item,No,,GSB,,,,,,,,,,,,,,,,,,,,,
Vampiric Helm,Wondrous Item,Yes,,GSB,,,,,,,,,,,,,,,,,,,,,
Vancian Helm,Wondrous Item,Yes,,GSB,,,,,,,,,,,,,,,,,,,,,
Vigilante's Mantle,Wondrous Item,Yes,,GSB,,,,,,,,,,,,,,,,,,,,,
Volcanic Ocarina,Wondrous Item,No,,GSB,,,,,,,,,,,,,,,,,,,,,
Voyage Collar,Wondrous Item,No,,GSB,,,,,,,,,,,,,,,,,,,,,
Wand Charging Station,Wondrous Item,No,,GSB,,,,,,,,,,,,,,,,,,,,,
Wanderdust,Wondrous item,No,,GSB,,,,,,,,,,,,,,,,,,,,,
Warhorn of the Bronze Dragon,Wondrous Item,No,,GSB,,,,,,,,,,,,,,,,,,,,,
Warp Anchor,Wondrous Item,No,,GSB,,,,,,,,,,,,,,,,,,,,,
Wayfinder Sphere,Wondrous Item,No,,GSB,,,,,,,,,,,,,,,,,,,,,
Widow's Tea,Wondrous Item,No,,GSB,,,,,,,,,,,,,,,,,,,,,
Wild Dice,Wondrous Item,No,,GSB,,,,,,,,,,,,,,,,,,,,,
Wind Riders,Wondrous Item,No,,GSB,,,,,,,,,,,,,,,,,,,,,
Wind-Up Merchant,Wondrous Item,No,,GSB,,,,,,,,,,,,,,,,,,,,,
Winterland Footwraps,Wondrous Item,Yes-Monk,,GSB,,,,,,,,,,,,,,,,,,,,,
Wisplight Lantern,Wondrous Item,No,,GSB,,,,,,,,,,,,,,,,,,,,,
Woodstalkers Hood,Wondrous Item,Yes,,GSB,,,,,,,,,,,,,,,,,,,,,
Wyrmling Wristlet,Wondrous Item,Yes,,GSB,,,,,,,,,,,,,,,,,,,,,
Xorn-Sole Boots,Wondrous Item,Yes,,GSB,,,,,,,,,,,,,,,,,,,,,
Yagga Stones,Wondrous Item,Yes,,GSB,,,,,,,,,,,,,,,,,,,,,
Zafu of the Wandering Mind,Wondrous Item,Yes-Monk,,GSB,,,,,,,,,,,,,,,,,,,,,
,,,,,,,,,,,,,,,,,,,,,,,,,
Apparatus of Kwalish,Wondrous Item,-,"200,000 GP",DMG,,,,,,,,,,,,,,,,,,,,,
Armor,Armor,-,Varies,DMG,,,,,,,,,,,,,,,,,,,,,
Armor of Invulnerability,Armor,Attunement,"B+200,000 GP",DMG,,,,,,,,,,,,,,,,,,,,,
Belt of Giant Strength,Wondrous Item,Attunement,Varies,DMG,,,,,,,,,,,,,,,,,,,,,
Breastplate of Kamvuul Norek,Armor,Attunement,"200,000 GP",EB,,,,,,,,,,,,,,,,,,,,,
Cloak of Invisibility,Wondrous Item,Attunement,"200,000 GP",DMG,,,,,,,,,,,,,,,,,,,,,
Crystal Ball of Mind Reading,Wondrous Item,Attunement,"200,000 GP",DMG,,,,,,,,,,,,,,,,,,,,,
Crystal Ball of Telepathy,Wondrous Item,Attunement,"200,000 GP",DMG,,,,,,,,,,,,,,,,,,,,,
Crystal Ball of True Seeing,Wondrous Item,Attunement,"200,000 GP",DMG,,,,,,,,,,,,,,,,,,,,,
Cubic Gate,Wondrous Item,-,"200,000 GP",DMG,,,,,,,,,,,,,,,,,,,,,
Deck of Many Things,Wondrous Item,-,"200,000 GP",DMG,,,,,,,,,,,,,,,,,,,,,
Defender,Weapon,Attunement,"B+200,000 GP",DMG,,,,,,,,,,,,,,,,,,,,,
Efreeti Chain,Armor,Attunement,"B+200,000 GP",DMG,,,,,,,,,,,,,,,,,,,,,
Enspelled Armor,Armor,Attunement,Varies,DMG,,,,,,,,,,,,,,,,,,,,,
Enspelled Staff,Staff,Attunement,Varies,DMG,,,,,,,,,,,,,,,,,,,,,
Enspelled Weapon,Weapon,Attunement,Varies,DMG,,,,,,,,,,,,,,,,,,,,,
Hammer of Thunderbolts,Weapon,Attunement,"B+200,000 GP",DMG,,,,,,,,,,,,,,,,,,,,,
Holy Avenger,Wondrous Item,Attunement,"B+200,000 GP",DMG,,,,,,,,,,,,,,,,,,,,,
Horn of Valhalla,Wondrous Item,-,Varies,DMG,,,,,,,,,,,,,,,,,,,,,
Houseward,Wondrous Item,-,"100,000 GP",EB,,,,,,,,,,,,,,,,,,,,,
Instrument of the Bards,Wondrous Item,Attunement,Varies,DMG,,,,,,,,,,,,,,,,,,,,,
Ioun Stone,Wondrous Item,Attunement,Varies,DMG,,,,,,,,,,,,,,,,,,,,,
Iron Flask,Wondrous Item,-,"200,000 GP",DMG,,,,,,,,,,,,,,,,,,,,,
Luck Blade,Weapon,Attunement,"B+200,000 GP",DMG,,,,,,,,,,,,,,,,,,,,,
Moonblade,Weapon,Attunement,"B+200,000 GP",DMG,,,,,,,,,,,,,,,,,,,,,
Plate Armor of Etherealness,Armor,Attunement,"B+200,000 GP",DMG,,,,,,,,,,,,,,,,,,,,,
Potion of Giant Strength,Potion,-,Varies,DMG,,,,,,,,,,,,,,,,,,,,,
Ring of Djinni Summoning,Ring,Attunement,"200,000 GP",DMG,,,,,,,,,,,,,,,,,,,,,
Ring of Elemental Command,Ring,Attunement,"200,000 GP",DMG,,,,,,,,,,,,,,,,,,,,,
Ring of Invisibility,Ring,Attunement,"200,000 GP",DMG,,,,,,,,,,,,,,,,,,,,,
Ring of Spell Turning,Ring,Attunement,"200,000 GP",DMG,,,,,,,,,,,,,,,,,,,,,
Ring of Three Wishes,Ring,-,"100,000 GP",DMG,,,,,,,,,,,,,,,,,,,,,
Robe of the Archmagi,Wondrous Item,Attunement,"200,000 GP",DMG,,,,,,,,,,,,,,,,,,,,,
Rod of Lordly Might,Rod,Attunement,"200,000 GP",DMG,,,,,,,,,,,,,,,,,,,,,
Rod of Resurrection,Rod,Attunement,"200,000 GP",DMG,,,,,,,,,,,,,,,,,,,,,
Scarab of Protection,Wondrous Item,Attunement,"200,000 GP",DMG,,,,,,,,,,,,,,,,,,,,,
Scroll of Titan Summoning,Scroll,-,"100,000 GP",DMG,,,,,,,,,,,,,,,,,,,,,
"Shaarat'doovol, the Blade of Truth",Weapon,Attunement,"200,000 GP",EB,,,,,,,,,,,,,,,,,,,,,
Sovereign Glue,Wondrous Item,-,"100,000 GP",DMG,,,,,,,,,,,,,,,,,,,,,
Spell Scroll,Scroll,-,Varies,DMG,,,,,,,,,,,,,,,,,,,,,
Sphere of Annihilation,Wondrous Item,-,"200,000 GP",DMG,,,,,,,,,,,,,,,,,,,,,
Staff of the Magi,Staff,Attunement,"200,000 GP",DMG,,,,,,,,,,,,,,,,,,,,,
Sword of Answering,Weapon,Attunement,"B+200,000 GP",DMG,,,,,,,,,,,,,,,,,,,,,
Talisman of Pure Good,Wondrous Item,Attunement,"100,000 GP",DMG,,,,,,,,,,,,,,,,,,,,,
Talisman of the Sphere,Wondrous Item,Attunement,"200,000 GP",DMG,,,,,,,,,,,,,,,,,,,,,
Talisman of Ultimate Evil,Wondrous Item,Attunement,"100,000 GP",DMG,,,,,,,,,,,,,,,,,,,,,
Tome of the Dragon,Wondrous Item,-,"200,000 GP",FRAiF,,,,,,,,,,,,,,,,,,,,,
Tome of the Stilled Tongue,Wondrous Item,Attunement,"200,000 GP",DMG,,,,,,,,,,,,,,,,,,,,,
Universal Solvent,Wondrous Item,-,"100,000 GP",DMG,,,,,,,,,,,,,,,,,,,,,
Vorpal Sword,Weapon,Attunement,"B+200,000 GP",DMG,,,,,,,,,,,,,,,,,,,,,
Well of Many Worlds,Wondrous Item,-,"200,000 GP",DMG,,,,,,,,,,,,,,,,,,,,,
Armor of the Platinum Lord,Armor (any metal armor),Yes-Cleric or Paladin,,GSB,,,,,,,,,,,,,,,,,,,,,
Half Plate of the Blind Martyr,Armor (halfplate),Yes-Cleric,,GSB,,,,,,,,,,,,,,,,,,,,,
Mourningsteel Half Plate,Armor (halfplate),Yes,,GSB,,,,,,,,,,,,,,,,,,,,,
Starmetal Nova Armor,Armor (halfplate),Yes,,GSB,,,,,,,,,,,,,,,,,,,,,
Angelic Plate,Armor (plate),Yes,,GSB,,,,,,,,,,,,,,,,,,,,,
Armor of the Lost Angel,Armor (plate),Yes,,GSB,,,,,,,,,,,,,,,,,,,,,
Armor of the Stone Citadel,Armor (plate),Yes,,GSB,,,,,,,,,,,,,,,,,,,,,
Godsteel Warplate,Armor (plate),Yes,,GSB,,,,,,,,,,,,,,,,,,,,,
Tarrasque Plate,Armor (plate),Yes-Paladin,,GSB,,,,,,,,,,,,,,,,,,,,,
Shadowscale Shroud,Armor (scale mail),Yes,,GSB,,,,,,,,,,,,,,,,,,,,,
Shadowscale Shroud Armor,Armor (scale mail),Yes,,GSB,,,,,,,,,,,,,,,,,,,,,
Astral Aegis,Armor (shield),Yes,,GSB,,,,,,,,,,,,,,,,,,,,,
Blue Dragon Horn Shield,Armor (shield),Yes,,GSB,,,,,,,,,,,,,,,,,,,,,
Godsteel Barrier,Armor (shield),Yes,,GSB,,,,,,,,,,,,,,,,,,,,,
Shield of the Unmarked Grave,Armor (shield),Yes,,GSB,,,,,,,,,,,,,,,,,,,,,
Starmetal Shield,Armor (shield),Yes,,GSB,,,,,,,,,,,,,,,,,,,,,
Celestial Ambrosia,Potion,No,,GSB,,,,,,,,,,,,,,,,,,,,,
Coldfire Phoenix Draft,Potion,No,,GSB,,,,,,,,,,,,,,,,,,,,,
Rejuvenating Draft,Potion,No,,GSB,,,,,,,,,,,,,,,,,,,,,
Puzzle Ring,Ring,Yes-Paladin,,GSB,,,,,,,,,,,,,,,,,,,,,
Ring of the Assassin Lord,Ring,Yes-Rogue,,GSB,,,,,,,,,,,,,,,,,,,,,
Rings of Spell Sharing,Ring,Yes-Spellcaster,,GSB,,,,,,,,,,,,,,,,,,,,,
Candelabra Scepter,Rod,Yes-Spellcaster,,GSB,,,,,,,,,,,,,,,,,,,,,
Fūjin Reactor,Rod,Yes-Spellcaster,,GSB,,,,,,,,,,,,,,,,,,,,,
Hrathi Soul Scepter,Rod,Yes-Spellcaster,,GSB,,,,,,,,,,,,,,,,,,,,,
"Morath, Scepter of the Soul Vortex",Rod,Yes-Spellcaster,,GSB,,,,,,,,,,,,,,,,,,,,,
Reliquary of Holy Memories,Rod,"Yes-Cleric, Paladin",,GSB,,,,,,,,,,,,,,,,,,,,,
Sprig of Yggdrasil,Rod,"Yes-Cleric, Druid",,GSB,,,,,,,,,,,,,,,,,,,,,
Scroll of the Eclipse,Scroll,No,,GSB,,,,,,,,,,,,,,,,,,,,,
Asclepian Staff,Staff,"Yes-Bard, Cleric, Druid, Paladin, Ranger",,GSB,,,,,,,,,,,,,,,,,,,,,
Royal Incinerator,Staff,"Yes-Druid, Sorcerer, Warlock, Wizard",,GSB,,,,,,,,,,,,,,,,,,,,,
Staff of the Arcanum,Staff,Yes-Wizard,,GSB,,,,,,,,,,,,,,,,,,,,,
Staff of the Ferryman,Staff,"Yes-Cleric, Druid, Warlock, or Wizard",,GSB,,,,,,,,,,,,,,,,,,,,,
Staff of the Weaver Arcane,Staff,"Yes-Sorcerer, Wizard",,GSB,,,,,,,,,,,,,,,,,,,,,
Mostly Invisible Wand,Wand,No,,GSB,,,,,,,,,,,,,,,,,,,,,
Wand of the Alicorn,Wand,Yes-Good Spellcaster,,GSB,,,,,,,,,,,,,,,,,,,,,
Memento of the Shapeless,Weapon (any melee without reach or heavy),Yes,,GSB,,,,,,,,,,,,,,,,,,,,,
Dragonkin Weapon,Weapon (any melee),Yes-Dragonborn,,GSB,,,,,,,,,,,,,,,,,,,,,
Eternal Slayer,Weapon (any sword),Yes,,GSB,,,,,,,,,,,,,,,,,,,,,
Call and Response,Weapon (dagger and rapier),Yes,,GSB,,,,,,,,,,,,,,,,,,,,,
Thornpiercer,"Weapon (dagger, shortsword, rapier, or whip)",Yes,,GSB,,,,,,,,,,,,,,,,,,,,,
Hag's Claw,Weapon (dagger),Yes,,GSB,,,,,,,,,,,,,,,,,,,,,
Heaven's Edge,Weapon (dagger),Yes,,GSB,,,,,,,,,,,,,,,,,,,,,
Spirit Cleaver,Weapon (dagger),Yes-Rogue,,GSB,,,,,,,,,,,,,,,,,,,,,
The Last Standard,"Weapon (glaive, halberd, or pike)",Yes,,GSB,,,,,,,,,,,,,,,,,,,,,
Crypt Keeper Glaive,Weapon (glaive),Yes,,GSB,,,,,,,,,,,,,,,,,,,,,
Glaive of the Revenant King,Weapon (glaive),Yes,,GSB,,,,,,,,,,,,,,,,,,,,,
Mage Eater Scythe,Weapon (glaive),Yes,,GSB,,,,,,,,,,,,,,,,,,,,,
Red Queen's Burden,Weapon (glaive),Yes,,GSB,,,,,,,,,,,,,,,,,,,,,
Axe of Essential Inversion,Weapon (greataxe),Yes,,GSB,,,,,,,,,,,,,,,,,,,,,
Blooddrinker,Weapon (greataxe),Yes,,GSB,,,,,,,,,,,,,,,,,,,,,
Realmswarden Greataxe,Weapon (greataxe),Yes,,GSB,,,,,,,,,,,,,,,,,,,,,
Starmetal Solar Axe,Weapon (greataxe),Yes,,GSB,,,,,,,,,,,,,,,,,,,,,
The Timekeeper's Pendulum,Weapon (greataxe),Yes,,GSB,,,,,,,,,,,,,,,,,,,,,
Tyrant's End,Weapon (greataxe),Yes,,GSB,,,,,,,,,,,,,,,,,,,,,
Godsteel Worldcarver,Weapon (greatsword or longsword),Yes,,GSB,,,,,,,,,,,,,,,,,,,,,
H'rethi Desperation,Weapon (greatsword),Yes,,GSB,,,,,,,,,,,,,,,,,,,,,
Life's Edge,Weapon (greatsword),Yes-Paladin,,GSB,,,,,,,,,,,,,,,,,,,,,
Loves Embrace,Weapon (greatsword),Yes,,GSB,,,,,,,,,,,,,,,,,,,,,
Red Rider's Blade,Weapon (greatsword),Yes,,GSB,,,,,,,,,,,,,,,,,,,,,
Corvus Pyre,Weapon (halberd or quarterstaff),Yes,,GSB,,,,,,,,,,,,,,,,,,,,,
Soul-Searing Scythe,Weapon (halberd),Yes,,GSB,,,,,,,,,,,,,,,,,,,,,
Shade and Shine,Weapon (handaxe),Yes,,GSB,,,,,,,,,,,,,,,,,,,,,
Dragon Tamer Lance,Weapon (lance),Yes,,GSB,,,,,,,,,,,,,,,,,,,,,
Hailstorm Bow,Weapon (longbow),Yes,,GSB,,,,,,,,,,,,,,,,,,,,,
Moonfallen Bow,Weapon (longbow),Yes,,GSB,,,,,,,,,,,,,,,,,,,,,
Slaying Longbow,Weapon (longbow),No,,GSB,,,,,,,,,,,,,,,,,,,,,
Spellfire Bow,Weapon (longbow),Yes-Spellcaster,,GSB,,,,,,,,,,,,,,,,,,,,,
Black Hole,Weapon (longsword or rapier),Yes,,GSB,,,,,,,,,,,,,,,,,,,,,
Aberrant Nail,Weapon (longsword),Yes,,GSB,,,,,,,,,,,,,,,,,,,,,
Ai Hao's Fang,Weapon (longsword),Yes-Monk,,GSB,,,,,,,,,,,,,,,,,,,,,
Blade of the Unbroken Circle,Weapon (longsword),Yes,,GSB,,,,,,,,,,,,,,,,,,,,,
Bolide Blade,Weapon (longsword),Yes,,GSB,,,,,,,,,,,,,,,,,,,,,
Dragon-kindled Edge,Weapon (longsword),Yes,,GSB,,,,,,,,,,,,,,,,,,,,,
Form of Order,Weapon (longsword),Yes,,GSB,,,,,,,,,,,,,,,,,,,,,
Starfire Katana,Weapon (longsword),Yes,,GSB,,,,,,,,,,,,,,,,,,,,,
Sword of Damocles,Weapon (longsword),Yes-Lawful,,GSB,,,,,,,,,,,,,,,,,,,,,
Sword of Damocles,Weapon (longsword),Yes-Lawful,,GSB,,,,,,,,,,,,,,,,,,,,,
Sword of the Spelldrinker,Weapon (longsword),Yes,,GSB,,,,,,,,,,,,,,,,,,,,,
Windrazor,Weapon (longsword),Yes,,GSB,,,,,,,,,,,,,,,,,,,,,
Heavens Gavel,Weapon (maul),Yes-Good Aligned,,GSB,,,,,,,,,,,,,,,,,,,,,
Worldbreaker,Weapon (maul),Yes-Str 17,,GSB,,,,,,,,,,,,,,,,,,,,,
Chillspike,Weapon (pike),Yes,,GSB,,,,,,,,,,,,,,,,,,,,,
Pike of the Forgotten Legion,Weapon (pike),Yes,,GSB,,,,,,,,,,,,,,,,,,,,,
Infernal Enforcer,Weapon (pistol),Yes,,GSB,,,,,,,,,,,,,,,,,,,,,
Cursive,Weapon (rapier),Yes,,GSB,,,,,,,,,,,,,,,,,,,,,
Cymrith,Weapon (rapier),Yes,,GSB,,,,,,,,,,,,,,,,,,,,,
Festerwoods Light,Weapon (rapier),Yes,,GSB,,,,,,,,,,,,,,,,,,,,,
Octavius' Saber,Weapon (rapier),Yes-Rogue,,GSB,,,,,,,,,,,,,,,,,,,,,
Violet King's Promise,Weapon (rapier),"Yes-Bard, Cleric, Paladin, Ranger",,GSB,,,,,,,,,,,,,,,,,,,,,
Dragonwing Scimitars,Weapon (scimitar),Yes,,GSB,,,,,,,,,,,,,,,,,,,,,
Gladius of the Everfighter,Weapon (shortsword),Yes-Fighter,,GSB,,,,,,,,,,,,,,,,,,,,,
Helios Spear,Weapon (spear),Yes,,GSB,,,,,,,,,,,,,,,,,,,,,
Purity Spear,Weapon (spear),Yes-Good Aligned,,GSB,,,,,,,,,,,,,,,,,,,,,
Rose of the Queen Valkyrie,Weapon (spear),Yes,,GSB,,,,,,,,,,,,,,,,,,,,,
Celestial Bident,Weapon (trident),"Yes-Cleric, Paladin",,GSB,,,,,,,,,,,,,,,,,,,,,
Davy Jones' Key,Weapon (trident),Yes,,GSB,,,,,,,,,,,,,,,,,,,,,
Storm Thrower Harpoon,Weapon (trident),Yes,,GSB,,,,,,,,,,,,,,,,,,,,,
Tideborn Trident,Weapon (trident),Yes,,GSB,,,,,,,,,,,,,,,,,,,,,
Astral Sea Piercer,Weapon (war pick),Yes,,GSB,,,,,,,,,,,,,,,,,,,,,
Forgemasters Might,Weapon (warhammer or maul),Yes,,GSB,,,,,,,,,,,,,,,,,,,,,
Emberheart Hammer,Weapon (warhammer),Yes,,GSB,,,,,,,,,,,,,,,,,,,,,
Amulet of Radiant Protection,Wondrous Item,"Yes-Cleric, Paladin",,GSB,,,,,,,,,,,,,,,,,,,,,
Battleborn Gloves,Wondrous Item,Yes,,GSB,,,,,,,,,,,,,,,,,,,,,
Blindfold of Judgement,Wondrous Item,Yes-Lawful,,GSB,,,,,,,,,,,,,,,,,,,,,
Bloodmire Soulflame Lantern,Wondrous Item,Yes,,GSB,,,,,,,,,,,,,,,,,,,,,
Bloodscryer Oculus,Wondrous Item,Yes-Ranger,,GSB,,,,,,,,,,,,,,,,,,,,,
Celestial Gate,Wondrous item,No,,GSB,,,,,,,,,,,,,,,,,,,,,
Censer Chime,Wondrous Item,No,,GSB,,,,,,,,,,,,,,,,,,,,,
Circlet of Resonant Spheres,Wondrous Item,"Yes-Bard, Wizard",,GSB,,,,,,,,,,,,,,,,,,,,,
Cloak of the Midwinter Solsticekeeper,Wondrous Item,Yes,,GSB,,,,,,,,,,,,,,,,,,,,,
Crown of Calamity,Wondrous Item,Yes,,GSB,,,,,,,,,,,,,,,,,,,,,
Crown of Storms,Wondrous Item,Yes,,GSB,,,,,,,,,,,,,,,,,,,,,
Crown of the Cursed King,Wondrous Item,Yes,,GSB,,,,,,,,,,,,,,,,,,,,,
Crystal Ball of Storms,Wondrous Item,Yes,,GSB,,,,,,,,,,,,,,,,,,,,,
Death's Shadow,Wondrous Item,Yes,,GSB,,,,,,,,,,,,,,,,,,,,,
Dragon Queen's Cloak,Wondrous Item,Yes,,GSB,,,,,,,,,,,,,,,,,,,,,
Dragonscale Whetstone,Wondrous Item,No,,GSB,,,,,,,,,,,,,,,,,,,,,
Drift Bangles,Wondrous Item,Yes,,GSB,,,,,,,,,,,,,,,,,,,,,
Drift Bangles,Wondrous item,Yes,,GSB,,,,,,,,,,,,,,,,,,,,,
Efreeti Bangles,Wondrous Item,Yes,,GSB,,,,,,,,,,,,,,,,,,,,,
Eye of Iron Sight,Wondrous Item,Yes-Missing an Eye,,GSB,,,,,,,,,,,,,,,,,,,,,
Fell-Rider Chariot,Wondrous Item,No,,GSB,,,,,,,,,,,,,,,,,,,,,
Fists of Fury,Wondrous Item,Yes,,GSB,,,,,,,,,,,,,,,,,,,,,
Godsteel Wargauntlets,Wondrous Item,Yes,,GSB,,,,,,,,,,,,,,,,,,,,,
Gorget of the Holy Soldier,Wondrous Item,Yes-Good Aligned,,GSB,,,,,,,,,,,,,,,,,,,,,
Grasp of Gravity,Wondrous Item,Yes,,GSB,,,,,,,,,,,,,,,,,,,,,
Guardian's Reliquary,Wondrous Item,Yes-Missing an Arm,,GSB,,,,,,,,,,,,,,,,,,,,,
Heart of Damned Intervention,Wondrous Item,"Yes-Cleric, Paladin",,GSB,,,,,,,,,,,,,,,,,,,,,
Helm of the Dawn Guardian,Wondrous Item,Yes,,GSB,,,,,,,,,,,,,,,,,,,,,
Helm of the Justicars,Wondrous Item,Yes,,GSB,,,,,,,,,,,,,,,,,,,,,
Hide of the Wild Guardian,Wondrous Item,Yes-Druid,,GSB,,,,,,,,,,,,,,,,,,,,,
Indigo Stray's Conviction,Wondrous Item,Yes,,GSB,,,,,,,,,,,,,,,,,,,,,
Infernal Chess Set,Wondrous Item,No,,GSB,,,,,,,,,,,,,,,,,,,,,
Life Turner,Wondrous Item,No,,GSB,,,,,,,,,,,,,,,,,,,,,
Lightseer's Gaze,Wondrous Item,Yes-Monk,,GSB,,,,,,,,,,,,,,,,,,,,,
Mark of the Everglacier Monarch,Wondrous Item,Yes-Spellcaster,,GSB,,,,,,,,,,,,,,,,,,,,,
Mask of the Jackal,Wondrous Item,Yes,,GSB,,,,,,,,,,,,,,,,,,,,,
Mask of the Planeseeker,Wondrous Item,Yes,,GSB,,,,,,,,,,,,,,,,,,,,,
Mastery Gem,Wondrous Item,No,,GSB,,,,,,,,,,,,,,,,,,,,,
Meta Mantle,Wondrous Item,Yes-Sorcerer,,GSB,,,,,,,,,,,,,,,,,,,,,
Mirrored Ball of Brag'inir,Wondrous Item,No,,GSB,,,,,,,,,,,,,,,,,,,,,
Mister Bottle,Wondrous Item,No,,GSB,,,,,,,,,,,,,,,,,,,,,
Myceliaweave Circlet,Wondrous Item,Yes,,GSB,,,,,,,,,,,,,,,,,,,,,
Navis Anima,Wondrous Item,No,,GSB,,,,,,,,,,,,,,,,,,,,,
Orange Cicatrizer's Debt,Wondrous Item,Yes-Wis 17,,GSB,,,,,,,,,,,,,,,,,,,,,
Pact Card,Wondrous Item,No,,GSB,,,,,,,,,,,,,,,,,,,,,
Pauldron of the Lost Legion,Wondrous Item,Yes,,GSB,,,,,,,,,,,,,,,,,,,,,
Primordial Earth Heart,Wondrous Item,Yes,,GSB,,,,,,,,,,,,,,,,,,,,,
Quiver of Elemental Chaos,Wondrous Item,Yes,,GSB,,,,,,,,,,,,,,,,,,,,,
Red Claws Regalia,Wondrous Item,Yes,,GSB,,,,,,,,,,,,,,,,,,,,,
Ring of the Golden Directorate,Wondrous Item,Yes,,GSB,,,,,,,,,,,,,,,,,,,,,
Seed of Rebirth,Wondrous Item,Yes,,GSB,,,,,,,,,,,,,,,,,,,,,
Skylit Greaves,Wondrous Item,Yes,,GSB,,,,,,,,,,,,,,,,,,,,,
Smog Baron's Greatcoat,Wondrous item,Yes,,GSB,,,,,,,,,,,,,,,,,,,,,
Sovereignseed Duffel,Wondrous Item,Yes,,GSB,,,,,,,,,,,,,,,,,,,,,
Spire Seed,Wondrous Item,Yes,,GSB,,,,,,,,,,,,,,,,,,,,,
The Pallid Veil,Wondrous Item,"Yes-Cleric, Warlock, or Wizard",,GSB,,,,,,,,,,,,,,,,,,,,,
Tome of Lost Knowledge,Wondrous Item,Yes-Wizard,,GSB,,,,,,,,,,,,,,,,,,,,,
Tome of Planar Wonderings and Wanderings,Wondrous Item,No,,GSB,,,,,,,,,,,,,,,,,,,,,
Tome of the Unknowable,Wondrous item,No,,GSB,,,,,,,,,,,,,,,,,,,,,
Underworld Asphodel Regalia,Wondrous Item,"Yes-Cleric, Wizard",,GSB,,,,,,,,,,,,,,,,,,,,,
Visage of Delight and Disaster,Wondrous Item,Yes-Cha 17,,GSB,,,,,,,,,,,,,,,,,,,,,
,,,,,,,,,,,,,,,,,,,,,,,,,
Apparatus of Kwalish,Wondrous Item,-,"200,000 GP",DMG,,,,,,,,,,,,,,,,,,,,,
Armor,Armor,-,Varies,DMG,,,,,,,,,,,,,,,,,,,,,
Armor of Invulnerability,Armor,Attunement,"B+200,000 GP",DMG,,,,,,,,,,,,,,,,,,,,,
Belt of Giant Strength,Wondrous Item,Attunement,Varies,DMG,,,,,,,,,,,,,,,,,,,,,
Breastplate of Kamvuul Norek,Armor,Attunement,"200,000 GP",EB,,,,,,,,,,,,,,,,,,,,,
Cloak of Invisibility,Wondrous Item,Attunement,"200,000 GP",DMG,,,,,,,,,,,,,,,,,,,,,
Crystal Ball of Mind Reading,Wondrous Item,Attunement,"200,000 GP",DMG,,,,,,,,,,,,,,,,,,,,,
Crystal Ball of Telepathy,Wondrous Item,Attunement,"200,000 GP",DMG,,,,,,,,,,,,,,,,,,,,,
Crystal Ball of True Seeing,Wondrous Item,Attunement,"200,000 GP",DMG,,,,,,,,,,,,,,,,,,,,,
Cubic Gate,Wondrous Item,-,"200,000 GP",DMG,,,,,,,,,,,,,,,,,,,,,
Deck of Many Things,Wondrous Item,-,"200,000 GP",DMG,,,,,,,,,,,,,,,,,,,,,
Defender,Weapon,Attunement,"B+200,000 GP",DMG,,,,,,,,,,,,,,,,,,,,,
Efreeti Chain,Armor,Attunement,"B+200,000 GP",DMG,,,,,,,,,,,,,,,,,,,,,
Enspelled Armor,Armor,Attunement,Varies,DMG,,,,,,,,,,,,,,,,,,,,,
Enspelled Staff,Staff,Attunement,Varies,DMG,,,,,,,,,,,,,,,,,,,,,
Enspelled Weapon,Weapon,Attunement,Varies,DMG,,,,,,,,,,,,,,,,,,,,,
Hammer of Thunderbolts,Weapon,Attunement,"B+200,000 GP",DMG,,,,,,,,,,,,,,,,,,,,,
Holy Avenger,Wondrous Item,Attunement,"B+200,000 GP",DMG,,,,,,,,,,,,,,,,,,,,,
Horn of Valhalla,Wondrous Item,-,Varies,DMG,,,,,,,,,,,,,,,,,,,,,
Houseward,Wondrous Item,-,"100,000 GP",EB,,,,,,,,,,,,,,,,,,,,,
Instrument of the Bards,Wondrous Item,Attunement,Varies,DMG,,,,,,,,,,,,,,,,,,,,,
Ioun Stone,Wondrous Item,Attunement,Varies,DMG,,,,,,,,,,,,,,,,,,,,,
Iron Flask,Wondrous Item,-,"200,000 GP",DMG,,,,,,,,,,,,,,,,,,,,,
Luck Blade,Weapon,Attunement,"B+200,000 GP",DMG,,,,,,,,,,,,,,,,,,,,,
Moonblade,Weapon,Attunement,"B+200,000 GP",DMG,,,,,,,,,,,,,,,,,,,,,
Plate Armor of Etherealness,Armor,Attunement,"B+200,000 GP",DMG,,,,,,,,,,,,,,,,,,,,,
Potion of Giant Strength,Potion,-,Varies,DMG,,,,,,,,,,,,,,,,,,,,,
Ring of Djinni Summoning,Ring,Attunement,"200,000 GP",DMG,,,,,,,,,,,,,,,,,,,,,
Ring of Elemental Command,Ring,Attunement,"200,000 GP",DMG,,,,,,,,,,,,,,,,,,,,,
Ring of Invisibility,Ring,Attunement,"200,000 GP",DMG,,,,,,,,,,,,,,,,,,,,,
Ring of Spell Turning,Ring,Attunement,"200,000 GP",DMG,,,,,,,,,,,,,,,,,,,,,
Ring of Three Wishes,Ring,-,"100,000 GP",DMG,,,,,,,,,,,,,,,,,,,,,
Robe of the Archmagi,Wondrous Item,Attunement,"200,000 GP",DMG,,,,,,,,,,,,,,,,,,,,,
Rod of Lordly Might,Rod,Attunement,"200,000 GP",DMG,,,,,,,,,,,,,,,,,,,,,
Rod of Resurrection,Rod,Attunement,"200,000 GP",DMG,,,,,,,,,,,,,,,,,,,,,
Scarab of Protection,Wondrous Item,Attunement,"200,000 GP",DMG,,,,,,,,,,,,,,,,,,,,,
Scroll of Titan Summoning,Scroll,-,"100,000 GP",DMG,,,,,,,,,,,,,,,,,,,,,
"Shaarat'doovol, the Blade of Truth",Weapon,Attunement,"200,000 GP",EB,,,,,,,,,,,,,,,,,,,,,
Sovereign Glue,Wondrous Item,-,"100,000 GP",DMG,,,,,,,,,,,,,,,,,,,,,
Spell Scroll,Scroll,-,Varies,DMG,,,,,,,,,,,,,,,,,,,,,
Sphere of Annihilation,Wondrous Item,-,"200,000 GP",DMG,,,,,,,,,,,,,,,,,,,,,
Staff of the Magi,Staff,Attunement,"200,000 GP",DMG,,,,,,,,,,,,,,,,,,,,,
Sword of Answering,Weapon,Attunement,"B+200,000 GP",DMG,,,,,,,,,,,,,,,,,,,,,
Talisman of Pure Good,Wondrous Item,Attunement,"100,000 GP",DMG,,,,,,,,,,,,,,,,,,,,,
Talisman of the Sphere,Wondrous Item,Attunement,"200,000 GP",DMG,,,,,,,,,,,,,,,,,,,,,
Talisman of Ultimate Evil,Wondrous Item,Attunement,"100,000 GP",DMG,,,,,,,,,,,,,,,,,,,,,
Tome of the Dragon,Wondrous Item,-,"200,000 GP",FRAiF,,,,,,,,,,,,,,,,,,,,,
Tome of the Stilled Tongue,Wondrous Item,Attunement,"200,000 GP",DMG,,,,,,,,,,,,,,,,,,,,,
Universal Solvent,Wondrous Item,-,"100,000 GP",DMG,,,,,,,,,,,,,,,,,,,,,
Vorpal Sword,Weapon,Attunement,"B+200,000 GP",DMG,,,,,,,,,,,,,,,,,,,,,
Well of Many Worlds,Wondrous Item,-,"200,000 GP",DMG,,,,,,,,,,,,,,,,,,,,,
Armor of the Platinum Lord,Armor (any metal armor),Yes-Cleric or Paladin,,GSB,,,,,,,,,,,,,,,,,,,,,
Half Plate of the Blind Martyr,Armor (halfplate),Yes-Cleric,,GSB,,,,,,,,,,,,,,,,,,,,,
Mourningsteel Half Plate,Armor (halfplate),Yes,,GSB,,,,,,,,,,,,,,,,,,,,,
Starmetal Nova Armor,Armor (halfplate),Yes,,GSB,,,,,,,,,,,,,,,,,,,,,
Angelic Plate,Armor (plate),Yes,,GSB,,,,,,,,,,,,,,,,,,,,,
Armor of the Lost Angel,Armor (plate),Yes,,GSB,,,,,,,,,,,,,,,,,,,,,
Armor of the Stone Citadel,Armor (plate),Yes,,GSB,,,,,,,,,,,,,,,,,,,,,
Godsteel Warplate,Armor (plate),Yes,,GSB,,,,,,,,,,,,,,,,,,,,,
Tarrasque Plate,Armor (plate),Yes-Paladin,,GSB,,,,,,,,,,,,,,,,,,,,,
Shadowscale Shroud,Armor (scale mail),Yes,,GSB,,,,,,,,,,,,,,,,,,,,,
Shadowscale Shroud Armor,Armor (scale mail),Yes,,GSB,,,,,,,,,,,,,,,,,,,,,
Astral Aegis,Armor (shield),Yes,,GSB,,,,,,,,,,,,,,,,,,,,,
Blue Dragon Horn Shield,Armor (shield),Yes,,GSB,,,,,,,,,,,,,,,,,,,,,
Godsteel Barrier,Armor (shield),Yes,,GSB,,,,,,,,,,,,,,,,,,,,,
Shield of the Unmarked Grave,Armor (shield),Yes,,GSB,,,,,,,,,,,,,,,,,,,,,
Starmetal Shield,Armor (shield),Yes,,GSB,,,,,,,,,,,,,,,,,,,,,
Celestial Ambrosia,Potion,No,,GSB,,,,,,,,,,,,,,,,,,,,,
Coldfire Phoenix Draft,Potion,No,,GSB,,,,,,,,,,,,,,,,,,,,,
Rejuvenating Draft,Potion,No,,GSB,,,,,,,,,,,,,,,,,,,,,
Puzzle Ring,Ring,Yes-Paladin,,GSB,,,,,,,,,,,,,,,,,,,,,
Ring of the Assassin Lord,Ring,Yes-Rogue,,GSB,,,,,,,,,,,,,,,,,,,,,
Rings of Spell Sharing,Ring,Yes-Spellcaster,,GSB,,,,,,,,,,,,,,,,,,,,,
Candelabra Scepter,Rod,Yes-Spellcaster,,GSB,,,,,,,,,,,,,,,,,,,,,
Fūjin Reactor,Rod,Yes-Spellcaster,,GSB,,,,,,,,,,,,,,,,,,,,,
Hrathi Soul Scepter,Rod,Yes-Spellcaster,,GSB,,,,,,,,,,,,,,,,,,,,,
"Morath, Scepter of the Soul Vortex",Rod,Yes-Spellcaster,,GSB,,,,,,,,,,,,,,,,,,,,,
Reliquary of Holy Memories,Rod,"Yes-Cleric, Paladin",,GSB,,,,,,,,,,,,,,,,,,,,,
Sprig of Yggdrasil,Rod,"Yes-Cleric, Druid",,GSB,,,,,,,,,,,,,,,,,,,,,
Scroll of the Eclipse,Scroll,No,,GSB,,,,,,,,,,,,,,,,,,,,,
Asclepian Staff,Staff,"Yes-Bard, Cleric, Druid, Paladin, Ranger",,GSB,,,,,,,,,,,,,,,,,,,,,
Royal Incinerator,Staff,"Yes-Druid, Sorcerer, Warlock, Wizard",,GSB,,,,,,,,,,,,,,,,,,,,,
Staff of the Arcanum,Staff,Yes-Wizard,,GSB,,,,,,,,,,,,,,,,,,,,,
Staff of the Ferryman,Staff,"Yes-Cleric, Druid, Warlock, or Wizard",,GSB,,,,,,,,,,,,,,,,,,,,,
Staff of the Weaver Arcane,Staff,"Yes-Sorcerer, Wizard",,GSB,,,,,,,,,,,,,,,,,,,,,
Mostly Invisible Wand,Wand,No,,GSB,,,,,,,,,,,,,,,,,,,,,
Wand of the Alicorn,Wand,Yes-Good Spellcaster,,GSB,,,,,,,,,,,,,,,,,,,,,
Memento of the Shapeless,Weapon (any melee without reach or heavy),Yes,,GSB,,,,,,,,,,,,,,,,,,,,,
Dragonkin Weapon,Weapon (any melee),Yes-Dragonborn,,GSB,,,,,,,,,,,,,,,,,,,,,
Eternal Slayer,Weapon (any sword),Yes,,GSB,,,,,,,,,,,,,,,,,,,,,
Call and Response,Weapon (dagger and rapier),Yes,,GSB,,,,,,,,,,,,,,,,,,,,,
Thornpiercer,"Weapon (dagger, shortsword, rapier, or whip)",Yes,,GSB,,,,,,,,,,,,,,,,,,,,,
Hag's Claw,Weapon (dagger),Yes,,GSB,,,,,,,,,,,,,,,,,,,,,
Heaven's Edge,Weapon (dagger),Yes,,GSB,,,,,,,,,,,,,,,,,,,,,
Spirit Cleaver,Weapon (dagger),Yes-Rogue,,GSB,,,,,,,,,,,,,,,,,,,,,
The Last Standard,"Weapon (glaive, halberd, or pike)",Yes,,GSB,,,,,,,,,,,,,,,,,,,,,
Crypt Keeper Glaive,Weapon (glaive),Yes,,GSB,,,,,,,,,,,,,,,,,,,,,
Glaive of the Revenant King,Weapon (glaive),Yes,,GSB,,,,,,,,,,,,,,,,,,,,,
Mage Eater Scythe,Weapon (glaive),Yes,,GSB,,,,,,,,,,,,,,,,,,,,,
Red Queen's Burden,Weapon (glaive),Yes,,GSB,,,,,,,,,,,,,,,,,,,,,
Axe of Essential Inversion,Weapon (greataxe),Yes,,GSB,,,,,,,,,,,,,,,,,,,,,
Blooddrinker,Weapon (greataxe),Yes,,GSB,,,,,,,,,,,,,,,,,,,,,
Realmswarden Greataxe,Weapon (greataxe),Yes,,GSB,,,,,,,,,,,,,,,,,,,,,
Starmetal Solar Axe,Weapon (greataxe),Yes,,GSB,,,,,,,,,,,,,,,,,,,,,
The Timekeeper's Pendulum,Weapon (greataxe),Yes,,GSB,,,,,,,,,,,,,,,,,,,,,
Tyrant's End,Weapon (greataxe),Yes,,GSB,,,,,,,,,,,,,,,,,,,,,
Godsteel Worldcarver,Weapon (greatsword or longsword),Yes,,GSB,,,,,,,,,,,,,,,,,,,,,
H'rethi Desperation,Weapon (greatsword),Yes,,GSB,,,,,,,,,,,,,,,,,,,,,
Life's Edge,Weapon (greatsword),Yes-Paladin,,GSB,,,,,,,,,,,,,,,,,,,,,
Loves Embrace,Weapon (greatsword),Yes,,GSB,,,,,,,,,,,,,,,,,,,,,
Red Rider's Blade,Weapon (greatsword),Yes,,GSB,,,,,,,,,,,,,,,,,,,,,
Corvus Pyre,Weapon (halberd or quarterstaff),Yes,,GSB,,,,,,,,,,,,,,,,,,,,,
Soul-Searing Scythe,Weapon (halberd),Yes,,GSB,,,,,,,,,,,,,,,,,,,,,
Shade and Shine,Weapon (handaxe),Yes,,GSB,,,,,,,,,,,,,,,,,,,,,
Dragon Tamer Lance,Weapon (lance),Yes,,GSB,,,,,,,,,,,,,,,,,,,,,
Hailstorm Bow,Weapon (longbow),Yes,,GSB,,,,,,,,,,,,,,,,,,,,,
Moonfallen Bow,Weapon (longbow),Yes,,GSB,,,,,,,,,,,,,,,,,,,,,
Slaying Longbow,Weapon (longbow),No,,GSB,,,,,,,,,,,,,,,,,,,,,
Spellfire Bow,Weapon (longbow),Yes-Spellcaster,,GSB,,,,,,,,,,,,,,,,,,,,,
Black Hole,Weapon (longsword or rapier),Yes,,GSB,,,,,,,,,,,,,,,,,,,,,
Aberrant Nail,Weapon (longsword),Yes,,GSB,,,,,,,,,,,,,,,,,,,,,
Ai Hao's Fang,Weapon (longsword),Yes-Monk,,GSB,,,,,,,,,,,,,,,,,,,,,
Blade of the Unbroken Circle,Weapon (longsword),Yes,,GSB,,,,,,,,,,,,,,,,,,,,,
Bolide Blade,Weapon (longsword),Yes,,GSB,,,,,,,,,,,,,,,,,,,,,
Dragon-kindled Edge,Weapon (longsword),Yes,,GSB,,,,,,,,,,,,,,,,,,,,,
Form of Order,Weapon (longsword),Yes,,GSB,,,,,,,,,,,,,,,,,,,,,
Starfire Katana,Weapon (longsword),Yes,,GSB,,,,,,,,,,,,,,,,,,,,,
Sword of Damocles,Weapon (longsword),Yes-Lawful,,GSB,,,,,,,,,,,,,,,,,,,,,
Sword of Damocles,Weapon (longsword),Yes-Lawful,,GSB,,,,,,,,,,,,,,,,,,,,,
Sword of the Spelldrinker,Weapon (longsword),Yes,,GSB,,,,,,,,,,,,,,,,,,,,,
Windrazor,Weapon (longsword),Yes,,GSB,,,,,,,,,,,,,,,,,,,,,
Heavens Gavel,Weapon (maul),Yes-Good Aligned,,GSB,,,,,,,,,,,,,,,,,,,,,
Worldbreaker,Weapon (maul),Yes-Str 17,,GSB,,,,,,,,,,,,,,,,,,,,,
Chillspike,Weapon (pike),Yes,,GSB,,,,,,,,,,,,,,,,,,,,,
Pike of the Forgotten Legion,Weapon (pike),Yes,,GSB,,,,,,,,,,,,,,,,,,,,,
Infernal Enforcer,Weapon (pistol),Yes,,GSB,,,,,,,,,,,,,,,,,,,,,
Cursive,Weapon (rapier),Yes,,GSB,,,,,,,,,,,,,,,,,,,,,
Cymrith,Weapon (rapier),Yes,,GSB,,,,,,,,,,,,,,,,,,,,,
Festerwoods Light,Weapon (rapier),Yes,,GSB,,,,,,,,,,,,,,,,,,,,,
Octavius' Saber,Weapon (rapier),Yes-Rogue,,GSB,,,,,,,,,,,,,,,,,,,,,
Violet King's Promise,Weapon (rapier),"Yes-Bard, Cleric, Paladin, Ranger",,GSB,,,,,,,,,,,,,,,,,,,,,
Dragonwing Scimitars,Weapon (scimitar),Yes,,GSB,,,,,,,,,,,,,,,,,,,,,
Gladius of the Everfighter,Weapon (shortsword),Yes-Fighter,,GSB,,,,,,,,,,,,,,,,,,,,,
Helios Spear,Weapon (spear),Yes,,GSB,,,,,,,,,,,,,,,,,,,,,
Purity Spear,Weapon (spear),Yes-Good Aligned,,GSB,,,,,,,,,,,,,,,,,,,,,
Rose of the Queen Valkyrie,Weapon (spear),Yes,,GSB,,,,,,,,,,,,,,,,,,,,,
Celestial Bident,Weapon (trident),"Yes-Cleric, Paladin",,GSB,,,,,,,,,,,,,,,,,,,,,
Davy Jones' Key,Weapon (trident),Yes,,GSB,,,,,,,,,,,,,,,,,,,,,
Storm Thrower Harpoon,Weapon (trident),Yes,,GSB,,,,,,,,,,,,,,,,,,,,,
Tideborn Trident,Weapon (trident),Yes,,GSB,,,,,,,,,,,,,,,,,,,,,
Astral Sea Piercer,Weapon (war pick),Yes,,GSB,,,,,,,,,,,,,,,,,,,,,
Forgemasters Might,Weapon (warhammer or maul),Yes,,GSB,,,,,,,,,,,,,,,,,,,,,
Emberheart Hammer,Weapon (warhammer),Yes,,GSB,,,,,,,,,,,,,,,,,,,,,
Amulet of Radiant Protection,Wondrous Item,"Yes-Cleric, Paladin",,GSB,,,,,,,,,,,,,,,,,,,,,
Battleborn Gloves,Wondrous Item,Yes,,GSB,,,,,,,,,,,,,,,,,,,,,
Blindfold of Judgement,Wondrous Item,Yes-Lawful,,GSB,,,,,,,,,,,,,,,,,,,,,
Bloodmire Soulflame Lantern,Wondrous Item,Yes,,GSB,,,,,,,,,,,,,,,,,,,,,
Bloodscryer Oculus,Wondrous Item,Yes-Ranger,,GSB,,,,,,,,,,,,,,,,,,,,,
Celestial Gate,Wondrous item,No,,GSB,,,,,,,,,,,,,,,,,,,,,
Censer Chime,Wondrous Item,No,,GSB,,,,,,,,,,,,,,,,,,,,,
Circlet of Resonant Spheres,Wondrous Item,"Yes-Bard, Wizard",,GSB,,,,,,,,,,,,,,,,,,,,,
Cloak of the Midwinter Solsticekeeper,Wondrous Item,Yes,,GSB,,,,,,,,,,,,,,,,,,,,,
Crown of Calamity,Wondrous Item,Yes,,GSB,,,,,,,,,,,,,,,,,,,,,
Crown of Storms,Wondrous Item,Yes,,GSB,,,,,,,,,,,,,,,,,,,,,
Crown of the Cursed King,Wondrous Item,Yes,,GSB,,,,,,,,,,,,,,,,,,,,,
Crystal Ball of Storms,Wondrous Item,Yes,,GSB,,,,,,,,,,,,,,,,,,,,,
Death's Shadow,Wondrous Item,Yes,,GSB,,,,,,,,,,,,,,,,,,,,,
Dragon Queen's Cloak,Wondrous Item,Yes,,GSB,,,,,,,,,,,,,,,,,,,,,
Dragonscale Whetstone,Wondrous Item,No,,GSB,,,,,,,,,,,,,,,,,,,,,
Drift Bangles,Wondrous Item,Yes,,GSB,,,,,,,,,,,,,,,,,,,,,
Drift Bangles,Wondrous item,Yes,,GSB,,,,,,,,,,,,,,,,,,,,,
Efreeti Bangles,Wondrous Item,Yes,,GSB,,,,,,,,,,,,,,,,,,,,,
Eye of Iron Sight,Wondrous Item,Yes-Missing an Eye,,GSB,,,,,,,,,,,,,,,,,,,,,
Fell-Rider Chariot,Wondrous Item,No,,GSB,,,,,,,,,,,,,,,,,,,,,
Fists of Fury,Wondrous Item,Yes,,GSB,,,,,,,,,,,,,,,,,,,,,
Godsteel Wargauntlets,Wondrous Item,Yes,,GSB,,,,,,,,,,,,,,,,,,,,,
Gorget of the Holy Soldier,Wondrous Item,Yes-Good Aligned,,GSB,,,,,,,,,,,,,,,,,,,,,
Grasp of Gravity,Wondrous Item,Yes,,GSB,,,,,,,,,,,,,,,,,,,,,
Guardian's Reliquary,Wondrous Item,Yes-Missing an Arm,,GSB,,,,,,,,,,,,,,,,,,,,,
Heart of Damned Intervention,Wondrous Item,"Yes-Cleric, Paladin",,GSB,,,,,,,,,,,,,,,,,,,,,
Helm of the Dawn Guardian,Wondrous Item,Yes,,GSB,,,,,,,,,,,,,,,,,,,,,
Helm of the Justicars,Wondrous Item,Yes,,GSB,,,,,,,,,,,,,,,,,,,,,
Hide of the Wild Guardian,Wondrous Item,Yes-Druid,,GSB,,,,,,,,,,,,,,,,,,,,,
Indigo Stray's Conviction,Wondrous Item,Yes,,GSB,,,,,,,,,,,,,,,,,,,,,
Infernal Chess Set,Wondrous Item,No,,GSB,,,,,,,,,,,,,,,,,,,,,
Life Turner,Wondrous Item,No,,GSB,,,,,,,,,,,,,,,,,,,,,
Lightseer's Gaze,Wondrous Item,Yes-Monk,,GSB,,,,,,,,,,,,,,,,,,,,,
Mark of the Everglacier Monarch,Wondrous Item,Yes-Spellcaster,,GSB,,,,,,,,,,,,,,,,,,,,,
Mask of the Jackal,Wondrous Item,Yes,,GSB,,,,,,,,,,,,,,,,,,,,,
Mask of the Planeseeker,Wondrous Item,Yes,,GSB,,,,,,,,,,,,,,,,,,,,,
Mastery Gem,Wondrous Item,No,,GSB,,,,,,,,,,,,,,,,,,,,,
Meta Mantle,Wondrous Item,Yes-Sorcerer,,GSB,,,,,,,,,,,,,,,,,,,,,
Mirrored Ball of Brag'inir,Wondrous Item,No,,GSB,,,,,,,,,,,,,,,,,,,,,
Mister Bottle,Wondrous Item,No,,GSB,,,,,,,,,,,,,,,,,,,,,
Myceliaweave Circlet,Wondrous Item,Yes,,GSB,,,,,,,,,,,,,,,,,,,,,
Navis Anima,Wondrous Item,No,,GSB,,,,,,,,,,,,,,,,,,,,,
Orange Cicatrizer's Debt,Wondrous Item,Yes-Wis 17,,GSB,,,,,,,,,,,,,,,,,,,,,
Pact Card,Wondrous Item,No,,GSB,,,,,,,,,,,,,,,,,,,,,
Pauldron of the Lost Legion,Wondrous Item,Yes,,GSB,,,,,,,,,,,,,,,,,,,,,
Primordial Earth Heart,Wondrous Item,Yes,,GSB,,,,,,,,,,,,,,,,,,,,,
Quiver of Elemental Chaos,Wondrous Item,Yes,,GSB,,,,,,,,,,,,,,,,,,,,,
Red Claws Regalia,Wondrous Item,Yes,,GSB,,,,,,,,,,,,,,,,,,,,,
Ring of the Golden Directorate,Wondrous Item,Yes,,GSB,,,,,,,,,,,,,,,,,,,,,
Seed of Rebirth,Wondrous Item,Yes,,GSB,,,,,,,,,,,,,,,,,,,,,
Skylit Greaves,Wondrous Item,Yes,,GSB,,,,,,,,,,,,,,,,,,,,,
Smog Baron's Greatcoat,Wondrous item,Yes,,GSB,,,,,,,,,,,,,,,,,,,,,
Sovereignseed Duffel,Wondrous Item,Yes,,GSB,,,,,,,,,,,,,,,,,,,,,
Spire Seed,Wondrous Item,Yes,,GSB,,,,,,,,,,,,,,,,,,,,,
The Pallid Veil,Wondrous Item,"Yes-Cleric, Warlock, or Wizard",,GSB,,,,,,,,,,,,,,,,,,,,,
Tome of Lost Knowledge,Wondrous Item,Yes-Wizard,,GSB,,,,,,,,,,,,,,,,,,,,,
Tome of Planar Wonderings and Wanderings,Wondrous Item,No,,GSB,,,,,,,,,,,,,,,,,,,,,
Tome of the Unknowable,Wondrous item,No,,GSB,,,,,,,,,,,,,,,,,,,,,
Underworld Asphodel Regalia,Wondrous Item,"Yes-Cleric, Wizard",,GSB,,,,,,,,,,,,,,,,,,,,,
Visage of Delight and Disaster,Wondrous Item,Yes-Cha 17,,GSB,,,,,,,,,,,,,,,,,,,,,
,,,,,,,,,,,,,,,,,,,,,,,,,
Axe of the Dwarvish Lords,Weapon,Attunement,Priceless,DMG,,,,,,,,,,,,,,,,,,,,,
Blackrazor,Weapon,Attunement,Priceless,DMG,,,,,,,,,,,,,,,,,,,,,
Book of Exalted Deeds,Wondrous Item,Attunement,Priceless,DMG,,,,,,,,,,,,,,,,,,,,,
Book of Vile Darkness,Wondrous Item,Attunement,Priceless,DMG,,,,,,,,,,,,,,,,,,,,,
Calimemnon Crystal,Wondrous Item,Attunement,Priceless,FRAiF,,,,,,,,,,,,,,,,,,,,,
Crown Of Horns,Wondrous Item,Attunement,Priceless,FRAiF,,,,,,,,,,,,,,,,,,,,,
Demonomicon of Iggwilv,Wondrous Item,Attunement,Priceless,DMG,,,,,,,,,,,,,,,,,,,,,
Eye and Hand of Vecna,Wondrous Item,Attunement,Priceless,DMG,,,,,,,,,,,,,,,,,,,,,
"Ghaal'duur, the Mighty Dirge",Wondrous Item,Attunement,Priceless,EB,,,,,,,,,,,,,,,,,,,,,
Grieving Tree,Eldritch Machine,Attunement,Priceless,EB,,,,,,,,,,,,,,,,,,,,,
Orb of Damara,Wondrous Item,Attunement,Priceless,FRAiF,,,,,,,,,,,,,,,,,,,,,
Orb of Dragonkind,Wondrous Item,Attunement,Priceless,DMG,,,,,,,,,,,,,,,,,,,,,
Sword of Kas,Weapon,Attunement,Priceless,DMG,,,,,,,,,,,,,,,,,,,,,
Wand of Orcus,Wand,Attunement,Priceless,DMG,,,,,,,,,,,,,,,,,,,,,
Wave,Weapon,Attunement,Priceless,DMG,,,,,,,,,,,,,,,,,,,,,
Whelm,Weapon,Attunement,Priceless,DMG,,,,,,,,,,,,,,,,,,,,,
Armor of Absence,Armor (plate),Yes,,GSB,,,,,,,,,,,,,,,,,,,,,
Criir's Scepter,Rod,Yes-Spellcaster,,GSB,,,,,,,,,,,,,,,,,,,,,
"Nimbus, First Staff of the Thunderbirds",Staff,Yes,,GSB,,,,,,,,,,,,,,,,,,,,,
Precipit the Formless,Staff,Yes,,GSB,,,,,,,,,,,,,,,,,,,,,
Staff of Awakening,Staff,Yes-Spellcaster,,GSB,,,,,,,,,,,,,,,,,,,,,
The Suncatcher,Staff,"Yes-Cleric, Druid, Sorceror, or Wizard",,GSB,,,,,,,,,,,,,,,,,,,,,
"Arista, Wand of the Spire",Wand,Yes-Spellcaster,,GSB,,,,,,,,,,,,,,,,,,,,,
"Hatred, the Wrathful Edge",Weapon (greataxe),Yes-Worthy,,GSB,,,,,,,,,,,,,,,,,,,,,
"Skorr, the Hungering Axe",Weapon (greataxe),Yes,,GSB,,,,,,,,,,,,,,,,,,,,,
Ionbreaker the Tempests Reach,Weapon (longbow),Yes,,GSB,,,,,,,,,,,,,,,,,,,,,
Criir's Blade,Weapon (longsword),Yes,,GSB,,,,,,,,,,,,,,,,,,,,,
"Silverwind, The Cleansing Breeze",Weapon (longsword),Yes,,GSB,,,,,,,,,,,,,,,,,,,,,
"Kheld'ir, the Sixth Shot",Weapon (pistol),Yes,,GSB,,,,,,,,,,,,,,,,,,,,,
Galea of the Soulfire Phoenix,Wondrous Item,Yes,,GSB,,,,,,,,,,,,,,,,,,,,,
Tectonic Gauntlets,Wondrous Item,Yes,,GSB,,,,,,,,,,,,,,,,,,,,,
The Griffons Saddlebag,Wondrous Item,No,,GSB,,,,,,,,,,,,,,,,,,,,,
,,,,,,,,,,,,,,,,,,,,,,,,,
Adamantite,200 gp,100 gp,300 gp,,,,,,,,,,,,,,,,,,,,,,
Aerocrystal,400 gp,300 gp,600 gp,,,,,,,,,,,,,,,,,,,,,,
Asmoroch Wood,400 gp,300 gp,600 gp,,,,,,,,,,,,,,,,,,,,,,
Beast Feathers (CR Values),CR% N.,CR% L.,CR% H.,,,,,,,,,,,,,,,,,,,,,,
Bone (CR Values),CR% N.,CR% L.,CR% H.,,,,,,,,,,,,,,,,,,,,,,
Chitin (CR Values),CR% N.,CR% L.,CR% H.,,,,,,,,,,,,,,,,,,,,,,
Cold Iron,100 gp,60 gp,200 gp,,,,,,,,,,,,,,,,,,,,,,
Coral,100 gp,60 gp,200 gp,,,,,,,,,,,,,,,,,,,,,,
Creature Hide (CR Values),CR% N.,CR% L.,CR% H.,,,,,,,,,,,,,,,,,,,,,,
Creature Scales (CR Values),CR% N.,CR% L.,CR% H.,,,,,,,,,,,,,,,,,,,,,,
Darksteel,200 gp,100 gp,300 gp,,,,,,,,,,,,,,,,,,,,,,
Darkwood,100 gp,60 gp,300 gp,,,,,,,,,,,,,,,,,,,,,,
Dwarvenstone,400 gp,300 gp,600 gp,,,,,,,,,,,,,,,,,,,,,,
Eternal Ice,400 gp,300 gp,600 gp,,,,,,,,,,,,,,,,,,,,,,
Ignum,400 gp,300 gp,600 gp,,,,,,,,,,,,,,,,,,,,,,
Infernal Leather,800 gp,600 gp,1200 gp,,,,,,,,,,,,,,,,,,,,,,
Infernal Steel,800 gp,600 gp,1200 gp,,,,,,,,,,,,,,,,,,,,,,
Leafweave,100 gp,60 gp,200 gp,,,,,,,,,,,,,,,,,,,,,,
Mithril,200 gp,100 gp,300 gp,,,,,,,,,,,,,,,,,,,,,,
Obsidian,200 gp,100 gp,300 gp,,,,,,,,,,,,,,,,,,,,,,
Orichalum,400 gp,300 gp,600 gp,,,,,,,,,,,,,,,,,,,,,,
Plague Wood,200 gp,100 gp,300 gp,,,,,,,,,,,,,,,,,,,,,,
Shadowsilk (CR Values),CR% N.,CR% L.,CR% H.,,,,,,,,,,,,,,,,,,,,,,
Shadowfell Linen,800 gp,600 gp,1200 gp,,,,,,,,,,,,,,,,,,,,,,
Spiritual Wood,200 gp,100 gp,300 gp,,,,,,,,,,,,,,,,,,,,,,
Stellar Iron,800 gp,600 gp,1200 gp,,,,,,,,,,,,,,,,,,,,,,
Ansivar,200 gp,100 gp,300 gp,,,,,,,,,,,,,,,,,,,,,,
Harmonium,400 gp,300 gp,600 gp,,,,,,,,,,,,,,,,,,,,,,
Ironwood,100 gp,60 gp,300 gp,,,,,,,,,,,,,,,,,,,,,,
Ansivamonium,800 gp,600 gp,1200 gp,,,,,,,,,,,,,,,,,,,,,,
Creature Organs(Cr Values),CR% N.,CR% L.,CR% H.,,,,,,,,,,,,,,,,,,,,,,
,,,,,,,,,,,,,,,,,,,,,,,,,
Siberys Mark of Detection,Feat,Special,EB,,,,,,,,,,,,,,,,,,,,,,
Siberys Mark of Finding,Feat,Special,EB,,,,,,,,,,,,,,,,,,,,,,
Siberys Mark of Handling,Feat,Special,EB,,,,,,,,,,,,,,,,,,,,,,
Siberys Mark of Healing,Feat,Special,EB,,,,,,,,,,,,,,,,,,,,,,
Siberys Mark of Hospitality,Feat,Special,EB,,,,,,,,,,,,,,,,,,,,,,
Siberys Mark of Making,Feat,Special,EB,,,,,,,,,,,,,,,,,,,,,,
Siberys Mark of Passage,Feat,Special,EB,,,,,,,,,,,,,,,,,,,,,,
Siberys Mark of Scribing,Feat,Special,EB,,,,,,,,,,,,,,,,,,,,,,
Siberys Mark of Sentinel,Feat,Special,EB,,,,,,,,,,,,,,,,,,,,,,
Siberys Mark of Shadow,Feat,Special,EB,,,,,,,,,,,,,,,,,,,,,,
Siberys Mark of Storm,Feat,Special,EB,,,,,,,,,,,,,,,,,,,,,,
Siberys Mark of Warding,Feat,Special,EB,,,,,,,,,,,,,,,,,,,,,,
,,,,,,,,,,,,,,,,,,,,,,,,,
,,,,,,,,,,,,,,,,,,,,,,,,,
,,,,,,,,,,,,,,,,,,,,,,,,,
,,,,,,,,,,,,,,,,,,,,,,,,,
,,,,,,,,,,,,,,,,,,,,,,,,,
,,,,,,,,,,,,,,,,,,,,,,,,,
,,,,,,,,,,,,,,,,,,,,,,,,,
,,,,,,,,,,,,,,,,,,,,,,,,,
,,,,,,,,,,,,,,,,,,,,,,,,,
,,,,,,,,,,,,,,,,,,,,,,,,,
,,,,,,,,,,,,,,,,,,,,,,,,,
,,,,,,,,,,,,,,,,,,,,,,,,,
,,,,,,,,,,,,,,,,,,,,,,,,,
,,,,,,,,,,,,,,,,,,,,,,,,,
,,,,,,,,,,,,,,,,,,,,,,,,,
,,,,,,,,,,,,,,,,,,,,,,,,,
,,,,,,,,,,,,,,,,,,,,,,,,,
,,,,,,,,,,,,,,,,,,,,,,,,,
,,,,,,,,,,,,,,,,,,,,,,,,,
,,,,,,,,,,,,,,,,,,,,,,,,,
,,,,,,,,,,,,,,,,,,,,,,,,,
,,,,,,,,,,,,,,,,,,,,,,,,,
,,,,,,,,,,,,,,,,,,,,,,,,,
,,,,,,,,,,,,,,,,,,,,,,,,,
,,,,,,,,,,,,,,,,,,,,,,,,,
,,,,,,,,,,,,,,,,,,,,,,,,,
,,,,,,,,,,,,,,,,,,,,,,,,,
,,,,,,,,,,,,,,,,,,,,,,,,,
,,,,,,,,,,,,,,,,,,,,,,,,,
,,,,,,,,,,,,,,,,,,,,,,,,,
,,,,,,,,,,,,,,,,,,,,,,,,,
,,,,,,,,,,,,,,,,,,,,,,,,,
,,,,,,,,,,,,,,,,,,,,,,,,,
,,,,,,,,,,,,,,,,,,,,,,,,,
,,,,,,,,,,,,,,,,,,,,,,,,,
,,,,,,,,,,,,,,,,,,,,,,,,,
,,,,,,,,,,,,,,,,,,,,,,,,,
,,,,,,,,,,,,,,,,,,,,,,,,,
,,,,,,,,,,,,,,,,,,,,,,,,,
,,,,,,,,,,,,,,,,,,,,,,,,,
,,,,,,,,,,,,,,,,,,,,,,,,,
,,,,,,,,,,,,,,,,,,,,,,,,,
,,,,,,,,,,,,,,,,,,,,,,,,,
,,,,,,,,,,,,,,,,,,,,,,,,,
,,,,,,,,,,,,,,,,,,,,,,,,,
,,,,,,,,,,,,,,,,,,,,,,,,,
,,,,,,,,,,,,,,,,,,,,,,,,,
,,,,,,,,,,,,,,,,,,,,,,,,,
,,,,,,,,,,,,,,,,,,,,,,,,,
,,,,,,,,,,,,,,,,,,,,,,,,,
,,,,,,,,,,,,,,,,,,,,,,,,,
,,,,,,,,,,,,,,,,,,,,,,,,,
,,,,,,,,,,,,,,,,,,,,,,,,,
,,,,,,,,,,,,,,,,,,,,,,,,,
,,,,,,,,,,,,,,,,,,,,,,,,,
,,,,,,,,,,,,,,,,,,,,,,,,,
,,,,,,,,,,,,,,,,,,,,,,,,,
,,,,,,,,,,,,,,,,,,,,,,,,,
,,,,,,,,,,,,,,,,,,,,,,,,,
,,,,,,,,,,,,,,,,,,,,,,,,,
,,,,,,,,,,,,,,,,,,,,,,,,,
,,,,,,,,,,,,,,,,,,,,,,,,,
,,,,,,,,,,,,,,,,,,,,,,,,,
,,,,,,,,,,,,,,,,,,,,,,,,,
,,,,,,,,,,,,,,,,,,,,,,,,,
,,,,,,,,,,,,,,,,,,,,,,,,,
,,,,,,,,,,,,,,,,,,,,,,,,,
,,,,,,,,,,,,,,,,,,,,,,,,,
,,,,,,,,,,,,,,,,,,,,,,,,,
,,,,,,,,,,,,,,,,,,,,,,,,,
,,,,,,,,,,,,,,,,,,,,,,,,,
,,,,,,,,,,,,,,,,,,,,,,,,,
,,,,,,,,,,,,,,,,,,,,,,,,,
,,,,,,,,,,,,,,,,,,,,,,,,,
,,,,,,,,,,,,,,,,,,,,,,,,,
,,,,,,,,,,,,,,,,,,,,,,,,,
,,,,,,,,,,,,,,,,,,,,,,,,,
,,,,,,,,,,,,,,,,,,,,,,,,,
,,,,,,,,,,,,,,,,,,,,,,,,,
,,,,,,,,,,,,,,,,,,,,,,,,,
,,,,,,,,,,,,,,,,,,,,,,,,,
,,,,,,,,,,,,,,,,,,,,,,,,,
,,,,,,,,,,,,,,,,,,,,,,,,,
,,,,,,,,,,,,,,,,,,,,,,,,,
,,,,,,,,,,,,,,,,,,,,,,,,,
,,,,,,,,,,,,,,,,,,,,,,,,,
,,,,,,,,,,,,,,,,,,,,,,,,,
,,,,,,,,,,,,,,,,,,,,,,,,,
,,,,,,,,,,,,,,,,,,,,,,,,,
,,,,,,,,,,,,,,,,,,,,,,,,,
,,,,,,,,,,,,,,,,,,,,,,,,,
,,,,,,,,,,,,,,,,,,,,,,,,,
,,,,,,,,,,,,,,,,,,,,,,,,,
,,,,,,,,,,,,,,,,,,,,,,,,,
,,,,,,,,,,,,,,,,,,,,,,,,,
,,,,,,,,,,,,,,,,,,,,,,,,,
,,,,,,,,,,,,,,,,,,,,,,,,,
,,,,,,,,,,,,,,,,,,,,,,,,,
,,,,,,,,,,,,,,,,,,,,,,,,,
,,,,,,,,,,,,,,,,,,,,,,,,,
,,,,,,,,,,,,,,,,,,,,,,,,,
,,,,,,,,,,,,,,,,,,,,,,,,,
,,,,,,,,,,,,,,,,,,,,,,,,,
,,,,,,,,,,,,,,,,,,,,,,,,,
,,,,,,,,,,,,,,,,,,,,,,,,,
,,,,,,,,,,,,,,,,,,,,,,,,,
,,,,,,,,,,,,,,,,,,,,,,,,,
,,,,,,,,,,,,,,,,,,,,,,,,,
,,,,,,,,,,,,,,,,,,,,,,,,,
,,,,,,,,,,,,,,,,,,,,,,,,,
,,,,,,,,,,,,,,,,,,,,,,,,,
,,,,,,,,,,,,,,,,,,,,,,,,,
,,,,,,,,,,,,,,,,,,,,,,,,,
,,,,,,,,,,,,,,,,,,,,,,,,,
,,,,,,,,,,,,,,,,,,,,,,,,,
,,,,,,,,,,,,,,,,,,,,,,,,,
,,,,,,,,,,,,,,,,,,,,,,,,,
,,,,,,,,,,,,,,,,,,,,,,,,,
,,,,,,,,,,,,,,,,,,,,,,,,,
,,,,,,,,,,,,,,,,,,,,,,,,,
,,,,,,,,,,,,,,,,,,,,,,,,,
,,,,,,,,,,,,,,,,,,,,,,,,,
,,,,,,,,,,,,,,,,,,,,,,,,,
,,,,,,,,,,,,,,,,,,,,,,,,,
,,,,,,,,,,,,,,,,,,,,,,,,,
,,,,,,,,,,,,,,,,,,,,,,,,,
,,,,,,,,,,,,,,,,,,,,,,,,,
,,,,,,,,,,,,,,,,,,,,,,,,,
,,,,,,,,,,,,,,,,,,,,,,,,,
,,,,,,,,,,,,,,,,,,,,,,,,,
,,,,,,,,,,,,,,,,,,,,,,,,,
,,,,,,,,,,,,,,,,,,,,,,,,,
,,,,,,,,,,,,,,,,,,,,,,,,,
,,,,,,,,,,,,,,,,,,,,,,,,,
,,,,,,,,,,,,,,,,,,,,,,,,,
,,,,,,,,,,,,,,,,,,,,,,,,,
,,,,,,,,,,,,,,,,,,,,,,,,,
,,,,,,,,,,,,,,,,,,,,,,,,,
,,,,,,,,,,,,,,,,,,,,,,,,,
,,,,,,,,,,,,,,,,,,,,,,,,,
,,,,,,,,,,,,,,,,,,,,,,,,,
,,,,,,,,,,,,,,,,,,,,,,,,,
,,,,,,,,,,,,,,,,,,,,,,,,,
,,,,,,,,,,,,,,,,,,,,,,,,,
,,,,,,,,,,,,,,,,,,,,,,,,,
,,,,,,,,,,,,,,,,,,,,,,,,,
,,,,,,,,,,,,,,,,,,,,,,,,,
,,,,,,,,,,,,,,,,,,,,,,,,,
,,,,,,,,,,,,,,,,,,,,,,,,,
,,,,,,,,,,,,,,,,,,,,,,,,,
,,,,,,,,,,,,,,,,,,,,,,,,,
,,,,,,,,,,,,,,,,,,,,,,,,,
,,,,,,,,,,,,,,,,,,,,,,,,,
,,,,,,,,,,,,,,,,,,,,,,,,,
,,,,,,,,,,,,,,,,,,,,,,,,,
,,,,,,,,,,,,,,,,,,,,,,,,,
,,,,,,,,,,,,,,,,,,,,,,,,,
,,,,,,,,,,,,,,,,,,,,,,,,,
,,,,,,,,,,,,,,,,,,,,,,,,,
,,,,,,,,,,,,,,,,,,,,,,,,,
,,,,,,,,,,,,,,,,,,,,,,,,,
,,,,,,,,,,,,,,,,,,,,,,,,,
,,,,,,,,,,,,,,,,,,,,,,,,,
,,,,,,,,,,,,,,,,,,,,,,,,,
,,,,,,,,,,,,,,,,,,,,,,,,,
,,,,,,,,,,,,,,,,,,,,,,,,,
,,,,,,,,,,,,,,,,,,,,,,,,,
,,,,,,,,,,,,,,,,,,,,,,,,,
,,,,,,,,,,,,,,,,,,,,,,,,,
,,,,,,,,,,,,,,,,,,,,,,,,,
,,,,,,,,,,,,,,,,,,,,,,,,,
,,,,,,,,,,,,,,,,,,,,,,,,,
,,,,,,,,,,,,,,,,,,,,,,,,,
,,,,,,,,,,,,,,,,,,,,,,,,,
,,,,,,,,,,,,,,,,,,,,,,,,,
,,,,,,,,,,,,,,,,,,,,,,,,,
,,,,,,,,,,,,,,,,,,,,,,,,,
,,,,,,,,,,,,,,,,,,,,,,,,,
,,,,,,,,,,,,,,,,,,,,,,,,,
,,,,,,,,,,,,,,,,,,,,,,,,,
,,,,,,,,,,,,,,,,,,,,,,,,,
,,,,,,,,,,,,,,,,,,,,,,,,,
,,,,,,,,,,,,,,,,,,,,,,,,,
,,,,,,,,,,,,,,,,,,,,,,,,,
,,,,,,,,,,,,,,,,,,,,,,,,,
,,,,,,,,,,,,,,,,,,,,,,,,,
,,,,,,,,,,,,,,,,,,,,,,,,,
,,,,,,,,,,,,,,,,,,,,,,,,,
,,,,,,,,,,,,,,,,,,,,,,,,,
,,,,,,,,,,,,,,,,,,,,,,,,,
,,,,,,,,,,,,,,,,,,,,,,,,,
,,,,,,,,,,,,,,,,,,,,,,,,,
,,,,,,,,,,,,,,,,,,,,,,,,,
,,,,,,,,,,,,,,,,,,,,,,,,,
,,,,,,,,,,,,,,,,,,,,,,,,,
,,,,,,,,,,,,,,,,,,,,,,,,,
,,,,,,,,,,,,,,,,,,,,,,,,,
,,,,,,,,,,,,,,,,,,,,,,,,,
,,,,,,,,,,,,,,,,,,,,,,,,,
,,,,,,,,,,,,,,,,,,,,,,,,,
,,,,,,,,,,,,,,,,,,,,,,,,,
,,,,,,,,,,,,,,,,,,,,,,,,,
,,,,,,,,,,,,,,,,,,,,,,,,,
,,,,,,,,,,,,,,,,,,,,,,,,,
,,,,,,,,,,,,,,,,,,,,,,,,,
,,,,,,,,,,,,,,,,,,,,,,,,,
,,,,,,,,,,,,,,,,,,,,,,,,,
,,,,,,,,,,,,,,,,,,,,,,,,,
,,,,,,,,,,,,,,,,,,,,,,,,,
,,,,,,,,,,,,,,,,,,,,,,,,,
,,,,,,,,,,,,,,,,,,,,,,,,,
,,,,,,,,,,,,,,,,,,,,,,,,,
,,,,,,,,,,,,,,,,,,,,,,,,,
,,,,,,,,,,,,,,,,,,,,,,,,,
,,,,,,,,,,,,,,,,,,,,,,,,,
,,,,,,,,,,,,,,,,,,,,,,,,,
,,,,,,,,,,,,,,,,,,,,,,,,,
,,,,,,,,,,,,,,,,,,,,,,,,,
,,,,,,,,,,,,,,,,,,,,,,,,,
,,,,,,,,,,,,,,,,,,,,,,,,,
,,,,,,,,,,,,,,,,,,,,,,,,,
,,,,,,,,,,,,,,,,,,,,,,,,,
,,,,,,,,,,,,,,,,,,,,,,,,,
,,,,,,,,,,,,,,,,,,,,,,,,,
,,,,,,,,,,,,,,,,,,,,,,,,,
,,,,,,,,,,,,,,,,,,,,,,,,,
,,,,,,,,,,,,,,,,,,,,,,,,,
,,,,,,,,,,,,,,,,,,,,,,,,,
,,,,,,,,,,,,,,,,,,,,,,,,,
,,,,,,,,,,,,,,,,,,,,,,,,,
,,,,,,,,,,,,,,,,,,,,,,,,,
,,,,,,,,,,,,,,,,,,,,,,,,,
,,,,,,,,,,,,,,,,,,,,,,,,,
,,,,,,,,,,,,,,,,,,,,,,,,,
,,,,,,,,,,,,,,,,,,,,,,,,,
,,,,,,,,,,,,,,,,,,,,,,,,,
,,,,,,,,,,,,,,,,,,,,,,,,,
,,,,,,,,,,,,,,,,,,,,,,,,,
,,,,,,,,,,,,,,,,,,,,,,,,,
,,,,,,,,,,,,,,,,,,,,,,,,,
,,,,,,,,,,,,,,,,,,,,,,,,,
,,,,,,,,,,,,,,,,,,,,,,,,,
,,,,,,,,,,,,,,,,,,,,,,,,,
,,,,,,,,,,,,,,,,,,,,,,,,,
,,,,,,,,,,,,,,,,,,,,,,,,,
,,,,,,,,,,,,,,,,,,,,,,,,,
,,,,,,,,,,,,,,,,,,,,,,,,,
,,,,,,,,,,,,,,,,,,,,,,,,,
,,,,,,,,,,,,,,,,,,,,,,,,,
,,,,,,,,,,,,,,,,,,,,,,,,,
,,,,,,,,,,,,,,,,,,,,,,,,,
,,,,,,,,,,,,,,,,,,,,,,,,,
,,,,,,,,,,,,,,,,,,,,,,,,,
,,,,,,,,,,,,,,,,,,,,,,,,,
,,,,,,,,,,,,,,,,,,,,,,,,,
,,,,,,,,,,,,,,,,,,,,,,,,,
,,,,,,,,,,,,,,,,,,,,,,,,,
,,,,,,,,,,,,,,,,,,,,,,,,,
,,,,,,,,,,,,,,,,,,,,,,,,,
,,,,,,,,,,,,,,,,,,,,,,,,,
,,,,,,,,,,,,,,,,,,,,,,,,,
,,,,,,,,,,,,,,,,,,,,,,,,,
,,,,,,,,,,,,,,,,,,,,,,,,,
,,,,,,,,,,,,,,,,,,,,,,,,,
,,,,,,,,,,,,,,,,,,,,,,,,,
,,,,,,,,,,,,,,,,,,,,,,,,,
,,,,,,,,,,,,,,,,,,,,,,,,,
,,,,,,,,,,,,,,,,,,,,,,,,,
,,,,,,,,,,,,,,,,,,,,,,,,,
,,,,,,,,,,,,,,,,,,,,,,,,,
,,,,,,,,,,,,,,,,,,,,,,,,,
,,,,,,,,,,,,,,,,,,,,,,,,,
,,,,,,,,,,,,,,,,,,,,,,,,,
,,,,,,,,,,,,,,,,,,,,,,,,,
,,,,,,,,,,,,,,,,,,,,,,,,,
,,,,,,,,,,,,,,,,,,,,,,,,,
,,,,,,,,,,,,,,,,,,,,,,,,,
,,,,,,,,,,,,,,,,,,,,,,,,,
,,,,,,,,,,,,,,,,,,,,,,,,,
,,,,,,,,,,,,,,,,,,,,,,,,,
,,,,,,,,,,,,,,,,,,,,,,,,,
,,,,,,,,,,,,,,,,,,,,,,,,,
,,,,,,,,,,,,,,,,,,,,,,,,,
,,,,,,,,,,,,,,,,,,,,,,,,,
,,,,,,,,,,,,,,,,,,,,,,,,,
,,,,,,,,,,,,,,,,,,,,,,,,,
,,,,,,,,,,,,,,,,,,,,,,,,,
,,,,,,,,,,,,,,,,,,,,,,,,,
,,,,,,,,,,,,,,,,,,,,,,,,,
,,,,,,,,,,,,,,,,,,,,,,,,,
,,,,,,,,,,,,,,,,,,,,,,,,,
,,,,,,,,,,,,,,,,,,,,,,,,,
,,,,,,,,,,,,,,,,,,,,,,,,,
,,,,,,,,,,,,,,,,,,,,,,,,,
,,,,,,,,,,,,,,,,,,,,,,,,,
,,,,,,,,,,,,,,,,,,,,,,,,,
,,,,,,,,,,,,,,,,,,,,,,,,,
,,,,,,,,,,,,,,,,,,,,,,,,,
,,,,,,,,,,,,,,,,,,,,,,,,,
,,,,,,,,,,,,,,,,,,,,,,,,,
,,,,,,,,,,,,,,,,,,,,,,,,,
,,,,,,,,,,,,,,,,,,,,,,,,,
,,,,,,,,,,,,,,,,,,,,,,,,,
,,,,,,,,,,,,,,,,,,,,,,,,,
,,,,,,,,,,,,,,,,,,,,,,,,,
,,,,,,,,,,,,,,,,,,,,,,,,,
,,,,,,,,,,,,,,,,,,,,,,,,,
,,,,,,,,,,,,,,,,,,,,,,,,,
,,,,,,,,,,,,,,,,,,,,,,,,,
,,,,,,,,,,,,,,,,,,,,,,,,,
,,,,,,,,,,,,,,,,,,,,,,,,,
,,,,,,,,,,,,,,,,,,,,,,,,,
,,,,,,,,,,,,,,,,,,,,,,,,,
,,,,,,,,,,,,,,,,,,,,,,,,,
,,,,,,,,,,,,,,,,,,,,,,,,,
,,,,,,,,,,,,,,,,,,,,,,,,,
,,,,,,,,,,,,,,,,,,,,,,,,,
,,,,,,,,,,,,,,,,,,,,,,,,,
,,,,,,,,,,,,,,,,,,,,,,,,,
,,,,,,,,,,,,,,,,,,,,,,,,,
,,,,,,,,,,,,,,,,,,,,,,,,,
,,,,,,,,,,,,,,,,,,,,,,,,,
,,,,,,,,,,,,,,,,,,,,,,,,,
,,,,,,,,,,,,,,,,,,,,,,,,,
,,,,,,,,,,,,,,,,,,,,,,,,,
,,,,,,,,,,,,,,,,,,,,,,,,,
,,,,,,,,,,,,,,,,,,,,,,,,,
,,,,,,,,,,,,,,,,,,,,,,,,,
,,,,,,,,,,,,,,,,,,,,,,,,,
,,,,,,,,,,,,,,,,,,,,,,,,,
,,,,,,,,,,,,,,,,,,,,,,,,,
,,,,,,,,,,,,,,,,,,,,,,,,,
,,,,,,,,,,,,,,,,,,,,,,,,,
,,,,,,,,,,,,,,,,,,,,,,,,,
,,,,,,,,,,,,,,,,,,,,,,,,,
,,,,,,,,,,,,,,,,,,,,,,,,,
,,,,,,,,,,,,,,,,,,,,,,,,,
,,,,,,,,,,,,,,,,,,,,,,,,,
,,,,,,,,,,,,,,,,,,,,,,,,,
,,,,,,,,,,,,,,,,,,,,,,,,,
,,,,,,,,,,,,,,,,,,,,,,,,,
,,,,,,,,,,,,,,,,,,,,,,,,,
,,,,,,,,,,,,,,,,,,,,,,,,,
,,,,,,,,,,,,,,,,,,,,,,,,,
,,,,,,,,,,,,,,,,,,,,,,,,,
,,,,,,,,,,,,,,,,,,,,,,,,,
,,,,,,,,,,,,,,,,,,,,,,,,,
,,,,,,,,,,,,,,,,,,,,,,,,,
,,,,,,,,,,,,,,,,,,,,,,,,,
,,,,,,,,,,,,,,,,,,,,,,,,,
,,,,,,,,,,,,,,,,,,,,,,,,,
,,,,,,,,,,,,,,,,,,,,,,,,,
,,,,,,,,,,,,,,,,,,,,,,,,,
,,,,,,,,,,,,,,,,,,,,,,,,,
,,,,,,,,,,,,,,,,,,,,,,,,,
,,,,,,,,,,,,,,,,,,,,,,,,,
,,,,,,,,,,,,,,,,,,,,,,,,,
,,,,,,,,,,,,,,,,,,,,,,,,,
,,,,,,,,,,,,,,,,,,,,,,,,,
,,,,,,,,,,,,,,,,,,,,,,,,,
,,,,,,,,,,,,,,,,,,,,,,,,,
,,,,,,,,,,,,,,,,,,,,,,,,,
,,,,,,,,,,,,,,,,,,,,,,,,,
,,,,,,,,,,,,,,,,,,,,,,,,,
,,,,,,,,,,,,,,,,,,,,,,,,,
,,,,,,,,,,,,,,,,,,,,,,,,,
,,,,,,,,,,,,,,,,,,,,,,,,,
,,,,,,,,,,,,,,,,,,,,,,,,,
,,,,,,,,,,,,,,,,,,,,,,,,,
,,,,,,,,,,,,,,,,,,,,,,,,,
,,,,,,,,,,,,,,,,,,,,,,,,,
,,,,,,,,,,,,,,,,,,,,,,,,,
,,,,,,,,,,,,,,,,,,,,,,,,,
,,,,,,,,,,,,,,,,,,,,,,,,,
,,,,,,,,,,,,,,,,,,,,,,,,,
,,,,,,,,,,,,,,,,,,,,,,,,,
,,,,,,,,,,,,,,,,,,,,,,,,,
,,,,,,,,,,,,,,,,,,,,,,,,,
,,,,,,,,,,,,,,,,,,,,,,,,,
,,,,,,,,,,,,,,,,,,,,,,,,,
,,,,,,,,,,,,,,,,,,,,,,,,,
,,,,,,,,,,,,,,,,,,,,,,,,,
,,,,,,,,,,,,,,,,,,,,,,,,,
,,,,,,,,,,,,,,,,,,,,,,,,,
,,,,,,,,,,,,,,,,,,,,,,,,,
,,,,,,,,,,,,,,,,,,,,,,,,,
,,,,,,,,,,,,,,,,,,,,,,,,,
,,,,,,,,,,,,,,,,,,,,,,,,,
,,,,,,,,,,,,,,,,,,,,,,,,,
,,,,,,,,,,,,,,,,,,,,,,,,,
,,,,,,,,,,,,,,,,,,,,,,,,,
,,,,,,,,,,,,,,,,,,,,,,,,,
,,,,,,,,,,,,,,,,,,,,,,,,,
,,,,,,,,,,,,,,,,,,,,,,,,,
,,,,,,,,,,,,,,,,,,,,,,,,,
,,,,,,,,,,,,,,,,,,,,,,,,,
,,,,,,,,,,,,,,,,,,,,,,,,,
,,,,,,,,,,,,,,,,,,,,,,,,,
,,,,,,,,,,,,,,,,,,,,,,,,,
,,,,,,,,,,,,,,,,,,,,,,,,,
,,,,,,,,,,,,,,,,,,,,,,,,,
,,,,,,,,,,,,,,,,,,,,,,,,,
,,,,,,,,,,,,,,,,,,,,,,,,,
,,,,,,,,,,,,,,,,,,,,,,,,,
,,,,,,,,,,,,,,,,,,,,,,,,,
,,,,,,,,,,,,,,,,,,,,,,,,,
,,,,,,,,,,,,,,,,,,,,,,,,,
,,,,,,,,,,,,,,,,,,,,,,,,,
,,,,,,,,,,,,,,,,,,,,,,,,,
,,,,,,,,,,,,,,,,,,,,,,,,,
,,,,,,,,,,,,,,,,,,,,,,,,,
,,,,,,,,,,,,,,,,,,,,,,,,,
,,,,,,,,,,,,,,,,,,,,,,,,,
,,,,,,,,,,,,,,,,,,,,,,,,,
,,,,,,,,,,,,,,,,,,,,,,,,,
,,,,,,,,,,,,,,,,,,,,,,,,,
,,,,,,,,,,,,,,,,,,,,,,,,,
,,,,,,,,,,,,,,,,,,,,,,,,,
,,,,,,,,,,,,,,,,,,,,,,,,,
,,,,,,,,,,,,,,,,,,,,,,,,,
,,,,,,,,,,,,,,,,,,,,,,,,,
,,,,,,,,,,,,,,,,,,,,,,,,,
,,,,,,,,,,,,,,,,,,,,,,,,,
,,,,,,,,,,,,,,,,,,,,,,,,,
,,,,,,,,,,,,,,,,,,,,,,,,,
,,,,,,,,,,,,,,,,,,,,,,,,,
,,,,,,,,,,,,,,,,,,,,,,,,,
,,,,,,,,,,,,,,,,,,,,,,,,,
,,,,,,,,,,,,,,,,,,,,,,,,,
,,,,,,,,,,,,,,,,,,,,,,,,,
,,,,,,,,,,,,,,,,,,,,,,,,,
,,,,,,,,,,,,,,,,,,,,,,,,,
,,,,,,,,,,,,,,,,,,,,,,,,,
,,,,,,,,,,,,,,,,,,,,,,,,,
,,,,,,,,,,,,,,,,,,,,,,,,,
,,,,,,,,,,,,,,,,,,,,,,,,,
,,,,,,,,,,,,,,,,,,,,,,,,,
,,,,,,,,,,,,,,,,,,,,,,,,,
,,,,,,,,,,,,,,,,,,,,,,,,,
,,,,,,,,,,,,,,,,,,,,,,,,,
,,,,,,,,,,,,,,,,,,,,,,,,,
,,,,,,,,,,,,,,,,,,,,,,,,,
,,,,,,,,,,,,,,,,,,,,,,,,,
,,,,,,,,,,,,,,,,,,,,,,,,,
,,,,,,,,,,,,,,,,,,,,,,,,,
,,,,,,,,,,,,,,,,,,,,,,,,,
,,,,,,,,,,,,,,,,,,,,,,,,,
,,,,,,,,,,,,,,,,,,,,,,,,,
,,,,,,,,,,,,,,,,,,,,,,,,,
,,,,,,,,,,,,,,,,,,,,,,,,,
,,,,,,,,,,,,,,,,,,,,,,,,,
,,,,,,,,,,,,,,,,,,,,,,,,,
,,,,,,,,,,,,,,,,,,,,,,,,,
,,,,,,,,,,,,,,,,,,,,,,,,,
,,,,,,,,,,,,,,,,,,,,,,,,,
,,,,,,,,,,,,,,,,,,,,,,,,,
,,,,,,,,,,,,,,,,,,,,,,,,,
,,,,,,,,,,,,,,,,,,,,,,,,,
,,,,,,,,,,,,,,,,,,,,,,,,,
,,,,,,,,,,,,,,,,,,,,,,,,,
,,,,,,,,,,,,,,,,,,,,,,,,,
,,,,,,,,,,,,,,,,,,,,,,,,,
,,,,,,,,,,,,,,,,,,,,,,,,,
,,,,,,,,,,,,,,,,,,,,,,,,,
,,,,,,,,,,,,,,,,,,,,,,,,,
,,,,,,,,,,,,,,,,,,,,,,,,,
,,,,,,,,,,,,,,,,,,,,,,,,,
,,,,,,,,,,,,,,,,,,,,,,,,,
,,,,,,,,,,,,,,,,,,,,,,,,,
,,,,,,,,,,,,,,,,,,,,,,,,,
,,,,,,,,,,,,,,,,,,,,,,,,,
,,,,,,,,,,,,,,,,,,,,,,,,,
,,,,,,,,,,,,,,,,,,,,,,,,,
,,,,,,,,,,,,,,,,,,,,,,,,,
,,,,,,,,,,,,,,,,,,,,,,,,,
,,,,,,,,,,,,,,,,,,,,,,,,,
,,,,,,,,,,,,,,,,,,,,,,,,,
,,,,,,,,,,,,,,,,,,,,,,,,,
,,,,,,,,,,,,,,,,,,,,,,,,,
,,,,,,,,,,,,,,,,,,,,,,,,,
,,,,,,,,,,,,,,,,,,,,,,,,,
,,,,,,,,,,,,,,,,,,,,,,,,,
,,,,,,,,,,,,,,,,,,,,,,,,,
,,,,,,,,,,,,,,,,,,,,,,,,,
,,,,,,,,,,,,,,,,,,,,,,,,,
,,,,,,,,,,,,,,,,,,,,,,,,,
,,,,,,,,,,,,,,,,,,,,,,,,,
,,,,,,,,,,,,,,,,,,,,,,,,,
,,,,,,,,,,,,,,,,,,,,,,,,,
,,,,,,,,,,,,,,,,,,,,,,,,,
,,,,,,,,,,,,,,,,,,,,,,,,,
,,,,,,,,,,,,,,,,,,,,,,,,,
,,,,,,,,,,,,,,,,,,,,,,,,,
,,,,,,,,,,,,,,,,,,,,,,,,,
,,,,,,,,,,,,,,,,,,,,,,,,,
,,,,,,,,,,,,,,,,,,,,,,,,,
,,,,,,,,,,,,,,,,,,,,,,,,,
,,,,,,,,,,,,,,,,,,,,,,,,,
,,,,,,,,,,,,,,,,,,,,,,,,,
,,,,,,,,,,,,,,,,,,,,,,,,,
,,,,,,,,,,,,,,,,,,,,,,,,,
,,,,,,,,,,,,,,,,,,,,,,,,,
,,,,,,,,,,,,,,,,,,,,,,,,,
,,,,,,,,,,,,,,,,,,,,,,,,,
,,,,,,,,,,,,,,,,,,,,,,,,,
,,,,,,,,,,,,,,,,,,,,,,,,,
,,,,,,,,,,,,,,,,,,,,,,,,,
,,,,,,,,,,,,,,,,,,,,,,,,,
,,,,,,,,,,,,,,,,,,,,,,,,,
,,,,,,,,,,,,,,,,,,,,,,,,,
,,,,,,,,,,,,,,,,,,,,,,,,,
,,,,,,,,,,,,,,,,,,,,,,,,,
,,,,,,,,,,,,,,,,,,,,,,,,,
,,,,,,,,,,,,,,,,,,,,,,,,,
,,,,,,,,,,,,,,,,,,,,,,,,,
,,,,,,,,,,,,,,,,,,,,,,,,,
,,,,,,,,,,,,,,,,,,,,,,,,,
,,,,,,,,,,,,,,,,,,,,,,,,,
,,,,,,,,,,,,,,,,,,,,,,,,,
,,,,,,,,,,,,,,,,,,,,,,,,,
,,,,,,,,,,,,,,,,,,,,,,,,,
,,,,,,,,,,,,,,,,,,,,,,,,,
,,,,,,,,,,,,,,,,,,,,,,,,,
,,,,,,,,,,,,,,,,,,,,,,,,,
,,,,,,,,,,,,,,,,,,,,,,,,,
,,,,,,,,,,,,,,,,,,,,,,,,,
,,,,,,,,,,,,,,,,,,,,,,,,,
,,,,,,,,,,,,,,,,,,,,,,,,,
,,,,,,,,,,,,,,,,,,,,,,,,,
,,,,,,,,,,,,,,,,,,,,,,,,,
,,,,,,,,,,,,,,,,,,,,,,,,,
,,,,,,,,,,,,,,,,,,,,,,,,,
,,,,,,,,,,,,,,,,,,,,,,,,,
,,,,,,,,,,,,,,,,,,,,,,,,,
,,,,,,,,,,,,,,,,,,,,,,,,,
,,,,,,,,,,,,,,,,,,,,,,,,,
,,,,,,,,,,,,,,,,,,,,,,,,,
,,,,,,,,,,,,,,,,,,,,,,,,,
,,,,,,,,,,,,,,,,,,,,,,,,,
,,,,,,,,,,,,,,,,,,,,,,,,,
,,,,,,,,,,,,,,,,,,,,,,,,,
,,,,,,,,,,,,,,,,,,,,,,,,,
,,,,,,,,,,,,,,,,,,,,,,,,,
,,,,,,,,,,,,,,,,,,,,,,,,,
,,,,,,,,,,,,,,,,,,,,,,,,,
,,,,,,,,,,,,,,,,,,,,,,,,,
,,,,,,,,,,,,,,,,,,,,,,,,,
,,,,,,,,,,,,,,,,,,,,,,,,,
,,,,,,,,,,,,,,,,,,,,,,,,,
,,,,,,,,,,,,,,,,,,,,,,,,,
,,,,,,,,,,,,,,,,,,,,,,,,,
,,,,,,,,,,,,,,,,,,,,,,,,,
,,,,,,,,,,,,,,,,,,,,,,,,,
,,,,,,,,,,,,,,,,,,,,,,,,,
,,,,,,,,,,,,,,,,,,,,,,,,,
,,,,,,,,,,,,,,,,,,,,,,,,,
,,,,,,,,,,,,,,,,,,,,,,,,,
,,,,,,,,,,,,,,,,,,,,,,,,,
,,,,,,,,,,,,,,,,,,,,,,,,,
,,,,,,,,,,,,,,,,,,,,,,,,,
,,,,,,,,,,,,,,,,,,,,,,,,,
,,,,,,,,,,,,,,,,,,,,,,,,,
,,,,,,,,,,,,,,,,,,,,,,,,,
,,,,,,,,,,,,,,,,,,,,,,,,,
,,,,,,,,,,,,,,,,,,,,,,,,,
,,,,,,,,,,,,,,,,,,,,,,,,,
,,,,,,,,,,,,,,,,,,,,,,,,,
,,,,,,,,,,,,,,,,,,,,,,,,,
,,,,,,,,,,,,,,,,,,,,,,,,,
,,,,,,,,,,,,,,,,,,,,,,,,,
,,,,,,,,,,,,,,,,,,,,,,,,,
,,,,,,,,,,,,,,,,,,,,,,,,,
,,,,,,,,,,,,,,,,,,,,,,,,,
,,,,,,,,,,,,,,,,,,,,,,,,,
,,,,,,,,,,,,,,,,,,,,,,,,,
,,,,,,,,,,,,,,,,,,,,,,,,,
,,,,,,,,,,,,,,,,,,,,,,,,,
,,,,,,,,,,,,,,,,,,,,,,,,,
,,,,,,,,,,,,,,,,,,,,,,,,,
,,,,,,,,,,,,,,,,,,,,,,,,,
,,,,,,,,,,,,,,,,,,,,,,,,,
,,,,,,,,,,,,,,,,,,,,,,,,,
,,,,,,,,,,,,,,,,,,,,,,,,,
,,,,,,,,,,,,,,,,,,,,,,,,,
,,,,,,,,,,,,,,,,,,,,,,,,,
,,,,,,,,,,,,,,,,,,,,,,,,,
,,,,,,,,,,,,,,,,,,,,,,,,,
,,,,,,,,,,,,,,,,,,,,,,,,,
,,,,,,,,,,,,,,,,,,,,,,,,,
,,,,,,,,,,,,,,,,,,,,,,,,,
,,,,,,,,,,,,,,,,,,,,,,,,,
,,,,,,,,,,,,,,,,,,,,,,,,,
,,,,,,,,,,,,,,,,,,,,,,,,,
,,,,,,,,,,,,,,,,,,,,,,,,,
,,,,,,,,,,,,,,,,,,,,,,,,,
,,,,,,,,,,,,,,,,,,,,,,,,,
,,,,,,,,,,,,,,,,,,,,,,,,,
,,,,,,,,,,,,,,,,,,,,,,,,,
,,,,,,,,,,,,,,,,,,,,,,,,,
,,,,,,,,,,,,,,,,,,,,,,,,,
,,,,,,,,,,,,,,,,,,,,,,,,,
,,,,,,,,,,,,,,,,,,,,,,,,,
,,,,,,,,,,,,,,,,,,,,,,,,,
,,,,,,,,,,,,,,,,,,,,,,,,,
,,,,,,,,,,,,,,,,,,,,,,,,,
,,,,,,,,,,,,,,,,,,,,,,,,,
,,,,,,,,,,,,,,,,,,,,,,,,,
,,,,,,,,,,,,,,,,,,,,,,,,,
,,,,,,,,,,,,,,,,,,,,,,,,,
,,,,,,,,,,,,,,,,,,,,,,,,,
,,,,,,,,,,,,,,,,,,,,,,,,,
,,,,,,,,,,,,,,,,,,,,,,,,,
,,,,,,,,,,,,,,,,,,,,,,,,,
,,,,,,,,,,,,,,,,,,,,,,,,,
,,,,,,,,,,,,,,,,,,,,,,,,,
,,,,,,,,,,,,,,,,,,,,,,,,,
,,,,,,,,,,,,,,,,,,,,,,,,,
,,,,,,,,,,,,,,,,,,,,,,,,,
,,,,,,,,,,,,,,,,,,,,,,,,,
,,,,,,,,,,,,,,,,,,,,,,,,,
,,,,,,,,,,,,,,,,,,,,,,,,,
,,,,,,,,,,,,,,,,,,,,,,,,,
,,,,,,,,,,,,,,,,,,,,,,,,,
,,,,,,,,,,,,,,,,,,,,,,,,,
,,,,,,,,,,,,,,,,,,,,,,,,,
,,,,,,,,,,,,,,,,,,,,,,,,,
,,,,,,,,,,,,,,,,,,,,,,,,,
,,,,,,,,,,,,,,,,,,,,,,,,,
,,,,,,,,,,,,,,,,,,,,,,,,,
,,,,,,,,,,,,,,,,,,,,,,,,,
,,,,,,,,,,,,,,,,,,,,,,,,,
,,,,,,,,,,,,,,,,,,,,,,,,,
,,,,,,,,,,,,,,,,,,,,,,,,,
,,,,,,,,,,,,,,,,,,,,,,,,,
,,,,,,,,,,,,,,,,,,,,,,,,,
,,,,,,,,,,,,,,,,,,,,,,,,,
,,,,,,,,,,,,,,,,,,,,,,,,,
,,,,,,,,,,,,,,,,,,,,,,,,,
,,,,,,,,,,,,,,,,,,,,,,,,,
,,,,,,,,,,,,,,,,,,,,,,,,,
,,,,,,,,,,,,,,,,,,,,,,,,,
,,,,,,,,,,,,,,,,,,,,,,,,,
,,,,,,,,,,,,,,,,,,,,,,,,,
,,,,,,,,,,,,,,,,,,,,,,,,,
,,,,,,,,,,,,,,,,,,,,,,,,,
,,,,,,,,,,,,,,,,,,,,,,,,,
,,,,,,,,,,,,,,,,,,,,,,,,,
,,,,,,,,,,,,,,,,,,,,,,,,,
,,,,,,,,,,,,,,,,,,,,,,,,,
,,,,,,,,,,,,,,,,,,,,,,,,,
,,,,,,,,,,,,,,,,,,,,,,,,,
,,,,,,,,,,,,,,,,,,,,,,,,,
,,,,,,,,,,,,,,,,,,,,,,,,,
,,,,,,,,,,,,,,,,,,,,,,,,,
,,,,,,,,,,,,,,,,,,,,,,,,,
,,,,,,,,,,,,,,,,,,,,,,,,,
,,,,,,,,,,,,,,,,,,,,,,,,,
,,,,,,,,,,,,,,,,,,,,,,,,,
,,,,,,,,,,,,,,,,,,,,,,,,,
,,,,,,,,,,,,,,,,,,,,,,,,,
,,,,,,,,,,,,,,,,,,,,,,,,,
,,,,,,,,,,,,,,,,,,,,,,,,,
,,,,,,,,,,,,,,,,,,,,,,,,,
,,,,,,,,,,,,,,,,,,,,,,,,,
,,,,,,,,,,,,,,,,,,,,,,,,,
,,,,,,,,,,,,,,,,,,,,,,,,,
,,,,,,,,,,,,,,,,,,,,,,,,,
,,,,,,,,,,,,,,,,,,,,,,,,,
,,,,,,,,,,,,,,,,,,,,,,,,,
,,,,,,,,,,,,,,,,,,,,,,,,,
,,,,,,,,,,,,,,,,,,,,,,,,,
,,,,,,,,,,,,,,,,,,,,,,,,,
,,,,,,,,,,,,,,,,,,,,,,,,,
,,,,,,,,,,,,,,,,,,,,,,,,,
,,,,,,,,,,,,,,,,,,,,,,,,,
,,,,,,,,,,,,,,,,,,,,,,,,,
,,,,,,,,,,,,,,,,,,,,,,,,,
,,,,,,,,,,,,,,,,,,,,,,,,,
,,,,,,,,,,,,,,,,,,,,,,,,,
,,,,,,,,,,,,,,,,,,,,,,,,,
,,,,,,,,,,,,,,,,,,,,,,,,,
,,,,,,,,,,,,,,,,,,,,,,,,,
,,,,,,,,,,,,,,,,,,,,,,,,,
,,,,,,,,,,,,,,,,,,,,,,,,,
,,,,,,,,,,,,,,,,,,,,,,,,,
,,,,,,,,,,,,,,,,,,,,,,,,,
,,,,,,,,,,,,,,,,,,,,,,,,,
,,,,,,,,,,,,,,,,,,,,,,,,,
,,,,,,,,,,,,,,,,,,,,,,,,,
,,,,,,,,,,,,,,,,,,,,,,,,,
,,,,,,,,,,,,,,,,,,,,,,,,,
,,,,,,,,,,,,,,,,,,,,,,,,,
,,,,,,,,,,,,,,,,,,,,,,,,,
,,,,,,,,,,,,,,,,,,,,,,,,,
,,,,,,,,,,,,,,,,,,,,,,,,,
,,,,,,,,,,,,,,,,,,,,,,,,,
,,,,,,,,,,,,,,,,,,,,,,,,,
,,,,,,,,,,,,,,,,,,,,,,,,,
,,,,,,,,,,,,,,,,,,,,,,,,,
,,,,,,,,,,,,,,,,,,,,,,,,,
,,,,,,,,,,,,,,,,,,,,,,,,,
,,,,,,,,,,,,,,,,,,,,,,,,,
,,,,,,,,,,,,,,,,,,,,,,,,,
,,,,,,,,,,,,,,,,,,,,,,,,,
,,,,,,,,,,,,,,,,,,,,,,,,,
,,,,,,,,,,,,,,,,,,,,,,,,,
,,,,,,,,,,,,,,,,,,,,,,,,,
,,,,,,,,,,,,,,,,,,,,,,,,,
,,,,,,,,,,,,,,,,,,,,,,,,,
,,,,,,,,,,,,,,,,,,,,,,,,,
,,,,,,,,,,,,,,,,,,,,,,,,,
,,,,,,,,,,,,,,,,,,,,,,,,,
,,,,,,,,,,,,,,,,,,,,,,,,,
,,,,,,,,,,,,,,,,,,,,,,,,,
,,,,,,,,,,,,,,,,,,,,,,,,,
,,,,,,,,,,,,,,,,,,,,,,,,,
,,,,,,,,,,,,,,,,,,,,,,,,,
,,,,,,,,,,,,,,,,,,,,,,,,,
,,,,,,,,,,,,,,,,,,,,,,,,,
,,,,,,,,,,,,,,,,,,,,,,,,,
,,,,,,,,,,,,,,,,,,,,,,,,,
,,,,,,,,,,,,,,,,,,,,,,,,,
,,,,,,,,,,,,,,,,,,,,,,,,,
,,,,,,,,,,,,,,,,,,,,,,,,,
,,,,,,,,,,,,,,,,,,,,,,,,,
,,,,,,,,,,,,,,,,,,,,,,,,,
,,,,,,,,,,,,,,,,,,,,,,,,,
,,,,,,,,,,,,,,,,,,,,,,,,,
,,,,,,,,,,,,,,,,,,,,,,,,,
,,,,,,,,,,,,,,,,,,,,,,,,,
,,,,,,,,,,,,,,,,,,,,,,,,,
,,,,,,,,,,,,,,,,,,,,,,,,,
,,,,,,,,,,,,,,,,,,,,,,,,,
,,,,,,,,,,,,,,,,,,,,,,,,,
,,,,,,,,,,,,,,,,,,,,,,,,,
,,,,,,,,,,,,,,,,,,,,,,,,,
,,,,,,,,,,,,,,,,,,,,,,,,,
,,,,,,,,,,,,,,,,,,,,,,,,,
,,,,,,,,,,,,,,,,,,,,,,,,,
,,,,,,,,,,,,,,,,,,,,,,,,,
,,,,,,,,,,,,,,,,,,,,,,,,,
,,,,,,,,,,,,,,,,,,,,,,,,,
,,,,,,,,,,,,,,,,,,,,,,,,,
,,,,,,,,,,,,,,,,,,,,,,,,,
,,,,,,,,,,,,,,,,,,,,,,,,,
,,,,,,,,,,,,,,,,,,,,,,,,,
,,,,,,,,,,,,,,,,,,,,,,,,,
,,,,,,,,,,,,,,,,,,,,,,,,,
,,,,,,,,,,,,,,,,,,,,,,,,,
,,,,,,,,,,,,,,,,,,,,,,,,,
,,,,,,,,,,,,,,,,,,,,,,,,,
,,,,,,,,,,,,,,,,,,,,,,,,,
,,,,,,,,,,,,,,,,,,,,,,,,,
,,,,,,,,,,,,,,,,,,,,,,,,,
,,,,,,,,,,,,,,,,,,,,,,,,,
,,,,,,,,,,,,,,,,,,,,,,,,,
,,,,,,,,,,,,,,,,,,,,,,,,,
,,,,,,,,,,,,,,,,,,,,,,,,,
,,,,,,,,,,,,,,,,,,,,,,,,,
,,,,,,,,,,,,,,,,,,,,,,,,,
,,,,,,,,,,,,,,,,,,,,,,,,,
,,,,,,,,,,,,,,,,,,,,,,,,,
,,,,,,,,,,,,,,,,,,,,,,,,,
,,,,,,,,,,,,,,,,,,,,,,,,,
,,,,,,,,,,,,,,,,,,,,,,,,,
,,,,,,,,,,,,,,,,,,,,,,,,,
,,,,,,,,,,,,,,,,,,,,,,,,,
,,,,,,,,,,,,,,,,,,,,,,,,,
,,,,,,,,,,,,,,,,,,,,,,,,,
,,,,,,,,,,,,,,,,,,,,,,,,,
,,,,,,,,,,,,,,,,,,,,,,,,,
,,,,,,,,,,,,,,,,,,,,,,,,,
,,,,,,,,,,,,,,,,,,,,,,,,,
,,,,,,,,,,,,,,,,,,,,,,,,,
,,,,,,,,,,,,,,,,,,,,,,,,,
,,,,,,,,,,,,,,,,,,,,,,,,,
,,,,,,,,,,,,,,,,,,,,,,,,,
,,,,,,,,,,,,,,,,,,,,,,,,,
,,,,,,,,,,,,,,,,,,,,,,,,,
,,,,,,,,,,,,,,,,,,,,,,,,,
,,,,,,,,,,,,,,,,,,,,,,,,,
,,,,,,,,,,,,,,,,,,,,,,,,,
,,,,,,,,,,,,,,,,,,,,,,,,,
,,,,,,,,,,,,,,,,,,,,,,,,,
,,,,,,,,,,,,,,,,,,,,,,,,,
,,,,,,,,,,,,,,,,,,,,,,,,,
,,,,,,,,,,,,,,,,,,,,,,,,,
,,,,,,,,,,,,,,,,,,,,,,,,,
,,,,,,,,,,,,,,,,,,,,,,,,,
,,,,,,,,,,,,,,,,,,,,,,,,,
,,,,,,,,,,,,,,,,,,,,,,,,,
,,,,,,,,,,,,,,,,,,,,,,,,,
,,,,,,,,,,,,,,,,,,,,,,,,,
,,,,,,,,,,,,,,,,,,,,,,,,,
,,,,,,,,,,,,,,,,,,,,,,,,,
,,,,,,,,,,,,,,,,,,,,,,,,,
,,,,,,,,,,,,,,,,,,,,,,,,,
,,,,,,,,,,,,,,,,,,,,,,,,,
,,,,,,,,,,,,,,,,,,,,,,,,,
,,,,,,,,,,,,,,,,,,,,,,,,,
,,,,,,,,,,,,,,,,,,,,,,,,,
,,,,,,,,,,,,,,,,,,,,,,,,,
,,,,,,,,,,,,,,,,,,,,,,,,,
,,,,,,,,,,,,,,,,,,,,,,,,,
,,,,,,,,,,,,,,,,,,,,,,,,,
,,,,,,,,,,,,,,,,,,,,,,,,,
,,,,,,,,,,,,,,,,,,,,,,,,,
,,,,,,,,,,,,,,,,,,,,,,,,,
,,,,,,,,,,,,,,,,,,,,,,,,,
,,,,,,,,,,,,,,,,,,,,,,,,,
,,,,,,,,,,,,,,,,,,,,,,,,,
,,,,,,,,,,,,,,,,,,,,,,,,,
,,,,,,,,,,,,,,,,,,,,,,,,,
,,,,,,,,,,,,,,,,,,,,,,,,,
,,,,,,,,,,,,,,,,,,,,,,,,,
,,,,,,,,,,,,,,,,,,,,,,,,,
,,,,,,,,,,,,,,,,,,,,,,,,,
,,,,,,,,,,,,,,,,,,,,,,,,,
,,,,,,,,,,,,,,,,,,,,,,,,,
,,,,,,,,,,,,,,,,,,,,,,,,,
,,,,,,,,,,,,,,,,,,,,,,,,,
,,,,,,,,,,,,,,,,,,,,,,,,,
,,,,,,,,,,,,,,,,,,,,,,,,,
,,,,,,,,,,,,,,,,,,,,,,,,,
,,,,,,,,,,,,,,,,,,,,,,,,,
,,,,,,,,,,,,,,,,,,,,,,,,,
,,,,,,,,,,,,,,,,,,,,,,,,,
,,,,,,,,,,,,,,,,,,,,,,,,,
,,,,,,,,,,,,,,,,,,,,,,,,,
,,,,,,,,,,,,,,,,,,,,,,,,,
,,,,,,,,,,,,,,,,,,,,,,,,,
,,,,,,,,,,,,,,,,,,,,,,,,,
,,,,,,,,,,,,,,,,,,,,,,,,,
,,,,,,,,,,,,,,,,,,,,,,,,,
,,,,,,,,,,,,,,,,,,,,,,,,,
,,,,,,,,,,,,,,,,,,,,,,,,,
,,,,,,,,,,,,,,,,,,,,,,,,,
,,,,,,,,,,,,,,,,,,,,,,,,,
,,,,,,,,,,,,,,,,,,,,,,,,,
,,,,,,,,,,,,,,,,,,,,,,,,,
,,,,,,,,,,,,,,,,,,,,,,,,,
,,,,,,,,,,,,,,,,,,,,,,,,,
,,,,,,,,,,,,,,,,,,,,,,,,,
,,,,,,,,,,,,,,,,,,,,,,,,,
,,,,,,,,,,,,,,,,,,,,,,,,,
,,,,,,,,,,,,,,,,,,,,,,,,,
,,,,,,,,,,,,,,,,,,,,,,,,,
,,,,,,,,,,,,,,,,,,,,,,,,,
,,,,,,,,,,,,,,,,,,,,,,,,,
,,,,,,,,,,,,,,,,,,,,,,,,,
,,,,,,,,,,,,,,,,,,,,,,,,,
,,,,,,,,,,,,,,,,,,,,,,,,,
,,,,,,,,,,,,,,,,,,,,,,,,,
,,,,,,,,,,,,,,,,,,,,,,,,,
,,,,,,,,,,,,,,,,,,,,,,,,,
,,,,,,,,,,,,,,,,,,,,,,,,,
,,,,,,,,,,,,,,,,,,,,,,,,,
,,,,,,,,,,,,,,,,,,,,,,,,,
,,,,,,,,,,,,,,,,,,,,,,,,,
,,,,,,,,,,,,,,,,,,,,,,,,,
,,,,,,,,,,,,,,,,,,,,,,,,,
,,,,,,,,,,,,,,,,,,,,,,,,,
,,,,,,,,,,,,,,,,,,,,,,,,,
,,,,,,,,,,,,,,,,,,,,,,,,,
,,,,,,,,,,,,,,,,,,,,,,,,,
,,,,,,,,,,,,,,,,,,,,,,,,,
,,,,,,,,,,,,,,,,,,,,,,,,,
,,,,,,,,,,,,,,,,,,,,,,,,,
,,,,,,,,,,,,,,,,,,,,,,,,,
,,,,,,,,,,,,,,,,,,,,,,,,,
,,,,,,,,,,,,,,,,,,,,,,,,,
,,,,,,,,,,,,,,,,,,,,,,,,,
,,,,,,,,,,,,,,,,,,,,,,,,,
,,,,,,,,,,,,,,,,,,,,,,,,,
,,,,,,,,,,,,,,,,,,,,,,,,,
,,,,,,,,,,,,,,,,,,,,,,,,,
,,,,,,,,,,,,,,,,,,,,,,,,,
,,,,,,,,,,,,,,,,,,,,,,,,,
,,,,,,,,,,,,,,,,,,,,,,,,,
,,,,,,,,,,,,,,,,,,,,,,,,,
,,,,,,,,,,,,,,,,,,,,,,,,,
,,,,,,,,,,,,,,,,,,,,,,,,,
,,,,,,,,,,,,,,,,,,,,,,,,,
,,,,,,,,,,,,,,,,,,,,,,,,,
,,,,,,,,,,,,,,,,,,,,,,,,,
,,,,,,,,,,,,,,,,,,,,,,,,,
,,,,,,,,,,,,,,,,,,,,,,,,,
,,,,,,,,,,,,,,,,,,,,,,,,,
,,,,,,,,,,,,,,,,,,,,,,,,,
,,,,,,,,,,,,,,,,,,,,,,,,,
,,,,,,,,,,,,,,,,,,,,,,,,,
,,,,,,,,,,,,,,,,,,,,,,,,,
,,,,,,,,,,,,,,,,,,,,,,,,,
,,,,,,,,,,,,,,,,,,,,,,,,,
,,,,,,,,,,,,,,,,,,,,,,,,,
,,,,,,,,,,,,,,,,,,,,,,,,,
,,,,,,,,,,,,,,,,,,,,,,,,,
,,,,,,,,,,,,,,,,,,,,,,,,,
,,,,,,,,,,,,,,,,,,,,,,,,,
,,,,,,,,,,,,,,,,,,,,,,,,,
,,,,,,,,,,,,,,,,,,,,,,,,,
,,,,,,,,,,,,,,,,,,,,,,,,,
,,,,,,,,,,,,,,,,,,,,,,,,,
,,,,,,,,,,,,,,,,,,,,,,,,,
,,,,,,,,,,,,,,,,,,,,,,,,,
,,,,,,,,,,,,,,,,,,,,,,,,,
,,,,,,,,,,,,,,,,,,,,,,,,,
,,,,,,,,,,,,,,,,,,,,,,,,,
,,,,,,,,,,,,,,,,,,,,,,,,,
,,,,,,,,,,,,,,,,,,,,,,,,,
,,,,,,,,,,,,,,,,,,,,,,,,,
,,,,,,,,,,,,,,,,,,,,,,,,,
,,,,,,,,,,,,,,,,,,,,,,,,,
,,,,,,,,,,,,,,,,,,,,,,,,,
,,,,,,,,,,,,,,,,,,,,,,,,,
,,,,,,,,,,,,,,,,,,,,,,,,,
,,,,,,,,,,,,,,,,,,,,,,,,,
,,,,,,,,,,,,,,,,,,,,,,,,,
,,,,,,,,,,,,,,,,,,,,,,,,,
,,,,,,,,,,,,,,,,,,,,,,,,,
,,,,,,,,,,,,,,,,,,,,,,,,,
,,,,,,,,,,,,,,,,,,,,,,,,,
,,,,,,,,,,,,,,,,,,,,,,,,,
,,,,,,,,,,,,,,,,,,,,,,,,,
,,,,,,,,,,,,,,,,,,,,,,,,,
,,,,,,,,,,,,,,,,,,,,,,,,,
,,,,,,,,,,,,,,,,,,,,,,,,,
,,,,,,,,,,,,,,,,,,,,,,,,,
,,,,,,,,,,,,,,,,,,,,,,,,,
,,,,,,,,,,,,,,,,,,,,,,,,,
,,,,,,,,,,,,,,,,,,,,,,,,,
,,,,,,,,,,,,,,,,,,,,,,,,,
,,,,,,,,,,,,,,,,,,,,,,,,,
,,,,,,,,,,,,,,,,,,,,,,,,,
,,,,,,,,,,,,,,,,,,,,,,,,,
,,,,,,,,,,,,,,,,,,,,,,,,,
,,,,,,,,,,,,,,,,,,,,,,,,,
,,,,,,,,,,,,,,,,,,,,,,,,,
,,,,,,,,,,,,,,,,,,,,,,,,,
,,,,,,,,,,,,,,,,,,,,,,,,,
,,,,,,,,,,,,,,,,,,,,,,,,,
,,,,,,,,,,,,,,,,,,,,,,,,,
,,,,,,,,,,,,,,,,,,,,,,,,,
,,,,,,,,,,,,,,,,,,,,,,,,,
,,,,,,,,,,,,,,,,,,,,,,,,,
,,,,,,,,,,,,,,,,,,,,,,,,,
,,,,,,,,,,,,,,,,,,,,,,,,,
,,,,,,,,,,,,,,,,,,,,,,,,,
,,,,,,,,,,,,,,,,,,,,,,,,,
,,,,,,,,,,,,,,,,,,,,,,,,,
,,,,,,,,,,,,,,,,,,,,,,,,,
,,,,,,,,,,,,,,,,,,,,,,,,,
,,,,,,,,,,,,,,,,,,,,,,,,,
,,,,,,,,,,,,,,,,,,,,,,,,,
,,,,,,,,,,,,,,,,,,,,,,,,,
,,,,,,,,,,,,,,,,,,,,,,,,,
,,,,,,,,,,,,,,,,,,,,,,,,,
,,,,,,,,,,,,,,,,,,,,,,,,,
,,,,,,,,,,,,,,,,,,,,,,,,,
,,,,,,,,,,,,,,,,,,,,,,,,,
,,,,,,,,,,,,,,,,,,,,,,,,,
,,,,,,,,,,,,,,,,,,,,,,,,,
,,,,,,,,,,,,,,,,,,,,,,,,,
,,,,,,,,,,,,,,,,,,,,,,,,,
,,,,,,,,,,,,,,,,,,,,,,,,,
,,,,,,,,,,,,,,,,,,,,,,,,,
,,,,,,,,,,,,,,,,,,,,,,,,,
,,,,,,,,,,,,,,,,,,,,,,,,,
,,,,,,,,,,,,,,,,,,,,,,,,,
,,,,,,,,,,,,,,,,,,,,,,,,,
,,,,,,,,,,,,,,,,,,,,,,,,,
,,,,,,,,,,,,,,,,,,,,,,,,,
,,,,,,,,,,,,,,,,,,,,,,,,,
,,,,,,,,,,,,,,,,,,,,,,,,,
,,,,,,,,,,,,,,,,,,,,,,,,,
,,,,,,,,,,,,,,,,,,,,,,,,,
,,,,,,,,,,,,,,,,,,,,,,,,,
,,,,,,,,,,,,,,,,,,,,,,,,,
,,,,,,,,,,,,,,,,,,,,,,,,,
,,,,,,,,,,,,,,,,,,,,,,,,,
,,,,,,,,,,,,,,,,,,,,,,,,,
,,,,,,,,,,,,,,,,,,,,,,,,,
,,,,,,,,,,,,,,,,,,,,,,,,,
,,,,,,,,,,,,,,,,,,,,,,,,,
,,,,,,,,,,,,,,,,,,,,,,,,,
,,,,,,,,,,,,,,,,,,,,,,,,,
,,,,,,,,,,,,,,,,,,,,,,,,,
,,,,,,,,,,,,,,,,,,,,,,,,,
,,,,,,,,,,,,,,,,,,,,,,,,,
,,,,,,,,,,,,,,,,,,,,,,,,,
,,,,,,,,,,,,,,,,,,,,,,,,,
,,,,,,,,,,,,,,,,,,,,,,,,,
,,,,,,,,,,,,,,,,,,,,,,,,,
,,,,,,,,,,,,,,,,,,,,,,,,,
,,,,,,,,,,,,,,,,,,,,,,,,,
,,,,,,,,,,,,,,,,,,,,,,,,,
,,,,,,,,,,,,,,,,,,,,,,,,,
,,,,,,,,,,,,,,,,,,,,,,,,,
,,,,,,,,,,,,,,,,,,,,,,,,,
,,,,,,,,,,,,,,,,,,,,,,,,,
,,,,,,,,,,,,,,,,,,,,,,,,,
