Name,Type,Attunement,Price,Source,Damage,Description
Abjurer's Ward (Uncommon),Wondrous Item,No,400 GP,GSB,-,"Abjurer's Ward is an uncommon magical wondrous item that grants a distinctive utility, defensive, or combat-related supernatural effect associated with its theme."
Acorn Charm,Wondrous Item,No,400 GP,GSB,-,"Acorn Charm is a small magical charm that grants a limited protective, utility, or luck-related benefit."
Acorn Helmet,Wondrous Item,No,400 GP,GSB,-,"Acorn Helmet is an uncommon magical wondrous item that grants a distinctive utility, defensive, or combat-related supernatural effect associated with its theme."
Adamantine Armor,Armor,-,B+400 GP,DMG,-,"While wearing this armor, any critical hit against you becomes a normal hit."
Adamantine Weapon,Weapon,-,B+400 GP,DMG,Weapon's normal damage,This adamantine weapon is exceptionally effective against objects and durable materials.
Alchemimic,Wondrous Item,No,400 GP,GSB,-,"Alchemimic is an uncommon magical wondrous item that grants a distinctive utility, defensive, or combat-related supernatural effect associated with its theme."
Alchemist's Bubblegun,Weapon (pistol),No,400 GP,GSB,Weapon's normal damage,"Alchemist's Bubblegun is a magical weapon with an additional combat effect, special attack option, or utility property associated with its theme."
Alchemist's Potion Belt,Wondrous Item,No,200 GP,GSB,-,"Alchemist's Potion Belt is a consumable magical preparation that grants a temporary restorative, transformative, protective, or utility effect when used."
Alchemist's Shaker,Wondrous item,No,400 GP,GSB,-,"Alchemist's Shaker is an uncommon magical wondrous item that grants a distinctive utility, defensive, or combat-related supernatural effect associated with its theme."
Alchemy Blade,Weapon (shortsword),No,400 GP,GSB,Weapon's normal damage,"Alchemy Blade is a magical weapon with an additional combat effect, special attack option, or utility property associated with its theme."
Alchemy Jug,Wondrous Item,-,400 GP,DMG,-,This ceramic jug can produce set quantities of several different liquids each day.
Ambitious Medic's Box,Wondrous Item,Yes,400 GP,GSB,-,"Ambitious Medic's Box is an uncommon magical wondrous item that grants a distinctive utility, defensive, or combat-related supernatural effect associated with its theme."
Ammunition (Uncommon),Weapon,-,Varies,DMG,Weapon's normal damage,"This magic ammunition grants a bonus to attack and damage rolls determined by its version. Once it hits a target, it loses its magic; on a miss, the ammunition may be recoverable."
Amulet of Buoyancy,Wondrous Item,No,400 GP,GSB,-,"Amulet of Buoyancy is a magical neck-worn item that provides a protective, sensory, restorative, or spell-like benefit while worn."
Amulet of Equilibrium,Wondrous Item,Yes,400 GP,GSB,-,"Amulet of Equilibrium is a magical neck-worn item that provides a protective, sensory, restorative, or spell-like benefit while worn."
Amulet of Proof against Detection and Location,Wondrous Item,Attunement,400 GP,DMG,-,"While wearing this amulet, you are hidden from divination magic and cannot be targeted by magical scrying sensors."
Amulet of the Guiding Eye,Wondrous Item,Yes,400 GP,GSB,-,"Amulet of the Guiding Eye is a magical neck-worn item that provides a protective, sensory, restorative, or spell-like benefit while worn."
Amulet of the Unknowne,Wondrous Item,Yes-Warlock,400 GP,GSB,-,"Amulet of the Unknowne is a magical neck-worn item that provides a protective, sensory, restorative, or spell-like benefit while worn."
Amulet of the Wagoneer,Wondrous Item,No,400 GP,GSB,-,"Amulet of the Wagoneer is a magical neck-worn item that provides a protective, sensory, restorative, or spell-like benefit while worn."
Angler's Armor,Armor (scale mail),Yes,400 GP,GSB,-,"Angler's Armor is enchanted armor that grants a special defensive, movement, sensory, or environmental benefit related to its theme."
Angler's Wand,Wand,No,400 GP,GSB,-,Angler's Wand is a magical wand with a limited-use spell-like or supernatural effect that reflects its name.
Angler's Worldy Fisher,Wondrous Item,No,400 GP,GSB,-,"Angler's Worldy Fisher is an uncommon magical wondrous item that grants a distinctive utility, defensive, or combat-related supernatural effect associated with its theme."
Arachnic Grappler,Weapon (pistol),Yes,400 GP,GSB,Weapon's normal damage,"Arachnic Grappler is a magical weapon with an additional combat effect, special attack option, or utility property associated with its theme."
Arcane Battery,Wondrous Item,-,200 GP,NF,-,"Arcane Battery is an uncommon magical wondrous item that grants a distinctive utility, defensive, or combat-related supernatural effect associated with its theme."
Arcanist's Magnificent Magnifier,Wondrous Item,No,400 GP,GSB,Cold,"Arcanist's Magnificent Magnifier is an uncommon magical wondrous item that grants a distinctive utility, defensive, or combat-related supernatural effect associated with its theme."
Arm of Balaria,Weapon (quarterstaff),Yes-Monk,400 GP,GSB,Weapon's normal damage,"Arm of Balaria is a magical weapon with an additional combat effect, special attack option, or utility property associated with its theme."
Arming Ring,Ring,No,400 GP,GSB,-,Arming Ring is a magical ring that grants its wearer a limited supernatural ability or passive benefit reflecting the ring's theme.
Arrow of Anchoring,Weapon (arrow or bolt),No,400 GP,GSB,Weapon's normal damage,"Arrow of Anchoring is a magical weapon with an additional combat effect, special attack option, or utility property associated with its theme."
Arrow of Expulsion (Uncommon),Weapon (arrow),No,400 GP,GSB,Weapon's normal damage,"Arrow of Expulsion is a magical weapon with an additional combat effect, special attack option, or utility property associated with its theme."
Artisan's Signet,Ring,Yes,400 GP,GSB,-,Artisan's Signet is a magical ring that grants its wearer a limited supernatural ability or passive benefit reflecting the ring's theme.
Astronomer's Boon,Wondrous Item,No,400 GP,GSB,-,"Astronomer's Boon is an uncommon magical wondrous item that grants a distinctive utility, defensive, or combat-related supernatural effect associated with its theme."
Attack-In-The-Box,Weapon (flail),No,400 GP,GSB,Weapon's normal damage,"Attack-In-The-Box is a magical weapon with an additional combat effect, special attack option, or utility property associated with its theme."
Augurer's Coin,Wondrous Item,No,400 GP,GSB,-,"Augurer's Coin is an uncommon magical wondrous item that grants a distinctive utility, defensive, or combat-related supernatural effect associated with its theme."
Axe Beak Tomahawk,Weapon (handaxe),No,400 GP,GSB,Weapon's normal damage,"Axe Beak Tomahawk is a magical weapon with an additional combat effect, special attack option, or utility property associated with its theme."
Axe of Hurricanes,Weapon (any axe),No,400 GP,GSB,Weapon's normal damage,"Axe of Hurricanes is a magical weapon with an additional combat effect, special attack option, or utility property associated with its theme."
Baba Yaga's Dancing Broom,Wondrous Item,Attunement,400 GP,DMG,-,"Baba Yaga's Dancing Broom is an uncommon magical wondrous item that grants a distinctive utility, defensive, or combat-related supernatural effect associated with its theme."
Badge of the Savant,Wondrous Item,No,400 GP,GSB,-,"Badge of the Savant is an uncommon magical wondrous item that grants a distinctive utility, defensive, or combat-related supernatural effect associated with its theme."
Bag of Continual Embers,Wondrous item,No,400 GP,GSB,Fire,"Bag of Continual Embers is a magical container with unusual storage, conjuration, retrieval, or utility properties."
Bag of Forging Coals,Wondrous Item,No,400 GP,GSB,-,"Bag of Forging Coals is a magical container with unusual storage, conjuration, retrieval, or utility properties."
Bag of Gifts,Wondrous Item,No,400 GP,GSB,-,"Bag of Gifts is a magical container with unusual storage, conjuration, retrieval, or utility properties."
Bag of Goodberry Gummy Fish,Wondrous Item,No,400 GP,GSB,-,"Bag of Goodberry Gummy Fish is a magical container with unusual storage, conjuration, retrieval, or utility properties."
Bag of Holding,Wondrous Item,-,400 GP,DMG,-,"This extradimensional bag can hold far more than its outside dimensions suggest, up to its magical weight and volume limits."
Bag of Irresistible Leaves,Wondrous Item,No,400 GP,GSB,-,"Bag of Irresistible Leaves is a magical container with unusual storage, conjuration, retrieval, or utility properties."
Bag of Sundrops,Wondrous Item,No,400 GP,GSB,-,"Bag of Sundrops is a magical container with unusual storage, conjuration, retrieval, or utility properties."
Bag of the Burglar,Wondrous Item,No,400 GP,GSB,-,"Bag of the Burglar is a magical container with unusual storage, conjuration, retrieval, or utility properties."
Bag of Tricks,Wondrous Item,-,400 GP,DMG,-,You can pull fuzzy objects from this bag and throw them to summon random friendly beasts for a limited time.
Ball of Giant Spiderweb,Wondrous item,No,400 GP,GSB,-,"Ball of Giant Spiderweb is an uncommon magical wondrous item that grants a distinctive utility, defensive, or combat-related supernatural effect associated with its theme."
Ballista Pike,Weapon (pike),No,400 GP,GSB,Weapon's normal damage,"Ballista Pike is a magical weapon with an additional combat effect, special attack option, or utility property associated with its theme."
Ballista Prosthesis,Wondrous Item,"Yes-Missing an Arm, Forearm, or Hand",400 GP,GSB,-,"Ballista Prosthesis is an uncommon magical wondrous item that grants a distinctive utility, defensive, or combat-related supernatural effect associated with its theme."
Bane Shield,Armor (shield),Yes,400 GP,GSB,-,"Bane Shield is enchanted armor that grants a special defensive, movement, sensory, or environmental benefit related to its theme."
Bangle of Sun and Moon,Wondrous Item,Yes,400 GP,GSB,-,"Bangle of Sun and Moon is an uncommon magical wondrous item that grants a distinctive utility, defensive, or combat-related supernatural effect associated with its theme."
Barge Helm,Wondrous Item,No,400 GP,GSB,-,"Barge Helm is an uncommon magical wondrous item that grants a distinctive utility, defensive, or combat-related supernatural effect associated with its theme."
Barricade Shield,Armor (shield),No,400 GP,GSB,-,"Barricade Shield is enchanted armor that grants a special defensive, movement, sensory, or environmental benefit related to its theme."
Baton of Many Sizes,Rod,No,400 GP,GSB,-,Baton of Many Sizes is a magical rod or baton that can be activated to produce a specialized utility or combat effect.
Battery Shield,Armor (shield),No,400 GP,GSB,-,"Battery Shield is enchanted armor that grants a special defensive, movement, sensory, or environmental benefit related to its theme."
Battlebeat Club,Weapon (club),No,400 GP,GSB,Weapon's normal damage,"Battlebeat Club is a magical weapon with an additional combat effect, special attack option, or utility property associated with its theme."
Battlebeat Drum,Armor (shield),No,400 GP,GSB,-,"Battlebeat Drum is enchanted armor that grants a special defensive, movement, sensory, or environmental benefit related to its theme."
Battlebrew Bomb,Wondrous Item,No,400 GP,GSB,-,"Battlebrew Bomb is an uncommon magical wondrous item that grants a distinctive utility, defensive, or combat-related supernatural effect associated with its theme."
Battlechef Beater,Weapon (mace),No,400 GP,GSB,Weapon's normal damage,"Battlechef Beater is a magical weapon with an additional combat effect, special attack option, or utility property associated with its theme."
Battlechef Buckler,Armor (shield),No,400 GP,GSB,-,"Battlechef Buckler is enchanted armor that grants a special defensive, movement, sensory, or environmental benefit related to its theme."
Battlechef Field Dresser,Weapon (dagger),Yes,400 GP,GSB,Weapon's normal damage,"Battlechef Field Dresser is a magical weapon with an additional combat effect, special attack option, or utility property associated with its theme."
Battlechef Pulverizers,Wondrous Item,No,400 GP,GSB,-,"Battlechef Pulverizers is an uncommon magical wondrous item that grants a distinctive utility, defensive, or combat-related supernatural effect associated with its theme."
Battlechef's Serving Bowls,Wondrous Item,No,400 GP,GSB,Weapon's normal damage,"Battlechef's Serving Bowls is a magical weapon with an additional combat effect, special attack option, or utility property associated with its theme."
Battlement Bow,Weapon (any bow),Yes,400 GP,GSB,Weapon's normal damage,"Battlement Bow is a magical weapon with an additional combat effect, special attack option, or utility property associated with its theme."
Battletax,Weapon (battleaxe),Yes,400 GP,GSB,Weapon's normal damage,"Battletax is a magical weapon with an additional combat effect, special attack option, or utility property associated with its theme."
Beard Cannon,Wondrous Item,Yes,400 GP,GSB,-,"Beard Cannon is an uncommon magical wondrous item that grants a distinctive utility, defensive, or combat-related supernatural effect associated with its theme."
Behirazooka (Uncommon),Weapon,No,B+400 GP,GSB,Weapon's normal damage,"Behirazooka is a magical weapon with an additional combat effect, special attack option, or utility property associated with its theme."
Bellhop Topper,Wondrous Item,No,400 GP,GSB,-,Bellhop Topper is a magical instrument that creates a limited supernatural effect when played.
Big Cat Slippers,Wondrous Item,No,400 GP,GSB,-,Big Cat Slippers is magical footwear that enhances movement or grants a terrain- or travel-related supernatural benefit.
Birder's Sling Staff,Weapon (quarterstaff),Yes,400 GP,GSB,Weapon's normal damage,"Birder's Sling Staff is a magical weapon with an additional combat effect, special attack option, or utility property associated with its theme."
Biting Sickle,Weapon (sickle),No,400 GP,GSB,Weapon's normal damage,"Biting Sickle is a magical weapon with an additional combat effect, special attack option, or utility property associated with its theme."
Blast Javelin,Weapon (javelin),No,400 GP,GSB,Weapon's normal damage,"Blast Javelin is a magical weapon with an additional combat effect, special attack option, or utility property associated with its theme."
Blast Ooze,Wondrous Item,No,400 GP,GSB,Acid,"Blast Ooze is an uncommon magical wondrous item that grants a distinctive utility, defensive, or combat-related supernatural effect associated with its theme."
Bletherby's Bootlegs,Wondrous Item,No,400 GP,GSB,-,"Bletherby's Bootlegs is an uncommon magical wondrous item that grants a distinctive utility, defensive, or combat-related supernatural effect associated with its theme."
Bloodhound Amulet,Wondrous Item,No,400 GP,GSB,-,"Bloodhound Amulet is a magical neck-worn item that provides a protective, sensory, restorative, or spell-like benefit while worn."
Bloodhound Charm,Wondrous item,No,400 GP,GSB,-,"Bloodhound Charm is a small magical charm that grants a limited protective, utility, or luck-related benefit."
Bloodmire Phiale,Wondrous Item,No,400 GP,GSB,-,"Bloodmire Phiale is an uncommon magical wondrous item that grants a distinctive utility, defensive, or combat-related supernatural effect associated with its theme."
Bloodthirsty Bistoury,Weapon (dagger),Yes-Evil Aligned,400 GP,GSB,Weapon's normal damage,"Bloodthirsty Bistoury is a magical weapon with an additional combat effect, special attack option, or utility property associated with its theme."
Bloodthirsty Trident,Weapon (trident),No,400 GP,GSB,Weapon's normal damage,"Bloodthirsty Trident is a magical weapon with an additional combat effect, special attack option, or utility property associated with its theme."
Blowfish Armor,Armor (padded),No,400 GP,GSB,-,"Blowfish Armor is enchanted armor that grants a special defensive, movement, sensory, or environmental benefit related to its theme."
Boing Boing Bon Bon,Wondrous Item,No,400 GP,GSB,-,"Boing Boing Bon Bon is an uncommon magical wondrous item that grants a distinctive utility, defensive, or combat-related supernatural effect associated with its theme."
Bolt of Inspiration,Weapon (arrow or bolt),No,400 GP,GSB,Weapon's normal damage,"Bolt of Inspiration is a magical weapon with an additional combat effect, special attack option, or utility property associated with its theme."
Bone Picker,Weapon (war pick),No,400 GP,GSB,Weapon's normal damage,"Bone Picker is a magical weapon with an additional combat effect, special attack option, or utility property associated with its theme."
Book of Clothiers Croquis,Wondrous Item,No,400 GP,GSB,-,"Book of Clothiers Croquis is a magical written work that grants knowledge, improves a skill, or produces a limited spell-like effect when studied."
Boomerang Sickle,Weapon (sickle),No,400 GP,GSB,Weapon's normal damage,"Boomerang Sickle is a magical weapon with an additional combat effect, special attack option, or utility property associated with its theme."
Boots of Elvenkind,Wondrous Item,-,400 GP,DMG,-,"Your steps make no sound while you wear these boots, making you much better at moving silently."
Boots of Striding and Springing,Wondrous Item,Attunement,400 GP,DMG,-,"While wearing these boots, your walking speed is at least 30 feet and your jumping distance is greatly increased."
Boots of the Cloud Jumper,Wondrous Item,Yes,400 GP,GSB,-,Boots of the Cloud Jumper is magical footwear that enhances movement or grants a terrain- or travel-related supernatural benefit.
Boots of the Winding Path,Wondrous Item,Attunement,400 GP,EFotA,-,Boots of the Winding Path is magical footwear that enhances movement or grants a terrain- or travel-related supernatural benefit.
Boots of the Winterlands,Wondrous Item,Attunement,400 GP,DMG,Cold,"You have resistance to cold damage, ignore difficult terrain caused by ice or snow, and tolerate extreme cold."
Borbos's Marvelous Magic Marker (Uncommon),Wondrous Item,No,400 GP,GSB,-,"This self-inking marker can replace ink and a quill, and its ink color can be changed as a bonus action. Once per dawn, you can triple-click it to make the brush erase ink for up to 1 minute instead, removing up to 1 square foot of ink containing no more than 150 characters or 25 words."
Bottled Talent,Potion,No,200 GP,GSB,-,"Bottled Talent is a magical vessel that stores, creates, releases, or transforms a substance or effect when activated."
Bottled Will-o'-Wisp,Wondrous Item,No,400 GP,GSB,-,"Bottled Will-o'-Wisp is a magical vessel that stores, creates, releases, or transforms a substance or effect when activated."
Bottled Yawn,Wondrous Item,No,400 GP,GSB,-,"Bottled Yawn is a magical vessel that stores, creates, releases, or transforms a substance or effect when activated."
Bounty Hunter Enforcer,Weapon (quarterstaff),No,400 GP,GSB,Force,"Bounty Hunter Enforcer is a magical weapon with an additional combat effect, special attack option, or utility property associated with its theme."
Bountyfinder's Tricorn,Wondrous Item,No,400 GP,GSB,-,"Bountyfinder's Tricorn is an uncommon magical wondrous item that grants a distinctive utility, defensive, or combat-related supernatural effect associated with its theme."
Bowstring Amulet,Wondrous Item,No,400 GP,GSB,Weapon's normal damage,"Bowstring Amulet is a magical weapon with an additional combat effect, special attack option, or utility property associated with its theme."
Bracelet of the Centipede,Wondrous Item,No,400 GP,GSB,-,"Bracelet of the Centipede is an uncommon magical wondrous item that grants a distinctive utility, defensive, or combat-related supernatural effect associated with its theme."
Bracers of Archery,Wondrous Item,Attunement,400 GP,DMG,-,"While wearing these bracers, you gain proficiency with bows and a bonus to damage rolls made with them."
Braided Quarterstaff,Weapon (quarterstaff),No,400 GP,GSB,Weapon's normal damage,"Braided Quarterstaff is a magical weapon with an additional combat effect, special attack option, or utility property associated with its theme."
Bramble Buckler,Armor (shield),"Yes-Druid, Ranger",400 GP,GSB,-,"Bramble Buckler is enchanted armor that grants a special defensive, movement, sensory, or environmental benefit related to its theme."
Bramble Token Cuff,Wondrous Item,No,400 GP,GSB,-,"Bramble Token Cuff is a small magical charm that grants a limited protective, utility, or luck-related benefit."
Brawler's Ring,Ring,No,400 GP,GSB,-,Brawler's Ring is a magical ring that grants its wearer a limited supernatural ability or passive benefit reflecting the ring's theme.
Brooch of Shielding,Wondrous Item,Attunement,400 GP,DMG,Force,You have resistance to force damage and immunity to damage from the magic missile spell while wearing this brooch.
Broom of Flying,Wondrous Item,Attunement,400 GP,DMG,-,This magic broom can fly while carrying a rider and can travel to a named destination on command.
Brutal Macuahuitl,Weapon (longsword),No,400 GP,GSB,Weapon's normal damage,"Brutal Macuahuitl is a magical weapon with an additional combat effect, special attack option, or utility property associated with its theme."
Bug Smashers,Wondrous Item,No,400 GP,GSB,-,"Bug Smashers is an uncommon magical wondrous item that grants a distinctive utility, defensive, or combat-related supernatural effect associated with its theme."
Bulette Bulwark,Armor (shield),Yes,400 GP,GSB,-,"Bulette Bulwark is enchanted armor that grants a special defensive, movement, sensory, or environmental benefit related to its theme."
Bullfrog Bugle,Wondrous Item,No,400 GP,GSB,-,"Bullfrog Bugle is an uncommon magical wondrous item that grants a distinctive utility, defensive, or combat-related supernatural effect associated with its theme."
Burrage's Collegiate Case,Wondrous Item,No,400 GP,GSB,-,"Burrage's Collegiate Case is an uncommon magical wondrous item that grants a distinctive utility, defensive, or combat-related supernatural effect associated with its theme."
Cactus Mace,Weapon (mace),No,400 GP,GSB,Weapon's normal damage,"Cactus Mace is a magical weapon with an additional combat effect, special attack option, or utility property associated with its theme."
Calligrapher's Shade,Wondrous Item,Yes,400 GP,GSB,-,"Calligrapher's Shade is an uncommon magical wondrous item that grants a distinctive utility, defensive, or combat-related supernatural effect associated with its theme."
Camper's Respite,Rod,No,400 GP,GSB,-,Camper's Respite is a magical rod or baton that can be activated to produce a specialized utility or combat effect.
Candle of Antilight,Wondrous Item,No,400 GP,GSB,-,"Candle of Antilight is an uncommon magical wondrous item that grants a distinctive utility, defensive, or combat-related supernatural effect associated with its theme."
Candlecover Hat,Wondrous Item,Yes-Spellcaster,400 GP,GSB,-,"Candlecover Hat is an uncommon magical wondrous item that grants a distinctive utility, defensive, or combat-related supernatural effect associated with its theme."
Candleflame Bow,Weapon (any bow or crossbow),Yes,400 GP,GSB,Fire,"Candleflame Bow is a magical weapon with an additional combat effect, special attack option, or utility property associated with its theme."
Canister of Vreyval's Soothing Tea,Wondrous Item,No,400 GP,GSB,-,"Canister of Vreyval's Soothing Tea is an uncommon magical wondrous item that grants a distinctive utility, defensive, or combat-related supernatural effect associated with its theme."
Cap of Vanishing,Wondrous Item,Attunement,400 GP,WtHC,-,"Cap of Vanishing is an uncommon magical wondrous item that grants a distinctive utility, defensive, or combat-related supernatural effect associated with its theme."
Cap of Water Breathing,Wondrous Item,-,400 GP,DMG,-,"While wearing this cap underwater, you can create a bubble of breathable air around your head."
Carrion War Pick,Weapon (war pick),No,400 GP,GSB,Weapon's normal damage,"Carrion War Pick is a magical weapon with an additional combat effect, special attack option, or utility property associated with its theme."
Carrion War Pick,Weapon (war pick),No,400 GP,GSB,Weapon's normal damage,"Carrion War Pick is a magical weapon with an additional combat effect, special attack option, or utility property associated with its theme."
Cat Eye Glasses,Wondrous Item,No,400 GP,GSB,-,"Cat Eye Glasses is a magical visual aid that enhances sight or grants a special way to perceive creatures, objects, or hidden details."
Celestial Sunrise Potion (Uncommon),Potion,No,200 GP,GSB,-,"The common potion makes light shine from your mouth for 1 hour in a 20-foot cone of bright light plus 20 feet of dim light. The uncommon version instead lasts 8 hours, lets you see normally through magical and nonmagical darkness, and increases those light ranges to 40 feet each."
Censer Chime (Uncommon),Wondrous Item,No,400 GP,GSB,-,"Censer Chime is an uncommon magical wondrous item that grants a distinctive utility, defensive, or combat-related supernatural effect associated with its theme."
Cernivorous Coin Pouch,Wondrous Item,Yes,400 GP,GSB,-,"Cernivorous Coin Pouch is an uncommon magical wondrous item that grants a distinctive utility, defensive, or combat-related supernatural effect associated with its theme."
Champaign Saber,Weapon (scimitar),Yes,400 GP,GSB,Weapon's normal damage,"Champaign Saber is a magical weapon with an additional combat effect, special attack option, or utility property associated with its theme."
Chapel Lantern,Wondrous Item,No,400 GP,GSB,-,"Chapel Lantern produces or manipulates magical light and may reveal, ward against, or affect creatures within its illumination."
Charging Bugle,Wondrous Item,No,400 GP,GSB,-,"Charging Bugle is an uncommon magical wondrous item that grants a distinctive utility, defensive, or combat-related supernatural effect associated with its theme."
Charlatans Wardrobe,Wondrous Item,No,400 GP,GSB,-,"Charlatans Wardrobe is an uncommon magical wondrous item that grants a distinctive utility, defensive, or combat-related supernatural effect associated with its theme."
Choas Reins,Wondrous Item,Yes,400 GP,GSB,-,"Choas Reins is an uncommon magical wondrous item that grants a distinctive utility, defensive, or combat-related supernatural effect associated with its theme."
Chromacloth,Weapon (sling),No,400 GP,GSB,Weapon's normal damage,"Chromacloth is a magical weapon with an additional combat effect, special attack option, or utility property associated with its theme."
Chromatic Obsidian Orb (Uncommon),Wondrous Item,Yes-Spellcaster,400 GP,GSB,-,"Chromatic Obsidian Orb is an uncommon magical wondrous item that grants a distinctive utility, defensive, or combat-related supernatural effect associated with its theme."
Circlet of Blasting,Wondrous Item,-,400 GP,DMG,Fire,"Once per day, this circlet can cast scorching ray."
Clangor Clapper,Weapon (club or mace),No,400 GP,GSB,Weapon's normal damage,"Clangor Clapper is a magical weapon with an additional combat effect, special attack option, or utility property associated with its theme."
Claw Sickle,Weapon (sickle),Yes-Lycanthrope,400 GP,GSB,Weapon's normal damage,"Claw Sickle is a magical weapon with an additional combat effect, special attack option, or utility property associated with its theme."
Claymore of the Great Badger,Weapon (greatsword),Yes,400 GP,GSB,Weapon's normal damage,"Claymore of the Great Badger is a magical weapon with an additional combat effect, special attack option, or utility property associated with its theme."
Clear Bell,Wondrous Item,No,400 GP,GSB,-,Clear Bell is a magical instrument that creates a limited supernatural effect when played.
Cloak of Daggers,Wondrous Item,Yes,400 GP,GSB,Weapon's normal damage,"Cloak of Daggers is a magical weapon with an additional combat effect, special attack option, or utility property associated with its theme."
Cloak of Elvenkind,Wondrous Item,Attunement,400 GP,DMG,-,"While wearing this cloak with its hood up, you are harder to see and better able to hide."
Cloak of Protection,Wondrous Item,Attunement,400 GP,DMG,-,"While wearing this cloak, you gain a +1 bonus to AC and saving throws."
Cloak of the Manta Ray,Wondrous Item,Attunement,400 GP,DMG,-,"While wearing this cloak with its hood up underwater, you can breathe underwater and gain a fast swimming speed."
Clockwork Earwig,Wondrous Item,No,400 GP,GSB,-,"Clockwork Earwig is an uncommon magical wondrous item that grants a distinctive utility, defensive, or combat-related supernatural effect associated with its theme."
Clockwork Faefly,Wondrous Item,No,400 GP,GSB,-,"Clockwork Faefly is an uncommon magical wondrous item that grants a distinctive utility, defensive, or combat-related supernatural effect associated with its theme."
Clockwork Inkbeetle,Wondrous Item,No,400 GP,GSB,-,"Clockwork Inkbeetle is an uncommon magical wondrous item that grants a distinctive utility, defensive, or combat-related supernatural effect associated with its theme."
Clockwork Mend-A-Pillar,Wondrous Item,No,400 GP,GSB,-,"Clockwork Mend-A-Pillar is an uncommon magical wondrous item that grants a distinctive utility, defensive, or combat-related supernatural effect associated with its theme."
Club of Dancing,Weapon (club),Yes,400 GP,GSB,Weapon's normal damage,"Club of Dancing is a magical weapon with an additional combat effect, special attack option, or utility property associated with its theme."
Club of the Forest Drake,Weapon (club),No,400 GP,GSB,Weapon's normal damage,"Club of the Forest Drake is a magical weapon with an additional combat effect, special attack option, or utility property associated with its theme."
Club of the Rook,Weapon (club),No,400 GP,GSB,Weapon's normal damage,"Club of the Rook is a magical weapon with an additional combat effect, special attack option, or utility property associated with its theme."
Coat of Manty Eyes (Uncommon),Armor,Attunement,B+400 GP,EB,-,"Coat of Manty Eyes is enchanted armor that grants a special defensive, movement, sensory, or environmental benefit related to its theme."
Coil Crook,Staff,No,400 GP,GSB,-,"Coil Crook is a consumable magical preparation that grants a temporary restorative, transformative, protective, or utility effect when used."
Comet Dart,Weapon (dart),No,400 GP,GSB,Weapon's normal damage,"Comet Dart is a magical weapon with an additional combat effect, special attack option, or utility property associated with its theme."
Compass Blowgun,Weapon (blowgun),Yes,400 GP,GSB,Weapon's normal damage,"Compass Blowgun is a magical weapon with an additional combat effect, special attack option, or utility property associated with its theme."
Contact Lenses,Wondrous Item,Yes,400 GP,GSB,-,"Contact Lenses is a magical visual aid that enhances sight or grants a special way to perceive creatures, objects, or hidden details."
Coralshield Golem,Armor (shield),Yes,400 GP,GSB,-,"Coralshield Golem is enchanted armor that grants a special defensive, movement, sensory, or environmental benefit related to its theme."
Corsage of the Hidden Thorn,Wondrous Item,No,400 GP,GSB,-,Corsage of the Hidden Thorn is a magical instrument that creates a limited supernatural effect when played.
Couatl Heralds Guard,Armor (shield),Yes-Good Aligned,400 GP,GSB,-,"Couatl Heralds Guard is enchanted armor that grants a special defensive, movement, sensory, or environmental benefit related to its theme."
Couatl Heralds Mantle,Wondrous Item,Yes-Good Aligned,400 GP,GSB,-,"Couatl Heralds Mantle is a magical garment that grants a protective, movement, concealment, or transformation effect while worn."
Courtesans Fanblade,Weapon (dagger),Yes,400 GP,GSB,Weapon's normal damage,"Courtesans Fanblade is a magical weapon with an additional combat effect, special attack option, or utility property associated with its theme."
Covolt Dagger,Weapon (dagger),No,400 GP,GSB,Weapon's normal damage,"Covolt Dagger is a magical weapon with an additional combat effect, special attack option, or utility property associated with its theme."
Crawling Gauntlet,Wondrous Item,Attunement,400 GP,EB,-,"Crawling Gauntlet is a magical hand-worn item that improves a physical task, attack, defense, or interaction tied to its theme."
Crier's Scroll Case,Wondrous Item,Yes,400 GP,GSB,-,"Crier's Scroll Case is an uncommon magical wondrous item that grants a distinctive utility, defensive, or combat-related supernatural effect associated with its theme."
Crier's Scroll Case,Wondrous item,Yes,400 GP,GSB,-,"Crier's Scroll Case is an uncommon magical wondrous item that grants a distinctive utility, defensive, or combat-related supernatural effect associated with its theme."
Crossbow of the Flying Fist,"Weapon (crossbow, hand)",Yes,400 GP,GSB,Weapon's normal damage,"Crossbow of the Flying Fist is a magical weapon with an additional combat effect, special attack option, or utility property associated with its theme."
Crow Coin,Wondrous Item,No,400 GP,GSB,-,"Crow Coin is an uncommon magical wondrous item that grants a distinctive utility, defensive, or combat-related supernatural effect associated with its theme."
Crowfoot's Cane,Weapon (musket),No,400 GP,GSB,Weapon's normal damage,"Crowfoot's Cane is a magical weapon with an additional combat effect, special attack option, or utility property associated with its theme."
Cuff of Captions,Wondrous Item,Yes,400 GP,GSB,-,"Cuff of Captions is an uncommon magical wondrous item that grants a distinctive utility, defensive, or combat-related supernatural effect associated with its theme."
Curse Cutter,Wondrous Item,No,400 GP,GSB,-,"Curse Cutter is an uncommon magical wondrous item that grants a distinctive utility, defensive, or combat-related supernatural effect associated with its theme."
Dagger of First Light,Weapon (dagger),No,400 GP,GSB,Weapon's normal damage,"Dagger of First Light is a magical weapon with an additional combat effect, special attack option, or utility property associated with its theme."
Dagger of the Ogre Mage,Weapon (shortsword),Yes,400 GP,GSB,Weapon's normal damage,"Dagger of the Ogre Mage is a magical weapon with an additional combat effect, special attack option, or utility property associated with its theme."
Dark Mantle,Wondrous Item,Yes,400 GP,GSB,-,"Dark Mantle is a magical garment that grants a protective, movement, concealment, or transformation effect while worn."
Dart of Caltrops,Weapon (dart),No,400 GP,GSB,Weapon's normal damage,"Dart of Caltrops is a magical weapon with an additional combat effect, special attack option, or utility property associated with its theme."
Dart of the Macaw,Weapon (blowgun needle or dart),No,400 GP,GSB,Weapon's normal damage,"Dart of the Macaw is a magical weapon with an additional combat effect, special attack option, or utility property associated with its theme."
Dead Sun Lamp,Wondrous item,No,400 GP,GSB,-,"Dead Sun Lamp produces or manipulates magical light and may reveal, ward against, or affect creatures within its illumination."
Death Dog Lasher,Weapon (whip),No,400 GP,GSB,Necrotic,"Death Dog Lasher is a magical weapon with an additional combat effect, special attack option, or utility property associated with its theme."
Decanter of Endless Water,Wondrous Item,-,400 GP,DMG,-,"This flask produces an endless supply of fresh or salt water, including a powerful geyser effect."
Deck of Illusions,Wondrous Item,-,400 GP,DMG,-,Each card thrown from this deck creates a convincing illusory creature or scene until the effect ends.
Detective's Notebook,Wondrous Item,Yes,400 GP,GSB,-,"Detective's Notebook is a magical written work that grants knowledge, improves a skill, or produces a limited spell-like effect when studied."
Devils Detail Eyepatch,Wondrous Item,No,400 GP,GSB,-,"Devils Detail Eyepatch is a magical visual aid that enhances sight or grants a special way to perceive creatures, objects, or hidden details."
Direstone Dwarven Key,Weapon (handaxe),Yes-Dwarf,400 GP,GSB,Weapon's normal damage,"Direstone Dwarven Key is a magical weapon with an additional combat effect, special attack option, or utility property associated with its theme."
Discordant Thunderstave,Weapon (quarterstaff),Yes,400 GP,GSB,Thunder,"Discordant Thunderstave is a magical weapon with an additional combat effect, special attack option, or utility property associated with its theme."
Displacement Leathers,Armor (leather),Yes,400 GP,GSB,-,"Displacement Leathers is enchanted armor that grants a special defensive, movement, sensory, or environmental benefit related to its theme."
Distant Kaleidoscope,Wondrous Item,No,400 GP,GSB,-,"Distant Kaleidoscope is an uncommon magical wondrous item that grants a distinctive utility, defensive, or combat-related supernatural effect associated with its theme."
Divination Key,Wondrous Item,No,400 GP,GSB,-,"Divination Key is an uncommon magical wondrous item that grants a distinctive utility, defensive, or combat-related supernatural effect associated with its theme."
Domclavis,Wondrous Item,No,400 GP,GSB,-,"Domclavis is an uncommon magical wondrous item that grants a distinctive utility, defensive, or combat-related supernatural effect associated with its theme."
Dominic's Field Guide to Language,Wondrous Item,No,400 GP,GSB,-,"Dominic's Field Guide to Language is an uncommon magical wondrous item that grants a distinctive utility, defensive, or combat-related supernatural effect associated with its theme."
Doom Scroll,Scroll,No,400 GP,GSB,-,"Doom Scroll is an uncommon magical scroll that grants a distinctive utility, defensive, or combat-related supernatural effect associated with its theme."
Doomsday Cookie,Wondrous Item,No,400 GP,GSB,-,"Doomsday Cookie is an uncommon magical wondrous item that grants a distinctive utility, defensive, or combat-related supernatural effect associated with its theme."
Dragon Edge Weapons (Uncommon),Weapon (any slashing or piercing simple weapon),No,400 GP,GSB,Weapon's normal damage,"Dragon Edge Weapons is a magical weapon with an additional combat effect, special attack option, or utility property associated with its theme."
Dragonmark Resevoir,Wondrous Item,Attunement,400 GP,EB,-,"Dragonmark Resevoir is an uncommon magical wondrous item that grants a distinctive utility, defensive, or combat-related supernatural effect associated with its theme."
Dragons Call,Wondrous Item,No,400 GP,GSB,-,"Dragons Call is an uncommon magical wondrous item that grants a distinctive utility, defensive, or combat-related supernatural effect associated with its theme."
Dragonscale Whetstone (Uncommon),Wondrous Item,No,400 GP,GSB,-,Dragonscale Whetstone is a magical stone or crystal that stores or releases a limited supernatural effect.
Dramus' Dancing Shoes,Wondrous Item,Yes-Bard,400 GP,GSB,-,Dramus' Dancing Shoes is magical footwear that enhances movement or grants a terrain- or travel-related supernatural benefit.
Dramus' Wand of Noises,Wand,No,400 GP,GSB,-,Dramus' Wand of Noises is a magical wand with a limited-use spell-like or supernatural effect that reflects its name.
Driftglobe,Wondrous Item,-,400 GP,DMG,-,"This small floating sphere sheds magical light, can follow its owner, and can cast daylight once per day."
Dubloon Diver's Goggles,Wondrous Item,No,400 GP,GSB,-,"Dubloon Diver's Goggles is a magical visual aid that enhances sight or grants a special way to perceive creatures, objects, or hidden details."
Dusk Dagger,Weapon (dagger),No,400 GP,GSB,Weapon's normal damage,"Dusk Dagger is a magical weapon with an additional combat effect, special attack option, or utility property associated with its theme."
Dust of Disappearance,Wondrous Item,-,200 GP,DMG,-,Throwing this dust makes nearby creatures and carried objects invisible for a short time or until the effect ends.
Dust of Dryness,Wondrous Item,-,200 GP,DMG,-,This dust can absorb a large quantity of water into a tiny pellet or release stored water when the pellet is broken.
Dust of Sneezing and Choking,Wondrous Item,-,200 GP,DMG,-,Creatures exposed to this dust may begin sneezing uncontrollably and become incapacitated until they recover.
Eagle Lords Glove,Wondrous Item,Yes,400 GP,GSB,-,"Eagle Lords Glove is a magical hand-worn item that improves a physical task, attack, defense, or interaction tied to its theme."
Ear Cuff of the Climber,Wondrous Item,No,400 GP,GSB,-,"Ear Cuff of the Climber is an uncommon magical wondrous item that grants a distinctive utility, defensive, or combat-related supernatural effect associated with its theme."
Earcuff of the Vampire Bat,Wondrous Item,Yes,400 GP,GSB,-,"Earcuff of the Vampire Bat is an uncommon magical wondrous item that grants a distinctive utility, defensive, or combat-related supernatural effect associated with its theme."
Eclipse Spear,Weapon (spear),Yes,400 GP,GSB,Weapon's normal damage,"Eclipse Spear is a magical weapon with an additional combat effect, special attack option, or utility property associated with its theme."
Egg of Primal Water,Wondrous Item,No,400 GP,GSB,-,"Egg of Primal Water is an uncommon magical wondrous item that grants a distinctive utility, defensive, or combat-related supernatural effect associated with its theme."
Ehagans Moving Ladder,Wondrous Item,No,400 GP,GSB,-,"Ehagans Moving Ladder is an uncommon magical wondrous item that grants a distinctive utility, defensive, or combat-related supernatural effect associated with its theme."
Eldritch Halberd,Weapon (halberd),Yes,400 GP,GSB,Weapon's normal damage,"Eldritch Halberd is a magical weapon with an additional combat effect, special attack option, or utility property associated with its theme."
Elemental Gem,Wondrous Item,-,200 GP,DMG,-,Breaking this gem summons an elemental tied to the gem's type.
Enchanted Rug Beater,Wondrous Item,No,400 GP,GSB,-,"Enchanted Rug Beater is an uncommon magical wondrous item that grants a distinctive utility, defensive, or combat-related supernatural effect associated with its theme."
Enspelled Armor (Uncommon),Armor,Attunement,Varies,DMG,Varies,"This magic armor stores a specific spell. While wearing it, the attuned user can expend one of the armor's charges to cast that spell using the item's fixed spellcasting parameters; expended charges return after a long rest or at dawn, depending on the version."
Enspelled Staff (Uncommon),Staff,Attunement,Varies,DMG,Weapon's normal damage / varies,This magic staff stores a specific spell. An attuned wielder can expend charges to cast the stored spell using the staff's fixed spellcasting parameters; it also functions as a magic staff weapon.
Enspelled Weapon (Uncommon),Weapon,Attunement,Varies,DMG,Weapon's normal damage / varies,This magic weapon stores a specific spell. An attuned wielder can expend charges to cast that spell using the item's fixed spellcasting parameters while retaining the weapon's normal combat properties.
Etherean Torch,Wondrous Item,No,400 GP,GSB,-,"Etherean Torch is an uncommon magical wondrous item that grants a distinctive utility, defensive, or combat-related supernatural effect associated with its theme."
Everice Box,Wondrous Item,No,400 GP,GSB,Cold,"Everice Box is an uncommon magical wondrous item that grants a distinctive utility, defensive, or combat-related supernatural effect associated with its theme."
Eversmoking Bottle,Wondrous Item,-,400 GP,DMG,-,Opening this bottle releases thick magical smoke that rapidly fills a large area and heavily obscures it.
Evokers Exchange,Wondrous Item,No,400 GP,GSB,-,"Evokers Exchange is an uncommon magical wondrous item that grants a distinctive utility, defensive, or combat-related supernatural effect associated with its theme."
Explorer's Helm,Wondrous Item,Yes,400 GP,GSB,-,"Explorer's Helm is an uncommon magical wondrous item that grants a distinctive utility, defensive, or combat-related supernatural effect associated with its theme."
Explorer's Machete,Weapon (scimitar),No,400 GP,GSB,Weapon's normal damage,"Explorer's Machete is a magical weapon with an additional combat effect, special attack option, or utility property associated with its theme."
Explosive Flail,Weapon (flail),No,400 GP,GSB,Weapon's normal damage,"Explosive Flail is a magical weapon with an additional combat effect, special attack option, or utility property associated with its theme."
Eye of the Bookwurm,Wondrous Item,No,400 GP,GSB,-,"Eye of the Bookwurm is a magical written work that grants knowledge, improves a skill, or produces a limited spell-like effect when studied."
Eyedrops of Clarity,Wondrous Item,No,400 GP,GSB,-,"Eyedrops of Clarity is a magical visual aid that enhances sight or grants a special way to perceive creatures, objects, or hidden details."
Eyes of Charming,Wondrous Item,Attunement,400 GP,DMG,-,"These lenses let you cast charm person on a humanoid you can see, using the item's limited charges."
Eyes of Minute Seeing,Wondrous Item,-,400 GP,DMG,-,"While wearing these lenses at close range, you have advantage on Investigation checks that rely on sight."
Eyes of the Beheld,Wondrous Item,No,400 GP,GSB,-,"Eyes of the Beheld is a magical visual aid that enhances sight or grants a special way to perceive creatures, objects, or hidden details."
Eyes of the Eagle,Wondrous Item,-,400 GP,DMG,-,"While wearing these lenses, you have advantage on Perception checks that rely on sight and can see distant details clearly."
Faeflame Torch,Wondrous Item,No,400 GP,GSB,Fire,"Faeflame Torch is an uncommon magical wondrous item that grants a distinctive utility, defensive, or combat-related supernatural effect associated with its theme."
Familiar Lens,Wondrous Item,No,400 GP,GSB,-,"Familiar Lens is a magical visual aid that enhances sight or grants a special way to perceive creatures, objects, or hidden details."
Fanfare Blowgun,Weapon (blowgun),Yes-Bard,400 GP,GSB,Weapon's normal damage,"Fanfare Blowgun is a magical weapon with an additional combat effect, special attack option, or utility property associated with its theme."
Felling Greataxe,Weapon (greataxe),No,400 GP,GSB,Weapon's normal damage,"Felling Greataxe is a magical weapon with an additional combat effect, special attack option, or utility property associated with its theme."
Festerwood Buckler,Armor (shield),No,400 GP,GSB,-,"Festerwood Buckler is enchanted armor that grants a special defensive, movement, sensory, or environmental benefit related to its theme."
Festerwood Logger,Weapon (handaxe),No,400 GP,GSB,Weapon's normal damage,"Festerwood Logger is a magical weapon with an additional combat effect, special attack option, or utility property associated with its theme."
Fey-Touched Armor,"Armor (light, medium, or heavy)",No,400 GP,GSB,-,"Fey-Touched Armor is enchanted armor that grants a special defensive, movement, sensory, or environmental benefit related to its theme."
Feywatch Shield,Armor (shield),No,400 GP,GSB,-,"Feywatch Shield is enchanted armor that grants a special defensive, movement, sensory, or environmental benefit related to its theme."
Feywood Ivy,Wondrous Item,"Yes-Druid, Ranger, Fey Creature",400 GP,GSB,-,"Feywood Ivy is an uncommon magical wondrous item that grants a distinctive utility, defensive, or combat-related supernatural effect associated with its theme."
Fiendish Tethers,Wondrous Item,Yes-Tiefling,400 GP,GSB,-,"Fiendish Tethers is an uncommon magical wondrous item that grants a distinctive utility, defensive, or combat-related supernatural effect associated with its theme."
Figurine of Wondrous Power (Uncommon),Wondrous Item,-,Varies,DMG,Varies,"This small statuette can transform into a living creature for a limited duration. The creature obeys the user, then returns to figurine form and cannot transform again until a recharge period determined by the figurine type."
Final Messenger,Wondrous Item,,400 GP,EB,-,"Final Messenger is an uncommon magical wondrous item that grants a distinctive utility, defensive, or combat-related supernatural effect associated with its theme."
Fireamber Scepter,Rod,Yes-Spellcaster,400 GP,GSB,Fire,Fireamber Scepter is a magical rod or baton that can be activated to produce a specialized utility or combat effect.
Fireweaver Gloves,Wondrous Item,Yes,400 GP,GSB,Fire,"Fireweaver Gloves is a magical hand-worn item that improves a physical task, attack, defense, or interaction tied to its theme."
First Mate's Scabbard,Wondrous Item,No,400 GP,GSB,-,"First Mate's Scabbard is an uncommon magical wondrous item that grants a distinctive utility, defensive, or combat-related supernatural effect associated with its theme."
Fists of the Guiding Star,Wondrous Item,Yes-Monk,400 GP,GSB,-,"Fists of the Guiding Star is an uncommon magical wondrous item that grants a distinctive utility, defensive, or combat-related supernatural effect associated with its theme."
Flail of Slime,Weapon (flail),No,400 GP,GSB,Weapon's normal damage,"Flail of Slime is a magical weapon with an additional combat effect, special attack option, or utility property associated with its theme."
Flame Slippers,Wondrous Item,No,400 GP,GSB,Fire,Flame Slippers is magical footwear that enhances movement or grants a terrain- or travel-related supernatural benefit.
Flamebreather Staff,Weapon (quarterstaff),Yes,400 GP,GSB,Fire,"Flamebreather Staff is a magical weapon with an additional combat effect, special attack option, or utility property associated with its theme."
Flight of Fancy Fascinator,Wondrous Item,No,400 GP,GSB,-,"Flight of Fancy Fascinator is an uncommon magical wondrous item that grants a distinctive utility, defensive, or combat-related supernatural effect associated with its theme."
Flintlock Rings,Ring,No,400 GP,GSB,-,Flintlock Rings is a magical ring that grants its wearer a limited supernatural ability or passive benefit reflecting the ring's theme.
Flintstone Club,Weapon (club or greatclub),No,400 GP,GSB,Weapon's normal damage,"Flintstone Club is a magical weapon with an additional combat effect, special attack option, or utility property associated with its theme."
Flood Pauldron,Wondrous Item,Yes,400 GP,GSB,-,"Flood Pauldron is an uncommon magical wondrous item that grants a distinctive utility, defensive, or combat-related supernatural effect associated with its theme."
Floral Chime,Wondrous Item,No,400 GP,GSB,-,"Floral Chime is an uncommon magical wondrous item that grants a distinctive utility, defensive, or combat-related supernatural effect associated with its theme."
Focus Circlet,Wondrous Item,Yes-Spellcaster,400 GP,GSB,-,"Focus Circlet is an uncommon magical wondrous item that grants a distinctive utility, defensive, or combat-related supernatural effect associated with its theme."
Focusing Band,Wondrous Item,Yes-Monk,400 GP,GSB,-,"Focusing Band is an uncommon magical wondrous item that grants a distinctive utility, defensive, or combat-related supernatural effect associated with its theme."
Foggy Kettle,Wondrous Item,No,400 GP,GSB,-,"Foggy Kettle is an uncommon magical wondrous item that grants a distinctive utility, defensive, or combat-related supernatural effect associated with its theme."
Folding Cart,Wondrous Item,No,400 GP,GSB,-,"Folding Cart is an uncommon magical wondrous item that grants a distinctive utility, defensive, or combat-related supernatural effect associated with its theme."
Folding Tent,Wondrous Item,No,400 GP,GSB,-,"Folding Tent is an uncommon magical wondrous item that grants a distinctive utility, defensive, or combat-related supernatural effect associated with its theme."
Forest Eye Staff,Staff,"Yes-Druid, Ranger",400 GP,GSB,-,Forest Eye Staff is a magical staff that combines use as a weapon or focus with a limited themed magical ability.
Forgekeeper's Spark,Wondrous Item,No,400 GP,GSB,Lightning,"Forgekeeper's Spark is an uncommon magical wondrous item that grants a distinctive utility, defensive, or combat-related supernatural effect associated with its theme."
Fortunes Fivepence,Wondrous Item,Yes,400 GP,GSB,-,"Fortunes Fivepence is an uncommon magical wondrous item that grants a distinctive utility, defensive, or combat-related supernatural effect associated with its theme."
Foursworn Stiletto,Weapon (dagger),No,400 GP,GSB,Weapon's normal damage,"Foursworn Stiletto is a magical weapon with an additional combat effect, special attack option, or utility property associated with its theme."
Frefil's Cookie Cutter,Wondrous Item,No,400 GP,GSB,-,"Frefil's Cookie Cutter is an uncommon magical wondrous item that grants a distinctive utility, defensive, or combat-related supernatural effect associated with its theme."
Frefils Jolly Oozebean Sugarbombs,Wondrous Item,No,400 GP,GSB,Acid,"Frefils Jolly Oozebean Sugarbombs is enchanted armor that grants a special defensive, movement, sensory, or environmental benefit related to its theme."
Frostbitten Buckler,Armor (shield),No,400 GP,GSB,Cold,"Frostbitten Buckler is enchanted armor that grants a special defensive, movement, sensory, or environmental benefit related to its theme."
Frosty Top Hat,Wondrous Item,No,400 GP,GSB,Cold,"Frosty Top Hat is an uncommon magical wondrous item that grants a distinctive utility, defensive, or combat-related supernatural effect associated with its theme."
Frozen Dagger,Weapon (dagger),Yes,400 GP,GSB,Weapon's normal damage,"Frozen Dagger is a magical weapon with an additional combat effect, special attack option, or utility property associated with its theme."
Funeral Marchers,Wondrous Item,No,400 GP,GSB,-,"Funeral Marchers is an uncommon magical wondrous item that grants a distinctive utility, defensive, or combat-related supernatural effect associated with its theme."
Galepierce Weapons,Weapon (any piercing thrown weapon),No,400 GP,GSB,Weapon's normal damage,"Galepierce Weapons is a magical weapon with an additional combat effect, special attack option, or utility property associated with its theme."
Gauntlets of Deliverance,Wondrous Item,Yes-Paladin,400 GP,GSB,-,"Gauntlets of Deliverance is a magical hand-worn item that improves a physical task, attack, defense, or interaction tied to its theme."
Gauntlets of Ogre Power,Wondrous Item,Attunement,400 GP,DMG,-,"While wearing these gauntlets, your Strength becomes 19 unless it is already higher."
Gelatinous Whip,Weapon (whip),Yes,400 GP,GSB,Weapon's normal damage,"Gelatinous Whip is a magical weapon with an additional combat effect, special attack option, or utility property associated with its theme."
Gem of Brightness,Wondrous Item,-,200 GP,DMG,-,This gem has charges that can emit bright light or unleash flashes capable of blinding creatures.
Gibbering Bell,Wondrous Item,No,400 GP,GSB,-,Gibbering Bell is a magical ring that grants its wearer a limited supernatural ability or passive benefit reflecting the ring's theme.
Gibbering Candle,Wondrous Item,No,400 GP,GSB,-,Gibbering Candle is a magical ring that grants its wearer a limited supernatural ability or passive benefit reflecting the ring's theme.
Glaring Armor,Armor (any armor),No,400 GP,GSB,-,"Glaring Armor is enchanted armor that grants a special defensive, movement, sensory, or environmental benefit related to its theme."
Glass Carver,Weapon (dagger),No,400 GP,GSB,Weapon's normal damage,"Glass Carver is a magical weapon with an additional combat effect, special attack option, or utility property associated with its theme."
Gloves of Amphibios,Wondrous Item,Yes,400 GP,GSB,-,"Gloves of Amphibios is a magical hand-worn item that improves a physical task, attack, defense, or interaction tied to its theme."
Gloves of Missile Snaring,Wondrous Item,Attunement,400 GP,DMG,-,"When a ranged weapon attack hits you, you can use your reaction to reduce the damage and potentially catch the missile."
Gloves of Storing,Wondrous Item,-,400 GP,EB,-,Gloves of Storing is a magical ring that grants its wearer a limited supernatural ability or passive benefit reflecting the ring's theme.
Gloves of Swimming and Climbing,Wondrous Item,Attunement,400 GP,DMG,-,"While wearing these gloves, climbing and swimming no longer cost extra movement and you gain bonuses to related Athletics checks."
Gloves of the Great Badger,Wondrous Item,Yes,400 GP,GSB,-,"Gloves of the Great Badger is a magical hand-worn item that improves a physical task, attack, defense, or interaction tied to its theme."
Gloves of Thievery,Wondrous Item,-,400 GP,DMG,-,"Gloves of Thievery is a magical hand-worn item that improves a physical task, attack, defense, or interaction tied to its theme."
Gnashing Key,Wondrous Item,No,400 GP,GSB,-,"Gnashing Key is an uncommon magical wondrous item that grants a distinctive utility, defensive, or combat-related supernatural effect associated with its theme."
Goggles of Night,Wondrous Item,-,400 GP,DMG,-,"While wearing these goggles, you gain darkvision out to 60 feet or extend existing darkvision by 60 feet."
Golem Clay,Wondrous Item,No,400 GP,GSB,-,"Golem Clay is an uncommon magical wondrous item that grants a distinctive utility, defensive, or combat-related supernatural effect associated with its theme."
Goose Pipes,Wondrous Item,No,400 GP,GSB,-,Goose Pipes is a magical instrument that creates a limited supernatural effect when played.
Grave Lotus Seed (Uncommon),Wondrous Item,No,400 GP,GSB,Necrotic,"Grave Lotus Seed (Uncommon) is an uncommon magical wondrous item that grants a distinctive utility, defensive, or combat-related supernatural effect associated with its theme."
Great Owl's Bow,Weapon (any bow),Yes,400 GP,GSB,Weapon's normal damage,"Great Owl's Bow is a magical weapon with an additional combat effect, special attack option, or utility property associated with its theme."
Great Owl's Crown,Wondrous Item,Yes,400 GP,GSB,-,"Great Owl's Crown is an uncommon magical wondrous item that grants a distinctive utility, defensive, or combat-related supernatural effect associated with its theme."
Great Owl's Shroud,Wondrous Item,Yes,400 GP,GSB,-,"Great Owl's Shroud is an uncommon magical wondrous item that grants a distinctive utility, defensive, or combat-related supernatural effect associated with its theme."
Great Owl's Staff,Staff,Yes-Spellcaster,400 GP,GSB,-,Great Owl's Staff is a magical staff that combines use as a weapon or focus with a limited themed magical ability.
Griffon Component Pack,Wondrous Item,No,400 GP,GSB,-,"Griffon Component Pack is a magical container with unusual storage, conjuration, retrieval, or utility properties."
Gripping Perfume,Wondrous Item,No,400 GP,GSB,-,"Gripping Perfume is an uncommon magical wondrous item that grants a distinctive utility, defensive, or combat-related supernatural effect associated with its theme."
Grower's Tape,Wondrous Item,No,400 GP,GSB,-,"Grower's Tape is an uncommon magical wondrous item that grants a distinctive utility, defensive, or combat-related supernatural effect associated with its theme."
Gusting Blowgun,Weapon (blowgun),Yes,400 GP,GSB,Weapon's normal damage,"Gusting Blowgun is a magical weapon with an additional combat effect, special attack option, or utility property associated with its theme."
Hadiya's Handy Quill,Weapon (dart),Yes,400 GP,GSB,Weapon's normal damage,"Hadiya's Handy Quill is a magical weapon with an additional combat effect, special attack option, or utility property associated with its theme."
Hag Eye,Wondrous Item,-,400 GP,DMG,-,"Hag Eye is a magical visual aid that enhances sight or grants a special way to perceive creatures, objects, or hidden details."
Hagstone Amulets,Wondrous Item,No,400 GP,GSB,-,"Hagstone Amulets is a magical neck-worn item that provides a protective, sensory, restorative, or spell-like benefit while worn."
Hammer of the Azer,Weapon (light hammer or warhammer),Yes,400 GP,GSB,Weapon's normal damage,"Hammer of the Azer is a magical weapon with an additional combat effect, special attack option, or utility property associated with its theme."
Hammer of the Azer,Weapon (light hammer or warhammer),Yes,400 GP,GSB,Weapon's normal damage,"Hammer of the Azer is a magical weapon with an additional combat effect, special attack option, or utility property associated with its theme."
Hammer of Whispers,Weapon (light hammer),Yes,400 GP,GSB,Weapon's normal damage,"Hammer of Whispers is a magical weapon with an additional combat effect, special attack option, or utility property associated with its theme."
Hand of the Master,Wondrous Item,Yes,400 GP,GSB,-,"Hand of the Master is an uncommon magical wondrous item that grants a distinctive utility, defensive, or combat-related supernatural effect associated with its theme."
Hand-fed Fork,Wondrous Item,No,400 GP,GSB,-,"Hand-fed Fork is an uncommon magical wondrous item that grants a distinctive utility, defensive, or combat-related supernatural effect associated with its theme."
Harper Pin (Uncommon),Wondrous Item,Attunement,Varies,FRHoF,-,Harper Pin is a magical instrument that creates a limited supernatural effect when played.
Harvest,Weapon (sickle),No,400 GP,GSB,Weapon's normal damage,"Harvest is a magical weapon with an additional combat effect, special attack option, or utility property associated with its theme."
Hasty Sugarbombs,Wondrous Item,No,400 GP,GSB,-,"Hasty Sugarbombs is enchanted armor that grants a special defensive, movement, sensory, or environmental benefit related to its theme."
Hat of Disguise,Wondrous Item,Attunement,400 GP,DMG,-,"While wearing this hat, you can cast disguise self at will; the disguise ends if the hat is removed."
Hat of the False Wizard,Wondrous Item,Yes,400 GP,GSB,-,"Hat of the False Wizard is an uncommon magical wondrous item that grants a distinctive utility, defensive, or combat-related supernatural effect associated with its theme."
Hat of the Sanguine Coven,Wondrous Item,"Yes-Sorcerer, Warlock, Wizard",400 GP,GSB,-,"Hat of the Sanguine Coven is an uncommon magical wondrous item that grants a distinctive utility, defensive, or combat-related supernatural effect associated with its theme."
Hat of the Vanishing Act,Wondrous Item,No,400 GP,GSB,-,"Hat of the Vanishing Act is an uncommon magical wondrous item that grants a distinctive utility, defensive, or combat-related supernatural effect associated with its theme."
Hat of Vortexes,Wondrous Item,Attunement,400 GP,NF,-,"Hat of Vortexes is an uncommon magical wondrous item that grants a distinctive utility, defensive, or combat-related supernatural effect associated with its theme."
Hat Trick,Wondrous Item,No,400 GP,GSB,-,"Hat Trick is an uncommon magical wondrous item that grants a distinctive utility, defensive, or combat-related supernatural effect associated with its theme."
Headband of Intellect,Wondrous Item,Attunement,400 GP,DMG,-,"While wearing this headband, your Intelligence becomes 19 unless it is already higher."
Headdress of the Serpent King,Wondrous Item,Yes,400 GP,GSB,Poison,"Headdress of the Serpent King is an uncommon magical wondrous item that grants a distinctive utility, defensive, or combat-related supernatural effect associated with its theme."
Headhunter's Bullseye Lantern,Wondrous Item,No,400 GP,GSB,-,"Headhunter's Bullseye Lantern produces or manipulates magical light and may reveal, ward against, or affect creatures within its illumination."
Healing Arrow,Weapon (an arrow or bolt),No,400 GP,GSB,Weapon's normal damage,"Healing Arrow is a magical weapon with an additional combat effect, special attack option, or utility property associated with its theme."
Hearthfire Mantle,Wondrous Item,No,400 GP,GSB,Fire,"Hearthfire Mantle is a magical garment that grants a protective, movement, concealment, or transformation effect while worn."
Heavenly Hand Chain,Ring,Yes-Cleric,400 GP,GSB,Radiant,Heavenly Hand Chain is a magical ring that grants its wearer a limited supernatural ability or passive benefit reflecting the ring's theme.
Hedgewitch's Gardening Gloves,Wondrous Item,No,400 GP,GSB,-,"Hedgewitch's Gardening Gloves is a magical hand-worn item that improves a physical task, attack, defense, or interaction tied to its theme."
Hedonic Motivator,Weapon (whip),Yes,400 GP,GSB,Weapon's normal damage,"Hedonic Motivator is a magical weapon with an additional combat effect, special attack option, or utility property associated with its theme."
Hellish Hennin,Wondrous item,Yes,400 GP,GSB,-,"Hellish Hennin is an uncommon magical wondrous item that grants a distinctive utility, defensive, or combat-related supernatural effect associated with its theme."
Helm of Awareness,Wondrous Item,-,400 GP,EFotA,-,"Helm of Awareness is an uncommon magical wondrous item that grants a distinctive utility, defensive, or combat-related supernatural effect associated with its theme."
Helm of Comprehending Languages,Wondrous Item,-,400 GP,DMG,-,"While wearing this helm, you can cast comprehend languages at will."
Helm of Telepathy,Wondrous Item,Attunement,400 GP,DMG,-,"Helm of Telepathy is an uncommon magical wondrous item that grants a distinctive utility, defensive, or combat-related supernatural effect associated with its theme."
Helm of the Chameleon,Wondrous Item,No,400 GP,GSB,-,"Helm of the Chameleon is an uncommon magical wondrous item that grants a distinctive utility, defensive, or combat-related supernatural effect associated with its theme."
Helm of the Deep Sea Knight,Wondrous Item,No,400 GP,GSB,-,"Helm of the Deep Sea Knight is an uncommon magical wondrous item that grants a distinctive utility, defensive, or combat-related supernatural effect associated with its theme."
Helm of the Skeleton,Wondrous Item,Yes,400 GP,GSB,-,"Helm of the Skeleton is an uncommon magical wondrous item that grants a distinctive utility, defensive, or combat-related supernatural effect associated with its theme."
Herbalist's Journal,Wondrous Item,No,400 GP,GSB,-,"Herbalist's Journal is an uncommon magical wondrous item that grants a distinctive utility, defensive, or combat-related supernatural effect associated with its theme."
Hero's Cookbook,Wondrous Item,No,400 GP,GSB,-,"Hero's Cookbook is a magical written work that grants knowledge, improves a skill, or produces a limited spell-like effect when studied."
Hexaxe,Weapon (handaxe),Yes-Warlock,400 GP,GSB,Weapon's normal damage,"Hexaxe is a magical weapon with an additional combat effect, special attack option, or utility property associated with its theme."
Hideaway Vase,Wondrous Item,No,400 GP,GSB,-,"Hideaway Vase is an uncommon magical wondrous item that grants a distinctive utility, defensive, or combat-related supernatural effect associated with its theme."
Hoarder's Haul (Uncommon),Wondrous Item,No,400 GP,GSB,-,"Hoarder's Haul is an uncommon magical wondrous item that grants a distinctive utility, defensive, or combat-related supernatural effect associated with its theme."
Hobbystead (Uncommon),Wondrous Item,No,400 GP,GSB,-,"Hobbystead is an uncommon magical wondrous item that grants a distinctive utility, defensive, or combat-related supernatural effect associated with its theme."
Holy Eclipse,Weapon (any axe),"Yes-Cleric, Paladin",400 GP,GSB,Radiant,"Holy Eclipse is a magical weapon with an additional combat effect, special attack option, or utility property associated with its theme."
Horn of Fog,Wondrous Item,No,400 GP,GSB,-,Horn of Fog is a magical instrument that creates a limited supernatural effect when played.
Houseward (Uncommon),Wondrous Item,,400 GP,EB,-,"Houseward is an uncommon magical wondrous item that grants a distinctive utility, defensive, or combat-related supernatural effect associated with its theme."
Hungry Weapon,Weapon,Attunement,B + 400 GP,EB,Weapon's normal damage,"Hungry Weapon is a magical weapon with an additional combat effect, special attack option, or utility property associated with its theme."
Hushed Ring,Ring,Yes,400 GP,GSB,-,Hushed Ring is a magical ring that grants its wearer a limited supernatural ability or passive benefit reflecting the ring's theme.
Husk Charm,Wondrous Item,No,400 GP,GSB,-,"Husk Charm is a small magical charm that grants a limited protective, utility, or luck-related benefit."
Ice Sickle,Weapon (sickle),No,400 GP,GSB,Cold,"Ice Sickle is a magical weapon with an additional combat effect, special attack option, or utility property associated with its theme."
Illusionist's Gambit,Wondrous Item,No,400 GP,GSB,-,"Illusionist's Gambit is an uncommon magical wondrous item that grants a distinctive utility, defensive, or combat-related supernatural effect associated with its theme."
Immovable Rod,Rod,-,400 GP,DMG,Force,Pressing the button causes this rod to become magically fixed in place until released or overcome by extreme force.
Incendiary Caltrops,Wondrous Item,No,400 GP,GSB,-,"Incendiary Caltrops is an uncommon magical wondrous item that grants a distinctive utility, defensive, or combat-related supernatural effect associated with its theme."
Incognito Cane,Wondrous item,No,400 GP,GSB,-,"Incognito Cane is an uncommon magical wondrous item that grants a distinctive utility, defensive, or combat-related supernatural effect associated with its theme."
Incredible Mending Tape,Wondrous Item,No,400 GP,GSB,-,"Incredible Mending Tape is an uncommon magical wondrous item that grants a distinctive utility, defensive, or combat-related supernatural effect associated with its theme."
Inferno Rope,Wondrous Item,No,400 GP,GSB,Fire,"Inferno Rope is an enchanted rope or cord with unusual movement, binding, climbing, or utility properties."
Infiltrator's Lantern,Wondrous Item,No,400 GP,GSB,-,"Infiltrator's Lantern produces or manipulates magical light and may reveal, ward against, or affect creatures within its illumination."
Inking Seahorn,Wondrous Item,Yes,400 GP,GSB,-,Inking Seahorn is a magical instrument that creates a limited supernatural effect when played.
Inspector's Silverware,Wondrous Item,No,400 GP,GSB,-,"Inspector's Silverware is an uncommon magical wondrous item that grants a distinctive utility, defensive, or combat-related supernatural effect associated with its theme."
Instant Tablecloth,Wondrous Item,No,400 GP,GSB,-,"Instant Tablecloth is an uncommon magical wondrous item that grants a distinctive utility, defensive, or combat-related supernatural effect associated with its theme."
Instrument of the Bards (Uncommon),Wondrous Item,Attunement,Varies,DMG,Varies,"This magical instrument can cast a set of spells, with additional spells determined by the instrument's type. A bard attuned to it also makes charm effects created by spells cast through the instrument harder to resist."
Insult Slinger,Weapon (sling),Yes,400 GP,GSB,Weapon's normal damage,"Insult Slinger is a magical weapon with an additional combat effect, special attack option, or utility property associated with its theme."
Invisibility Powder,Wondrous Item,No,400 GP,GSB,-,"Invisibility Powder is an uncommon magical wondrous item that grants a distinctive utility, defensive, or combat-related supernatural effect associated with its theme."
Ironleaf Oaken Shield,Armor (shield),Yes-Druid,400 GP,GSB,-,"Ironleaf Oaken Shield is enchanted armor that grants a special defensive, movement, sensory, or environmental benefit related to its theme."
Ironshod Trotters,Wondrous Item,Yes,400 GP,GSB,-,"Ironshod Trotters is an uncommon magical wondrous item that grants a distinctive utility, defensive, or combat-related supernatural effect associated with its theme."
Jackalope's Foot,Wondrous Item,No,400 GP,GSB,-,"Jackalope's Foot is an uncommon magical wondrous item that grants a distinctive utility, defensive, or combat-related supernatural effect associated with its theme."
Jailbreaker's Wand,Wand,No,400 GP,GSB,-,Jailbreaker's Wand is a magical wand with a limited-use spell-like or supernatural effect that reflects its name.
Javelin of Lightning,Weapon,-,B+400 GP,DMG,Lightning plus piercing,"When thrown with its command word, the javelin becomes a bolt of lightning before returning to normal."
Jo'Catian Denier,"Weapon (scimitar, shortsword, or longsword)",Yes-Neutral Aligned,400 GP,GSB,Weapon's normal damage,"Jo'Catian Denier is a magical weapon with an additional combat effect, special attack option, or utility property associated with its theme."
Jo'Catian Rebuker,Armor (shield),No,400 GP,GSB,-,"Jo'Catian Rebuker is enchanted armor that grants a special defensive, movement, sensory, or environmental benefit related to its theme."
Jolting Ring,Ring,No,400 GP,GSB,Lightning,Jolting Ring is a magical ring that grants its wearer a limited supernatural ability or passive benefit reflecting the ring's theme.
Kegger's Helm,Wondrous Item,Yes,400 GP,GSB,-,"Kegger's Helm is an uncommon magical wondrous item that grants a distinctive utility, defensive, or combat-related supernatural effect associated with its theme."
Keoghtom's Ointment,Wondrous Item,-,200 GP,DMG,Poison,Applying a dose heals hit points and can cure poison and disease.
Kestra's Task List,Wondrous Item,No,400 GP,GSB,-,"Kestra's Task List is an uncommon magical wondrous item that grants a distinctive utility, defensive, or combat-related supernatural effect associated with its theme."
Kestras Bent Spoon,Wondrous Item,No,400 GP,GSB,-,"Kestras Bent Spoon is an uncommon magical wondrous item that grants a distinctive utility, defensive, or combat-related supernatural effect associated with its theme."
Keycoin,Wondrous Item,No,400 GP,GSB,-,"Keycoin is an uncommon magical wondrous item that grants a distinctive utility, defensive, or combat-related supernatural effect associated with its theme."
Kindle Egg Sugarbombs,Wondrous Item,No,400 GP,GSB,-,"Kindle Egg Sugarbombs is enchanted armor that grants a special defensive, movement, sensory, or environmental benefit related to its theme."
Knocking Boots,Wondrous Item,No,400 GP,GSB,-,Knocking Boots is magical footwear that enhances movement or grants a terrain- or travel-related supernatural benefit.
Kobold Diviner's Amulet,Wondrous Item,No,400 GP,GSB,-,"Kobold Diviner's Amulet is a magical neck-worn item that provides a protective, sensory, restorative, or spell-like benefit while worn."
Kobold Diviner's Hand,Wondrous Item,No,400 GP,GSB,Radiant,"Kobold Diviner's Hand is an uncommon magical wondrous item that grants a distinctive utility, defensive, or combat-related supernatural effect associated with its theme."
Krakens Whip,Weapon (whip),No,400 GP,GSB,Weapon's normal damage,"Krakens Whip is a magical weapon with an additional combat effect, special attack option, or utility property associated with its theme."
Lantern of Revealing,Wondrous Item,-,400 GP,DMG,-,"While lit, this lantern reveals invisible creatures and objects within its bright light."
Last Rites,Weapon (pistol),No,400 GP,GSB,Weapon's normal damage,"Last Rites is a magical weapon with an additional combat effect, special attack option, or utility property associated with its theme."
Ledger Scroll,Scroll,No,400 GP,GSB,-,"Ledger Scroll is an uncommon magical scroll that grants a distinctive utility, defensive, or combat-related supernatural effect associated with its theme."
Legion of Brass Katars,Weapon (dagger),No,400 GP,GSB,Weapon's normal damage,"Legion of Brass Katars is a magical weapon with an additional combat effect, special attack option, or utility property associated with its theme."
Liars Lyre,Wondrous Item,Yes-Bard,400 GP,GSB,-,"Liars Lyre is an uncommon magical wondrous item that grants a distinctive utility, defensive, or combat-related supernatural effect associated with its theme."
Life Tether Ankh,Wondrous Item,No,400 GP,GSB,-,"Life Tether Ankh is an uncommon magical wondrous item that grants a distinctive utility, defensive, or combat-related supernatural effect associated with its theme."
Lightning Caltrops,Wondrous Item,No,400 GP,GSB,Lightning,"Lightning Caltrops is an uncommon magical wondrous item that grants a distinctive utility, defensive, or combat-related supernatural effect associated with its theme."
Lightning Rod Ammunition,Weapon (any ammunition),No,400 GP,GSB,Lightning,"Lightning Rod Ammunition is a magical weapon with an additional combat effect, special attack option, or utility property associated with its theme."
Lightsplitter Javelin,Weapon (javelin),Yes,400 GP,GSB,Weapon's normal damage,"Lightsplitter Javelin is a magical weapon with an additional combat effect, special attack option, or utility property associated with its theme."
Lion Door Guardian,Wondrous Item,No,400 GP,GSB,-,Lion Door Guardian is a magical shield that protects its bearer and provides an additional reactive or defensive magical effect.
Lionheart Armor,"Armor (medium, heavy)",Yes,400 GP,GSB,-,"Lionheart Armor is enchanted armor that grants a special defensive, movement, sensory, or environmental benefit related to its theme."
Locket of the Stolen Heart,Wondrous Item,Yes,400 GP,GSB,-,"Locket of the Stolen Heart is an uncommon magical wondrous item that grants a distinctive utility, defensive, or combat-related supernatural effect associated with its theme."
Locking Key,Wondrous Item,No,400 GP,GSB,-,"Locking Key is an uncommon magical wondrous item that grants a distinctive utility, defensive, or combat-related supernatural effect associated with its theme."
Locklinks,Wondrous Item,No,400 GP,GSB,-,"Locklinks is an uncommon magical wondrous item that grants a distinctive utility, defensive, or combat-related supernatural effect associated with its theme."
Locksmiths Bane,Wondrous Item,No,400 GP,GSB,-,"Locksmiths Bane is an uncommon magical wondrous item that grants a distinctive utility, defensive, or combat-related supernatural effect associated with its theme."
Lodestone Bolts,Weapon (crossbow bolt),No,400 GP,GSB,Weapon's normal damage,"Lodestone Bolts is a magical weapon with an additional combat effect, special attack option, or utility property associated with its theme."
Luckleaf,Wondrous Item,No,400 GP,GSB,-,"Luckleaf is an uncommon magical wondrous item that grants a distinctive utility, defensive, or combat-related supernatural effect associated with its theme."
Lucky Bell,Wondrous Item,No,400 GP,GSB,-,Lucky Bell is a magical instrument that creates a limited supernatural effect when played.
Lucky Bowl,Wondrous Item,No,400 GP,GSB,Weapon's normal damage,"Lucky Bowl is a magical weapon with an additional combat effect, special attack option, or utility property associated with its theme."
Lucky Golden Tooth,Wondrous Item,Yes,400 GP,GSB,-,"Lucky Golden Tooth is an uncommon magical wondrous item that grants a distinctive utility, defensive, or combat-related supernatural effect associated with its theme."
Luna Moth Cape,Wondrous Item,Yes,400 GP,GSB,-,"Luna Moth Cape is a magical garment that grants a protective, movement, concealment, or transformation effect while worn."
Lunchbox of Plenty,Wondrous Item,No,400 GP,GSB,-,"Lunchbox of Plenty is an uncommon magical wondrous item that grants a distinctive utility, defensive, or combat-related supernatural effect associated with its theme."
Lupine Mask,Wondrous Item,No,400 GP,GSB,-,"Lupine Mask is an uncommon magical wondrous item that grants a distinctive utility, defensive, or combat-related supernatural effect associated with its theme."
Mace of the Pumpkin King,Weapon (mace),No,400 GP,GSB,Weapon's normal damage,"Mace of the Pumpkin King is a magical weapon with an additional combat effect, special attack option, or utility property associated with its theme."
Mage Arrow,Weapon (arrow),,400 GP,GSB,Weapon's normal damage,"Mage Arrow is a magical weapon with an additional combat effect, special attack option, or utility property associated with its theme."
Magentan Sun-Saw,Weapon (scimitar),Yes,400 GP,GSB,Weapon's normal damage,"Magentan Sun-Saw is a magical weapon with an additional combat effect, special attack option, or utility property associated with its theme."
Magic Pocket,Wondrous Item,No,400 GP,GSB,-,"Magic Pocket is a magical container with unusual storage, conjuration, retrieval, or utility properties."
Majordomo Staff,Staff,No,400 GP,GSB,-,Majordomo Staff is a magical staff that combines use as a weapon or focus with a limited themed magical ability.
Mammoth Boots,Wondrous Item,No,400 GP,GSB,-,Mammoth Boots is magical footwear that enhances movement or grants a terrain- or travel-related supernatural benefit.
Mandible Bident,Weapon (trident),Yes,400 GP,GSB,Weapon's normal damage,"Mandible Bident is a magical weapon with an additional combat effect, special attack option, or utility property associated with its theme."
Mantle of Shrunken Stature,Wondrous Item,No,400 GP,GSB,-,"Mantle of Shrunken Stature is a magical garment that grants a protective, movement, concealment, or transformation effect while worn."
Mariner's Armor,Armor,-,B+400 GP,DMG,-,"Mariner's Armor is enchanted armor that grants a special defensive, movement, sensory, or environmental benefit related to its theme."
Marlin Lunger,Weapon (rapier),Yes,400 GP,GSB,Weapon's normal damage,"Marlin Lunger is a magical weapon with an additional combat effect, special attack option, or utility property associated with its theme."
Marlinspike Flail,Weapon (flail),No,400 GP,GSB,Weapon's normal damage,"Marlinspike Flail is a magical weapon with an additional combat effect, special attack option, or utility property associated with its theme."
Mask of the Lion,Wondrous Item,Yes,400 GP,GSB,-,"Mask of the Lion is an uncommon magical wondrous item that grants a distinctive utility, defensive, or combat-related supernatural effect associated with its theme."
Mask of the Mimic,Wondrous Item,Yes,400 GP,GSB,-,"Mask of the Mimic is an uncommon magical wondrous item that grants a distinctive utility, defensive, or combat-related supernatural effect associated with its theme."
Mask of the Pact Bearer,Wondrous Item,Yes-Warlock,400 GP,GSB,-,"Mask of the Pact Bearer is an uncommon magical wondrous item that grants a distinctive utility, defensive, or combat-related supernatural effect associated with its theme."
Matador's Blade,Weapon (rapier or shortsword),Yes-Bard,400 GP,GSB,Weapon's normal damage,"Matador's Blade is a magical weapon with an additional combat effect, special attack option, or utility property associated with its theme."
Matador's Blade,Weapon (rapier or shortsword),Yes-Bard,400 GP,GSB,Weapon's normal damage,"Matador's Blade is a magical weapon with an additional combat effect, special attack option, or utility property associated with its theme."
Matador's Cape,Wondrous Item,Yes-Bard,400 GP,GSB,-,"Matador's Cape is a magical garment that grants a protective, movement, concealment, or transformation effect while worn."
Matador's Cape,Wondrous item,Yes-Bard,400 GP,GSB,-,"Matador's Cape is a magical garment that grants a protective, movement, concealment, or transformation effect while worn."
Mechanical Wonder (Uncommon),Wondrous Item,-,Varies,FRHoF,-,"Mechanical Wonder is an uncommon magical wondrous item that grants a distinctive utility, defensive, or combat-related supernatural effect associated with its theme."
Medallion of Thoughts,Wondrous Item,Attunement,400 GP,DMG,Psychic,This medallion has charges that let you cast detect thoughts.
Medium's Rod,Rod,Yes-Spellcaster,400 GP,GSB,-,Medium's Rod is a magical rod or baton that can be activated to produce a specialized utility or combat effect.
Medusan Signet,Ring,Yes,400 GP,GSB,-,Medusan Signet is a magical ring that grants its wearer a limited supernatural ability or passive benefit reflecting the ring's theme.
Mental Marbles,Wondrous Item,No,400 GP,GSB,-,"Mental Marbles is an uncommon magical wondrous item that grants a distinctive utility, defensive, or combat-related supernatural effect associated with its theme."
Mercenary's Pauldron,Wondrous Item,Yes,400 GP,GSB,-,"Mercenary's Pauldron is an uncommon magical wondrous item that grants a distinctive utility, defensive, or combat-related supernatural effect associated with its theme."
Mermaid Trousers,Wondrous Item,No,400 GP,GSB,-,"Mermaid Trousers is an uncommon magical wondrous item that grants a distinctive utility, defensive, or combat-related supernatural effect associated with its theme."
Midnight Oil,Wondrous Item,No,400 GP,GSB,-,"Midnight Oil is a consumable magical preparation that grants a temporary restorative, transformative, protective, or utility effect when used."
Mighty Falconer's Mitt,Wondrous Item,Yes,400 GP,GSB,-,"Mighty Falconer's Mitt is an uncommon magical wondrous item that grants a distinctive utility, defensive, or combat-related supernatural effect associated with its theme."
Mimic Ink,Wondrous item,No,400 GP,GSB,-,"Mimic Ink is an uncommon magical wondrous item that grants a distinctive utility, defensive, or combat-related supernatural effect associated with its theme."
Mimicloak,Wondrous Item,No,400 GP,GSB,-,"Mimicloak is a magical garment that grants a protective, movement, concealment, or transformation effect while worn."
Mind Sharpener,Ring,Attunement,400 GP,EFotA,Psychic,Mind Sharpener is a magical ring that grants its wearer a limited supernatural ability or passive benefit reflecting the ring's theme.
Mini Magmin Mortar,Wondrous Item,No,400 GP,GSB,-,"Mini Magmin Mortar is an uncommon magical wondrous item that grants a distinctive utility, defensive, or combat-related supernatural effect associated with its theme."
Miniature Mage's Magic Hand,Wondrous Item,No,400 GP,GSB,-,"Miniature Mage's Magic Hand is an uncommon magical wondrous item that grants a distinctive utility, defensive, or combat-related supernatural effect associated with its theme."
Mirage Leathers,Armor (leather),Yes,400 GP,GSB,-,"Mirage Leathers is enchanted armor that grants a special defensive, movement, sensory, or environmental benefit related to its theme."
Mirrorlight Harbinger,Staff,Yes-Spellcaster,400 GP,GSB,-,Mirrorlight Harbinger is a magical staff that combines use as a weapon or focus with a limited themed magical ability.
Mithral Armor,Armor,-,B+400 GP,DMG,-,This unusually light armor removes normal Strength requirements and does not impose disadvantage on Stealth checks.
Mithral Beast Charms,Wondrous Item,No,400 GP,GSB,-,"Mithral Beast Charms is a small magical charm that grants a limited protective, utility, or luck-related benefit."
Mockingblade,Weapon (shortsword),Yes-Bard,400 GP,GSB,Weapon's normal damage,"Mockingblade is a magical weapon with an additional combat effect, special attack option, or utility property associated with its theme."
Moonlighter's Masquerade,Wondrous Item,Yes,400 GP,GSB,-,"Moonlighter's Masquerade is an uncommon magical wondrous item that grants a distinctive utility, defensive, or combat-related supernatural effect associated with its theme."
Moonwick Candle,Wondrous Item,No,400 GP,GSB,-,"Moonwick Candle is an uncommon magical wondrous item that grants a distinctive utility, defensive, or combat-related supernatural effect associated with its theme."
Mourningsteel Ghost Candle,Wondrous Item,Yes,400 GP,GSB,-,"Mourningsteel Ghost Candle is an uncommon magical wondrous item that grants a distinctive utility, defensive, or combat-related supernatural effect associated with its theme."
Mousetrap Explosive,Wondrous Item,No,400 GP,GSB,-,"Mousetrap Explosive is an uncommon magical wondrous item that grants a distinctive utility, defensive, or combat-related supernatural effect associated with its theme."
Murk Blowgun,Weapon (blowgun),No,400 GP,GSB,Weapon's normal damage,"Murk Blowgun is a magical weapon with an additional combat effect, special attack option, or utility property associated with its theme."
Mycelial Staff,Staff,No,400 GP,GSB,-,Mycelial Staff is a magical staff that combines use as a weapon or focus with a limited themed magical ability.
Nature's Mantle,Wondrous Item,Attunement,400 GP,DMG,-,"Nature's Mantle is a magical garment that grants a protective, movement, concealment, or transformation effect while worn."
Necklace of Adaptation,Wondrous Item,Attunement,400 GP,DMG,-,"While wearing this necklace, you can breathe normally in any environment and have advantage against harmful gases and vapors."
Necromancer's Cuff,Wondrous Item,Yes,400 GP,GSB,-,"Necromancer's Cuff is an uncommon magical wondrous item that grants a distinctive utility, defensive, or combat-related supernatural effect associated with its theme."
Night Owl's Half-Moon Spectacles,Wondrous Item,Yes,400 GP,GSB,-,"Night Owl's Half-Moon Spectacles is an uncommon magical wondrous item that grants a distinctive utility, defensive, or combat-related supernatural effect associated with its theme."
Nimblewrap Roll,Wondrous Item,No,400 GP,GSB,-,"Nimblewrap Roll is an uncommon magical wondrous item that grants a distinctive utility, defensive, or combat-related supernatural effect associated with its theme."
No-Stones,Wondrous Item,No,400 GP,GSB,-,No-Stones is a magical stone or crystal that stores or releases a limited supernatural effect.
Ogramau's Glass Eye,Wondrous Item,Yes,400 GP,GSB,-,"Ogramau's Glass Eye is a magical visual aid that enhances sight or grants a special way to perceive creatures, objects, or hidden details."
Oil of Reanimation,Potion,No,200 GP,GSB,-,"Oil of Reanimation is a consumable magical preparation that grants a temporary restorative, transformative, protective, or utility effect when used."
Oil of Slipperiness,Potion,-,200 GP,DMG,-,This oil can grant freedom of movement or create a magically slippery area.
Oil of Superior Mending,Potion,No,200 GP,GSB,-,"Oil of Superior Mending is a consumable magical preparation that grants a temporary restorative, transformative, protective, or utility effect when used."
Ol' Stumpy,Weapon (maul),No,400 GP,GSB,Weapon's normal damage,"Ol' Stumpy is a magical weapon with an additional combat effect, special attack option, or utility property associated with its theme."
Oozo,Potion,No,200 GP,GSB,-,"Oozo is an uncommon magical potion that grants a distinctive utility, defensive, or combat-related supernatural effect associated with its theme."
Orcam's Razor,Weapon (handaxe),No,400 GP,GSB,Weapon's normal damage,"Orcam's Razor is a magical weapon with an additional combat effect, special attack option, or utility property associated with its theme."
Orner's Venomous Crossbow,"Weapon (crossbow, hand)",Yes,400 GP,GSB,Poison,"Orner's Venomous Crossbow is a magical weapon with an additional combat effect, special attack option, or utility property associated with its theme."
Otyugh Cloak,Wondrous Item,Yes,400 GP,GSB,-,"Otyugh Cloak is a magical garment that grants a protective, movement, concealment, or transformation effect while worn."
Overseer's Spade,Wondrous Item,No,400 GP,GSB,-,"Overseer's Spade is an uncommon magical wondrous item that grants a distinctive utility, defensive, or combat-related supernatural effect associated with its theme."
Overshield,Armor (shield),Yes,400 GP,GSB,-,"Overshield is enchanted armor that grants a special defensive, movement, sensory, or environmental benefit related to its theme."
Owlbear Leather Armor,Armor (leather),Yes,400 GP,GSB,-,"Owlbear Leather Armor is enchanted armor that grants a special defensive, movement, sensory, or environmental benefit related to its theme."
Owlbear-Fletched Arrow,Weapon (arrow),No,400 GP,GSB,Weapon's normal damage,"Owlbear-Fletched Arrow is a magical weapon with an additional combat effect, special attack option, or utility property associated with its theme."
Pack of Levibubble Sugarbombs,Wondrous Item,No,400 GP,GSB,-,"Pack of Levibubble Sugarbombs is enchanted armor that grants a special defensive, movement, sensory, or environmental benefit related to its theme."
Pact Card (Uncommon),Wondrous Item,No,400 GP,GSB,-,"Pact Card is an uncommon magical wondrous item that grants a distinctive utility, defensive, or combat-related supernatural effect associated with its theme."
Pactbound Armor,Armor (any light),Yes-Warlock,400 GP,GSB,-,"Pactbound Armor is enchanted armor that grants a special defensive, movement, sensory, or environmental benefit related to its theme."
Parting Shot,Weapon (musket or pistol),No,400 GP,GSB,Weapon's normal damage,"Parting Shot is a magical weapon with an additional combat effect, special attack option, or utility property associated with its theme."
Pearl of Power,Wondrous Item,Attunement,400 GP,DMG,-,"Once per day, a spellcaster can use this pearl to recover one expended spell slot of up to 3rd level."
Pearlers Blade,Weapon (dagger),No,400 GP,GSB,Weapon's normal damage,"Pearlers Blade is a magical weapon with an additional combat effect, special attack option, or utility property associated with its theme."
Pegasus Quill,Wondrous Item,No,400 GP,GSB,-,"Pegasus Quill is an uncommon magical wondrous item that grants a distinctive utility, defensive, or combat-related supernatural effect associated with its theme."
Pendant of Thieves Sight,Wondrous Item,No,400 GP,GSB,-,"Pendant of Thieves Sight is a magical neck-worn item that provides a protective, sensory, restorative, or spell-like benefit while worn."
Peppermince Sugarbombs,Wondrous Item,No,400 GP,GSB,-,"Peppermince Sugarbombs is enchanted armor that grants a special defensive, movement, sensory, or environmental benefit related to its theme."
Periapt of Health,Wondrous Item,Attunement,400 GP,DMG,-,"While wearing this pendant, you are immune to contracting diseases."
Periapt of Wound Closure,Wondrous Item,Attunement,400 GP,DMG,Cold,"While wearing this pendant, you stabilize automatically when dying and regain extra hit points when spending Hit Dice."
Petal Dancer Ward,Wondrous Item,Yes,400 GP,GSB,-,"Petal Dancer Ward is an uncommon magical wondrous item that grants a distinctive utility, defensive, or combat-related supernatural effect associated with its theme."
Philter of Love,Potion,-,200 GP,DMG,-,A creature that drinks this potion becomes charmed by the next creature it sees for a limited time.
Phosphor Arrow,Weapon (a bolt or arrow),No,400 GP,GSB,Weapon's normal damage,"Phosphor Arrow is a magical weapon with an additional combat effect, special attack option, or utility property associated with its theme."
Picker's Pockets,Ring,No,400 GP,GSB,-,Picker's Pockets is a magical ring that grants its wearer a limited supernatural ability or passive benefit reflecting the ring's theme.
Pipe of the Mermaid,Wondrous Item,No,400 GP,GSB,-,"Pipe of the Mermaid is an uncommon magical wondrous item that grants a distinctive utility, defensive, or combat-related supernatural effect associated with its theme."
Pipes of Haunting,Wondrous Item,-,400 GP,DMG,-,These pipes can frighten nearby creatures that hear their eerie music.
Pipes of Pestilence,Wondrous Item,Attunement,400 GP,WtHC,-,Pipes of Pestilence is a magical instrument that creates a limited supernatural effect when played.
Pipes of the Sewers,Wondrous Item,Attunement,400 GP,DMG,-,These pipes can attract and influence swarms of rats.
Pisces Shield,Armor (shield),No,400 GP,GSB,-,"Pisces Shield is enchanted armor that grants a special defensive, movement, sensory, or environmental benefit related to its theme."
Pistol of Paint,Weapon (pistol),Yes,400 GP,GSB,Weapon's normal damage,"Pistol of Paint is a magical weapon with an additional combat effect, special attack option, or utility property associated with its theme."
Pocket Poppet,Wondrous Item,No,400 GP,GSB,-,"Pocket Poppet is a magical container with unusual storage, conjuration, retrieval, or utility properties."
Poison Soaked Kukri,Weapon,Attunement,B+400 GP,WtHC,Poison,"Poison Soaked Kukri is a magical weapon with an additional combat effect, special attack option, or utility property associated with its theme."
Pollinator Carapace,"Armor (leather, studded, or hide)","Yes-Druid, Ranger",400 GP,GSB,-,"Pollinator Carapace is enchanted armor that grants a special defensive, movement, sensory, or environmental benefit related to its theme."
Pollinator Pants,Wondrous Item,"Yes-Druid, Ranger",400 GP,GSB,-,"Pollinator Pants is an uncommon magical wondrous item that grants a distinctive utility, defensive, or combat-related supernatural effect associated with its theme."
Pollinator Visor,Wondrous Item,"Yes-Druid, Ranger",400 GP,GSB,-,"Pollinator Visor is an uncommon magical wondrous item that grants a distinctive utility, defensive, or combat-related supernatural effect associated with its theme."
Potbelly Plate,"Amor (breastplate, half plate, or plate)",Yes,400 GP,GSB,-,"Potbelly Plate is enchanted armor that grants a special defensive, movement, sensory, or environmental benefit related to its theme."
Potion of Animal Friendship,Potion,-,200 GP,DMG,-,"After drinking this potion, you can cast animal friendship for 1 hour."
Potion of Dragon's Breath (Uncommon),Wondrous Item,No,200 GP,GSB,-,"Potion of Dragon's Breath is a consumable magical preparation that grants a temporary restorative, transformative, protective, or utility effect when used."
Potion of Fire Breath,Potion,-,200 GP,DMG,Fire,"After drinking this potion, you can exhale fiery breath several times within 1 hour."
Potion of Giant Strength (Uncommon),Potion,-,Varies,DMG,-,"Drinking this potion sets the drinker's Strength to a value based on the giant type associated with the potion for 1 hour, unless the drinker's Strength is already higher."
Potion of Growth,Potion,-,200 GP,DMG,-,"After drinking this potion, you gain the enlarge effect for a limited time."
Potion of Healing (Uncommon),Potion,-,Varies,DMG,-,"Potion of Healing is a consumable magical preparation that grants a temporary restorative, transformative, protective, or utility effect when used."
Potion of Nature's Growth,Potion,No,200 GP,GSB,-,"Potion of Nature's Growth is a consumable magical preparation that grants a temporary restorative, transformative, protective, or utility effect when used."
Potion of Poison,Potion,-,200 GP,DMG,Poison,This liquid resembles a healing potion but poisons and damages a creature that drinks it.
Potion of Pugilism,Potion,-,200 GP,DMG,-,"Potion of Pugilism is a consumable magical preparation that grants a temporary restorative, transformative, protective, or utility effect when used."
Potion of Resistance,Potion,-,200 GP,DMG,-,"After drinking this potion, you gain resistance to one specified damage type for 1 hour."
Potion of Water Breathing,Potion,-,200 GP,DMG,-,"After drinking this potion, you can breathe underwater for 1 hour."
Pouch of Mephit Marbles,Wondrous Item,No,400 GP,GSB,-,"Pouch of Mephit Marbles is an uncommon magical wondrous item that grants a distinctive utility, defensive, or combat-related supernatural effect associated with its theme."
Powergem Pommel (Uncommon),Wondrous Item,Yes,400 GP,GSB,-,Powergem Pommel is a magical stone or crystal that stores or releases a limited supernatural effect.
Prisoner's Flail,Weapon (flail),No,400 GP,GSB,Weapon's normal damage,"Prisoner's Flail is a magical weapon with an additional combat effect, special attack option, or utility property associated with its theme."
Prized Pet Protector (Uncommon),Wondrous Item,No,400 GP,GSB,-,"Prized Pet Protector is an uncommon magical wondrous item that grants a distinctive utility, defensive, or combat-related supernatural effect associated with its theme."
Prospector's Wand,Wand,Attunement,400 GP,EB,-,Prospector's Wand is a magical wand with a limited-use spell-like or supernatural effect that reflects its name.
Protector's Ward,Armor (shield),No,400 GP,GSB,-,"Protector's Ward is enchanted armor that grants a special defensive, movement, sensory, or environmental benefit related to its theme."
Prying Mace,Weapon (mace),No,400 GP,GSB,Weapon's normal damage,"Prying Mace is a magical weapon with an additional combat effect, special attack option, or utility property associated with its theme."
Pufferfish Basher,Weapon (mace),,400 GP,GSB,Weapon's normal damage,"Pufferfish Basher is a magical weapon with an additional combat effect, special attack option, or utility property associated with its theme."
Punchdrunk Fisticuffs,Wondrous Item,No,400 GP,GSB,-,"Punchdrunk Fisticuffs is an uncommon magical wondrous item that grants a distinctive utility, defensive, or combat-related supernatural effect associated with its theme."
Quaal's Feather Token (Uncommon),Wondrous Item,-,Varies,DMG,-,"Quaal's Feather Token is a small magical charm that grants a limited protective, utility, or luck-related benefit."
Quillgun,Weapon (blowgun),No,400 GP,GSB,Weapon's normal damage,"Quillgun is a magical weapon with an additional combat effect, special attack option, or utility property associated with its theme."
Quiver of Ehlonna,Wondrous Item,-,400 GP,DMG,-,"This extradimensional quiver can store large numbers of arrows, bows, javelins, and similar long objects."
Quiver of Energy,Wondrous Item,,400 GP,EB,-,"Quiver of Energy is an uncommon magical wondrous item that grants a distinctive utility, defensive, or combat-related supernatural effect associated with its theme."
Radiant Quiver,Wondrous Item,Yes,400 GP,GSB,Radiant,"Radiant Quiver is an uncommon magical wondrous item that grants a distinctive utility, defensive, or combat-related supernatural effect associated with its theme."
Raider's Hat,Wondrous Item,No,400 GP,GSB,-,"Raider's Hat is an uncommon magical wondrous item that grants a distinctive utility, defensive, or combat-related supernatural effect associated with its theme."
Rat King Crown,Wondrous Item,Yes,400 GP,GSB,-,"Rat King Crown is an uncommon magical wondrous item that grants a distinctive utility, defensive, or combat-related supernatural effect associated with its theme."
Rat King Rapier,Weapon (rapier),Yes,400 GP,GSB,Weapon's normal damage,"Rat King Rapier is a magical weapon with an additional combat effect, special attack option, or utility property associated with its theme."
Rat King Sphere,Wondrous Item,Yes,400 GP,GSB,-,"Rat King Sphere is an uncommon magical wondrous item that grants a distinctive utility, defensive, or combat-related supernatural effect associated with its theme."
Raven's Mask,Wondrous Item,No,400 GP,GSB,-,"Raven's Mask is an uncommon magical wondrous item that grants a distinctive utility, defensive, or combat-related supernatural effect associated with its theme."
Ravenheart's Origami Ravens,Wondrous Item,No,400 GP,GSB,-,"Ravenheart's Origami Ravens is an uncommon magical wondrous item that grants a distinctive utility, defensive, or combat-related supernatural effect associated with its theme."
Ravenous Ring,Ring,No,400 GP,GSB,-,Ravenous Ring is a magical ring that grants its wearer a limited supernatural ability or passive benefit reflecting the ring's theme.
Rejuvenating Bandage,Wondrous Item,No,400 GP,GSB,-,"Rejuvenating Bandage is an uncommon magical wondrous item that grants a distinctive utility, defensive, or combat-related supernatural effect associated with its theme."
Rejuvenating Draft (Uncommon),Potion,No,200 GP,GSB,-,"Rejuvenating Draft is a consumable magical preparation that grants a temporary restorative, transformative, protective, or utility effect when used."
Relentless Bulwark,Armor (shield),"Yes-Cleric, Paladin",400 GP,GSB,-,"Relentless Bulwark is enchanted armor that grants a special defensive, movement, sensory, or environmental benefit related to its theme."
Reliquary of Dawn,Wondrous Item,-,400 GP,LFL,-,"Reliquary of Dawn is an uncommon magical wondrous item that grants a distinctive utility, defensive, or combat-related supernatural effect associated with its theme."
Reliquary of Holy Memories (Uncommon),Rod,"Yes-Cleric, Paladin",400 GP,GSB,Radiant,Reliquary of Holy Memories is a magical rod or baton that can be activated to produce a specialized utility or combat effect.
Reliquary of Twilight,Wondrous Item,-,400 GP,LFL,-,"Reliquary of Twilight is an uncommon magical wondrous item that grants a distinctive utility, defensive, or combat-related supernatural effect associated with its theme."
Remorhaz Javelin,Weapon (javelin),No,400 GP,GSB,Weapon's normal damage,"Remorhaz Javelin is a magical weapon with an additional combat effect, special attack option, or utility property associated with its theme."
Repeating Shot,Weapon,Attunement,B+400 GP,EFotA,Weapon's normal damage,"Repeating Shot is a magical weapon with an additional combat effect, special attack option, or utility property associated with its theme."
Repulsion Shield,Armor,-,B+400 GP,EFotA,-,"Repulsion Shield is enchanted armor that grants a special defensive, movement, sensory, or environmental benefit related to its theme."
Retaliating Shield of Ink,Armor (shield),No,400 GP,GSB,-,"Retaliating Shield of Ink is enchanted armor that grants a special defensive, movement, sensory, or environmental benefit related to its theme."
Returning Weapon,Weapon,-,B+400 GP,EFotA,Weapon's normal damage,"Returning Weapon is a magical weapon with an additional combat effect, special attack option, or utility property associated with its theme."
Ribbon of Tongue-Tying,Wondrous Item,No,400 GP,GSB,-,"Ribbon of Tongue-Tying is an uncommon magical wondrous item that grants a distinctive utility, defensive, or combat-related supernatural effect associated with its theme."
Riff's Dimensional Ripper,Weapon (dagger),Yes,400 GP,GSB,Weapon's normal damage,"Riff's Dimensional Ripper is a magical weapon with an additional combat effect, special attack option, or utility property associated with its theme."
Ring of Eight Eyes,Ring,No,400 GP,GSB,-,Ring of Eight Eyes is a magical ring that grants its wearer a limited supernatural ability or passive benefit reflecting the ring's theme.
Ring of Fanged Familiars,Ring,No,400 GP,GSB,-,Ring of Fanged Familiars is a magical ring that grants its wearer a limited supernatural ability or passive benefit reflecting the ring's theme.
Ring of Healer's Heroism,Ring,Yes-Spellcaster,400 GP,GSB,-,Ring of Healer's Heroism is a magical ring that grants its wearer a limited supernatural ability or passive benefit reflecting the ring's theme.
Ring of Jailbreaking,Ring,No,400 GP,GSB,-,Ring of Jailbreaking is a magical ring that grants its wearer a limited supernatural ability or passive benefit reflecting the ring's theme.
Ring of Jumping,Ring,Attunement,400 GP,DMG,-,"While wearing this ring, you can cast jump on yourself at will."
Ring of Mind Shielding,Ring,Attunement,400 GP,DMG,Psychic,"While wearing this ring, your thoughts cannot be read and several forms of magical detection against you are blocked."
Ring of Rituals,Ring,No,400 GP,GSB,-,Ring of Rituals is a magical ring that grants its wearer a limited supernatural ability or passive benefit reflecting the ring's theme.
Ring of Seething,Ring,Yes,400 GP,GSB,-,Ring of Seething is a magical ring that grants its wearer a limited supernatural ability or passive benefit reflecting the ring's theme.
Ring of Stolen Alacrity,Ring,No,400 GP,GSB,-,Ring of Stolen Alacrity is a magical ring that grants its wearer a limited supernatural ability or passive benefit reflecting the ring's theme.
Ring of Swimming,Ring,-,400 GP,DMG,-,"While wearing this ring, you gain a swimming speed of 40 feet."
Ring of the Five Lights,Ring,Yes,400 GP,GSB,-,Ring of the Five Lights is a magical ring that grants its wearer a limited supernatural ability or passive benefit reflecting the ring's theme.
Ring of the Hunger,Ring,No,400 GP,GSB,-,Ring of the Hunger is a magical ring that grants its wearer a limited supernatural ability or passive benefit reflecting the ring's theme.
Ring of the Mute Mage,Ring,Yes-Spellcaster,400 GP,GSB,-,Ring of the Mute Mage is a magical ring that grants its wearer a limited supernatural ability or passive benefit reflecting the ring's theme.
Ring of the Phantom Carriage,Ring,No,400 GP,GSB,-,Ring of the Phantom Carriage is a magical ring that grants its wearer a limited supernatural ability or passive benefit reflecting the ring's theme.
Ring of the Sandskimmer,Ring,No,400 GP,GSB,-,Ring of the Sandskimmer is a magical ring that grants its wearer a limited supernatural ability or passive benefit reflecting the ring's theme.
Ring of the Soul Harvest,Ring,Yes,400 GP,GSB,Necrotic,Ring of the Soul Harvest is a magical ring that grants its wearer a limited supernatural ability or passive benefit reflecting the ring's theme.
Ring of Volleys,Ring,No,400 GP,GSB,-,Ring of Volleys is a magical ring that grants its wearer a limited supernatural ability or passive benefit reflecting the ring's theme.
Ring of Warmth,Ring,Attunement,400 GP,DMG,Cold,"While wearing this ring, you have resistance to cold damage and are protected from extreme cold."
Ring of Water Walking,Ring,-,400 GP,DMG,-,"While wearing this ring, you can stand on and move across liquid surfaces as though they were solid ground."
Ringmaster's Cape,Wondrous Item,Yes,400 GP,GSB,-,Ringmaster's Cape is a magical ring that grants its wearer a limited supernatural ability or passive benefit reflecting the ring's theme.
Ringmaster's Signet,Ring,Yes,400 GP,GSB,-,Ringmaster's Signet is a magical ring that grants its wearer a limited supernatural ability or passive benefit reflecting the ring's theme.
Ringmaster's Top Hat,Wondrous Item,Yes,400 GP,GSB,-,Ringmaster's Top Hat is a magical ring that grants its wearer a limited supernatural ability or passive benefit reflecting the ring's theme.
Rings of Wind,Ring,No,400 GP,GSB,-,Rings of Wind is a magical ring that grants its wearer a limited supernatural ability or passive benefit reflecting the ring's theme.
Riptide Katana,Weapon (longsword),Yes,400 GP,GSB,Weapon's normal damage,"Riptide Katana is a magical weapon with an additional combat effect, special attack option, or utility property associated with its theme."
Roaring Whip,Weapon (whip),No,400 GP,GSB,Weapon's normal damage,"Roaring Whip is a magical weapon with an additional combat effect, special attack option, or utility property associated with its theme."
Robe of the Altruist,Wondrous Item,Yes,400 GP,GSB,-,"Robe of the Altruist is an uncommon magical wondrous item that grants a distinctive utility, defensive, or combat-related supernatural effect associated with its theme."
Robe of the Underbrush,Wondrous Item,"Yes-Druid, Ranger",400 GP,GSB,-,"Robe of the Underbrush is an uncommon magical wondrous item that grants a distinctive utility, defensive, or combat-related supernatural effect associated with its theme."
Robe of Useful Items,Wondrous Item,-,200 GP,DMG,-,This robe has removable patches that transform into useful mundane objects and other one-use resources.
Rocborne Robe,Wondrous Item,Yes,400 GP,GSB,-,"Rocborne Robe is an uncommon magical wondrous item that grants a distinctive utility, defensive, or combat-related supernatural effect associated with its theme."
Rod of Instant Pillars,Rod,No,400 GP,GSB,-,Rod of Instant Pillars is a magical rod or baton that can be activated to produce a specialized utility or combat effect.
Rod of the Pact Keeper (Uncommon),Rod,Attunement,Varies,DMG,-,"While holding this rod, a warlock gains a bonus to spell attack rolls and spell save DC based on the rod's rarity. Once per long rest, the warlock can also regain one expended warlock spell slot."
Rod of the Scarecrow,Rod,No,400 GP,GSB,-,Rod of the Scarecrow is a magical rod or baton that can be activated to produce a specialized utility or combat effect.
Rod of Thought Projection,Rod,No,400 GP,GSB,Psychic,Rod of Thought Projection is a magical rod or baton that can be activated to produce a specialized utility or combat effect.
Rooting Arrows,Weapon (arrow),No,400 GP,GSB,Weapon's normal damage,"Rooting Arrows is a magical weapon with an additional combat effect, special attack option, or utility property associated with its theme."
Rope of Climbing,Wondrous Item,-,400 GP,DMG,-,"This silk rope can animate on command, fasten itself, knot itself, and make climbing easier."
Rust Arrows,Weapon (arrow),No,400 GP,GSB,Weapon's normal damage,"Rust Arrows is a magical weapon with an additional combat effect, special attack option, or utility property associated with its theme."
Saddle of the Cavalier,Wondrous Item,-,400 GP,DMG,-,"Saddle of the Cavalier is an uncommon magical wondrous item that grants a distinctive utility, defensive, or combat-related supernatural effect associated with its theme."
Sagittarian Vestments,Armor (any),"Yes-Cleric, Paladin",400 GP,GSB,-,"Sagittarian Vestments is enchanted armor that grants a special defensive, movement, sensory, or environmental benefit related to its theme."
Sahuagin Sabatons,Wondrous Item,No,400 GP,GSB,-,Sahuagin Sabatons is a magical rod or baton that can be activated to produce a specialized utility or combat effect.
Satchel of Beast Chow,Wondrous Item,No,400 GP,GSB,-,"Satchel of Beast Chow is a magical container with unusual storage, conjuration, retrieval, or utility properties."
Scabbard of Piety,Wondrous item,No,400 GP,GSB,-,"Scabbard of Piety is an uncommon magical wondrous item that grants a distinctive utility, defensive, or combat-related supernatural effect associated with its theme."
Scarab Mask,Wondrous Item,No,400 GP,GSB,-,"Scarab Mask is an uncommon magical wondrous item that grants a distinctive utility, defensive, or combat-related supernatural effect associated with its theme."
Schematic Scroll,Scroll,No,400 GP,GSB,-,"Schematic Scroll is an uncommon magical scroll that grants a distinctive utility, defensive, or combat-related supernatural effect associated with its theme."
Scholars Cap (Uncommon),Wondrous Item,Yes,400 GP,GSB,-,"Scholars Cap is an uncommon magical wondrous item that grants a distinctive utility, defensive, or combat-related supernatural effect associated with its theme."
Scorpio Armor,Armor (halfplate or plate),Yes-Wizard,400 GP,GSB,-,"Scorpio Armor is enchanted armor that grants a special defensive, movement, sensory, or environmental benefit related to its theme."
Scorpion Glaive,Weapon (glaive),No,400 GP,GSB,Weapon's normal damage,"Scorpion Glaive is a magical weapon with an additional combat effect, special attack option, or utility property associated with its theme."
Scorpion Lasher,Weapon (whip),Yes,400 GP,GSB,Weapon's normal damage,"Scorpion Lasher is a magical weapon with an additional combat effect, special attack option, or utility property associated with its theme."
Scroll of Mapping,Scroll,No,400 GP,GSB,-,"Scroll of Mapping is an uncommon magical scroll that grants a distinctive utility, defensive, or combat-related supernatural effect associated with its theme."
Scroll of Moving Performances,Scroll,No,400 GP,GSB,-,"Scroll of Moving Performances is an uncommon magical scroll that grants a distinctive utility, defensive, or combat-related supernatural effect associated with its theme."
Scroll of Rugs,Scroll,No,400 GP,GSB,-,"Scroll of Rugs is an uncommon magical scroll that grants a distinctive utility, defensive, or combat-related supernatural effect associated with its theme."
Scroll of Scripts,Scroll,No,400 GP,GSB,-,"Scroll of Scripts is an uncommon magical scroll that grants a distinctive utility, defensive, or combat-related supernatural effect associated with its theme."
Scuttling Sping,Wondrous Item,Yes,400 GP,GSB,-,"Scuttling Sping is an uncommon magical wondrous item that grants a distinctive utility, defensive, or combat-related supernatural effect associated with its theme."
Sea Serpent Hairpin,Wondrous Item,No,400 GP,GSB,Poison,"Sea Serpent Hairpin is an uncommon magical wondrous item that grants a distinctive utility, defensive, or combat-related supernatural effect associated with its theme."
Seafarer's Whistle,Wondrous Item,No,400 GP,GSB,-,"Seafarer's Whistle is an uncommon magical wondrous item that grants a distinctive utility, defensive, or combat-related supernatural effect associated with its theme."
Seafarers Jacket,Wondrous Item,Yes,400 GP,GSB,-,"Seafarers Jacket is an uncommon magical wondrous item that grants a distinctive utility, defensive, or combat-related supernatural effect associated with its theme."
Seal of Approvals,Wondrous Item,,400 GP,GSB,-,"Seal of Approvals is an uncommon magical wondrous item that grants a distinctive utility, defensive, or combat-related supernatural effect associated with its theme."
Second Fiddle,Wondrous Item,No,400 GP,GSB,-,"Second Fiddle is an uncommon magical wondrous item that grants a distinctive utility, defensive, or combat-related supernatural effect associated with its theme."
Seeker's Compass,Wondrous Item,No,400 GP,GSB,-,"Seeker's Compass is an uncommon magical wondrous item that grants a distinctive utility, defensive, or combat-related supernatural effect associated with its theme."
Seers Starlight Cloak,Wondrous Item,"Yes-Cleric, Druid, Wizard",400 GP,GSB,-,"Seers Starlight Cloak is a magical garment that grants a protective, movement, concealment, or transformation effect while worn."
Seige Key,Wondrous Item,No,400 GP,GSB,-,"Seige Key is an uncommon magical wondrous item that grants a distinctive utility, defensive, or combat-related supernatural effect associated with its theme."
Sending Stones,Wondrous Item,-,400 GP,DMG,-,These paired stones allow their holders to cast sending to communicate with one another once per day.
Sentinel Shield,Armor,-,B+400 GP,DMG,-,"While holding this shield, you have advantage on initiative rolls and Perception checks."
Serpent Dart,Weapon (dart),No,400 GP,GSB,Poison,"Serpent Dart is a magical weapon with an additional combat effect, special attack option, or utility property associated with its theme."
Serpent's Cuff,Wondrous Item,No,400 GP,GSB,Poison,"Serpent's Cuff is an uncommon magical wondrous item that grants a distinctive utility, defensive, or combat-related supernatural effect associated with its theme."
Serpentine Horn,Wondrous Item,No,400 GP,GSB,Poison,Serpentine Horn is a magical instrument that creates a limited supernatural effect when played.
Servitude Choker,Wondrous Item,Yes,400 GP,GSB,-,"Servitude Choker is an uncommon magical wondrous item that grants a distinctive utility, defensive, or combat-related supernatural effect associated with its theme."
Set of Numats Trick Tubes,Wondrous Item,No,400 GP,GSB,-,"Set of Numats Trick Tubes is an uncommon magical wondrous item that grants a distinctive utility, defensive, or combat-related supernatural effect associated with its theme."
Shadow Ink,Wondrous Item,No,400 GP,GSB,Necrotic,"Shadow Ink is an uncommon magical wondrous item that grants a distinctive utility, defensive, or combat-related supernatural effect associated with its theme."
Shadow Weaver's Guise,Wondrous Item,Yes-Spellcaster,400 GP,GSB,Necrotic,"Shadow Weaver's Guise is an uncommon magical wondrous item that grants a distinctive utility, defensive, or combat-related supernatural effect associated with its theme."
Sharkbite Cleaver,Weapon (handaxe),Yes,400 GP,GSB,Weapon's normal damage,"Sharkbite Cleaver is a magical weapon with an additional combat effect, special attack option, or utility property associated with its theme."
Shield (Uncommon),Armor,-,Varies,DMG,-,This magic shield grants an additional bonus to Armor Class beyond the shield's normal +2 bonus. The size of the magical bonus depends on the item's version.
Shield of the Great Badger,Armor (shield),Yes,400 GP,GSB,-,"Shield of the Great Badger is enchanted armor that grants a special defensive, movement, sensory, or environmental benefit related to its theme."
Shielding Turtle Sugarbombs,Wondrous Item,No,400 GP,GSB,-,"Shielding Turtle Sugarbombs is enchanted armor that grants a special defensive, movement, sensory, or environmental benefit related to its theme."
Shifter's Shine (Uncommon),Potion,No,200 GP,GSB,-,"Shifter's Shine is a consumable magical preparation that grants a temporary restorative, transformative, protective, or utility effect when used."
Silken Socks of Slickening,Wondrous Item,No,400 GP,GSB,-,"Silken Socks of Slickening is an uncommon magical wondrous item that grants a distinctive utility, defensive, or combat-related supernatural effect associated with its theme."
Silver Eagle Acolyte Robe,Wondrous Item,Yes,400 GP,GSB,-,"Silver Eagle Acolyte Robe is an uncommon magical wondrous item that grants a distinctive utility, defensive, or combat-related supernatural effect associated with its theme."
Silver Eagle Studded Cuirass,Armor (studded leather),Yes,400 GP,GSB,-,"Silver Eagle Studded Cuirass is enchanted armor that grants a special defensive, movement, sensory, or environmental benefit related to its theme."
Silver Eagle Weapons,"Weapon (greataxe, greatsword, lance, or maul)",No,400 GP,GSB,Weapon's normal damage,"Silver Eagle Weapons is a magical weapon with an additional combat effect, special attack option, or utility property associated with its theme."
Silver Lycan Chime,Wondrous Item,No,400 GP,GSB,-,"Silver Lycan Chime is an uncommon magical wondrous item that grants a distinctive utility, defensive, or combat-related supernatural effect associated with its theme."
Sir Varion's Helm,Wondrous Item,No,400 GP,GSB,-,"Sir Varion's Helm is an uncommon magical wondrous item that grants a distinctive utility, defensive, or combat-related supernatural effect associated with its theme."
Sir Varion's Lance,Weapon (lance),Yes,400 GP,GSB,Weapon's normal damage,"Sir Varion's Lance is a magical weapon with an additional combat effect, special attack option, or utility property associated with its theme."
Sir Varion's Mantle,Wondrous Item,Yes,400 GP,GSB,-,"Sir Varion's Mantle is a magical garment that grants a protective, movement, concealment, or transformation effect while worn."
Sir Varion's Shield,Armor (shield),Yes,400 GP,GSB,-,"Sir Varion's Shield is enchanted armor that grants a special defensive, movement, sensory, or environmental benefit related to its theme."
Sirensong Silencer,Wondrous Item,No,400 GP,GSB,-,"Sirensong Silencer is an uncommon magical wondrous item that grants a distinctive utility, defensive, or combat-related supernatural effect associated with its theme."
Slippers of Spider Climbing,Wondrous Item,Attunement,400 GP,DMG,-,"While wearing these slippers, you can move along walls and ceilings while keeping your hands free."
Slippers of the Rat,Wondrous Item,No,400 GP,GSB,-,Slippers of the Rat is magical footwear that enhances movement or grants a terrain- or travel-related supernatural benefit.
Slowdown Tape,Wondrous Item,No,400 GP,GSB,-,"Slowdown Tape is an uncommon magical wondrous item that grants a distinctive utility, defensive, or combat-related supernatural effect associated with its theme."
Smoldering Club,Weapon (club or greatclub),No,400 GP,GSB,Weapon's normal damage,"Smoldering Club is a magical weapon with an additional combat effect, special attack option, or utility property associated with its theme."
Snake Charmer's Flute,Wondrous Item,Yes,400 GP,GSB,-,Snake Charmer's Flute is a magical instrument that creates a limited supernatural effect when played.
Snow Silver,Wondrous Item,No,400 GP,GSB,Cold,"Snow Silver is an uncommon magical wondrous item that grants a distinctive utility, defensive, or combat-related supernatural effect associated with its theme."
Soarsled,Wondrous Item,-,400 GP,EB,-,"Soarsled is an uncommon magical wondrous item that grants a distinctive utility, defensive, or combat-related supernatural effect associated with its theme."
Socks of the Well Rested,Wondrous Item,No,400 GP,GSB,-,"Socks of the Well Rested is an uncommon magical wondrous item that grants a distinctive utility, defensive, or combat-related supernatural effect associated with its theme."
Sorcery Marble,Wondrous Item,Yes- Spellcaster,400 GP,GSB,-,"Sorcery Marble is an uncommon magical wondrous item that grants a distinctive utility, defensive, or combat-related supernatural effect associated with its theme."
Spell Scroll (Uncommon),Scroll,-,Varies,DMG,Varies,"This scroll contains a single spell. A creature with that spell on its class spell list can attempt to cast it from the scroll, using the scroll's fixed spell attack bonus and save DC; the writing disappears after a successful casting."
Spell-Refueling Ring,Ring,Attunement,400 GP,EFotA,-,Spell-Refueling Ring is a magical ring that grants its wearer a limited supernatural ability or passive benefit reflecting the ring's theme.
Spellburrow,Wondrous Item,Attunement,400 GP,EB,-,"Spellburrow is an uncommon magical wondrous item that grants a distinctive utility, defensive, or combat-related supernatural effect associated with its theme."
Spellrender,Weapon (longsword),No,400 GP,GSB,Weapon's normal damage,"Spellrender is a magical weapon with an additional combat effect, special attack option, or utility property associated with its theme."
Spellwoven Robes,Wondrous Item,No,400 GP,GSB,-,"Spellwoven Robes is an uncommon magical wondrous item that grants a distinctive utility, defensive, or combat-related supernatural effect associated with its theme."
Spiked Shield,Armor,Attunement,B+400 GP,WtHC,-,"Spiked Shield is enchanted armor that grants a special defensive, movement, sensory, or environmental benefit related to its theme."
Spirit-Shaking Salt,Wondrous Item,No,400 GP,GSB,-,"Spirit-Shaking Salt is an uncommon magical wondrous item that grants a distinctive utility, defensive, or combat-related supernatural effect associated with its theme."
Spoken Letter,Scroll,No,400 GP,GSB,-,"Spoken Letter is an uncommon magical scroll that grants a distinctive utility, defensive, or combat-related supernatural effect associated with its theme."
Squasher,Weapon (greatclub),No,400 GP,GSB,Weapon's normal damage,"Squasher is a magical weapon with an additional combat effect, special attack option, or utility property associated with its theme."
Staff of Cubic Cultivation,Staff,No,400 GP,GSB,-,Staff of Cubic Cultivation is a magical staff that combines use as a weapon or focus with a limited themed magical ability.
Staff of Pigeons,Staff,Yes,400 GP,GSB,-,Staff of Pigeons is a magical staff that combines use as a weapon or focus with a limited themed magical ability.
Staff of the Adder,Staff,Attunement,400 GP,DMG,Poison plus bludgeoning,This staff can transform its head into a magical snake that makes poisonous melee attacks.
Staff of the Black Raven,Staff,Yes,400 GP,GSB,-,Staff of the Black Raven is a magical staff that combines use as a weapon or focus with a limited themed magical ability.
Staff of the Cauldron Carrier,Staff,Yes-Spellcaster,400 GP,GSB,-,Staff of the Cauldron Carrier is a magical staff that combines use as a weapon or focus with a limited themed magical ability.
Staff of the Dream Shepherd,Staff,Yes-Spellcaster,400 GP,GSB,Psychic,Staff of the Dream Shepherd is a magical staff that combines use as a weapon or focus with a limited themed magical ability.
Staff of the Python,Staff,Attunement,400 GP,DMG,-,This staff can transform into a giant constrictor snake under your control and return to staff form.
Staff of the Snail,Staff,Yes-Spellcaster,400 GP,GSB,-,Staff of the Snail is a magical staff that combines use as a weapon or focus with a limited themed magical ability.
Staff of the Vineyard,Staff,"Yes-Cleric, Druid, Monk, Ranger",400 GP,GSB,-,Staff of the Vineyard is a magical staff that combines use as a weapon or focus with a limited themed magical ability.
Staff of the Whirling Wyrm,Weapon (quarterstaff),Yes-Monk,400 GP,GSB,Weapon's normal damage,"Staff of the Whirling Wyrm is a magical weapon with an additional combat effect, special attack option, or utility property associated with its theme."
Stagehand's Crook,Staff,Yes-Bard,400 GP,GSB,-,Stagehand's Crook is a magical staff that combines use as a weapon or focus with a limited themed magical ability.
Stardust Hat,Wondrous Item,"Yes-Druid, Warlock, Wizard",400 GP,GSB,-,"Stardust Hat is an uncommon magical wondrous item that grants a distinctive utility, defensive, or combat-related supernatural effect associated with its theme."
Starlit Candle,Wondrous Item,No,400 GP,GSB,-,"Starlit Candle is an uncommon magical wondrous item that grants a distinctive utility, defensive, or combat-related supernatural effect associated with its theme."
Static-Ridden Fleece,Wondrous Item,No,400 GP,GSB,-,"Static-Ridden Fleece is an uncommon magical wondrous item that grants a distinctive utility, defensive, or combat-related supernatural effect associated with its theme."
Steel Hawk Handaxe,Weapon (handaxe),No,400 GP,GSB,Weapon's normal damage,"Steel Hawk Handaxe is a magical weapon with an additional combat effect, special attack option, or utility property associated with its theme."
Stinkbug Shield,Armor (shield),No,400 GP,GSB,Poison,"Stinkbug Shield is enchanted armor that grants a special defensive, movement, sensory, or environmental benefit related to its theme."
Stone Maul of the Geomancer,Weapon (maul),Yes,400 GP,GSB,Weapon's normal damage,"Stone Maul of the Geomancer is a magical weapon with an additional combat effect, special attack option, or utility property associated with its theme."
Stone of Good Luck,Wondrous Item,Attunement,400 GP,DMG,-,"While this polished stone is on your person, you gain a +1 bonus to ability checks and saving throws."
Stone Soldier,Wondrous Item,No,400 GP,GSB,-,Stone Soldier is a magical stone or crystal that stores or releases a limited supernatural effect.
Stonemason's Companion,Wondrous Item,No,400 GP,GSB,-,Stonemason's Companion is a magical stone or crystal that stores or releases a limited supernatural effect.
Stormstrike Dart,Weapon (dart),No,400 GP,GSB,Lightning,"Stormstrike Dart is a magical weapon with an additional combat effect, special attack option, or utility property associated with its theme."
Stuffy Familiar,Wondrous Item,No,400 GP,GSB,-,"Stuffy Familiar is an uncommon magical wondrous item that grants a distinctive utility, defensive, or combat-related supernatural effect associated with its theme."
Sundersludge Net,Weapon (net),Yes,400 GP,GSB,Weapon's normal damage,"Sundersludge Net is a magical weapon with an additional combat effect, special attack option, or utility property associated with its theme."
Surprise Nesting Dolls,Wondrous Item,No,400 GP,GSB,-,"Surprise Nesting Dolls is an uncommon magical wondrous item that grants a distinctive utility, defensive, or combat-related supernatural effect associated with its theme."
Survivalist's Wayfinder,Wondrous Item,No,400 GP,GSB,-,"Survivalist's Wayfinder is an uncommon magical wondrous item that grants a distinctive utility, defensive, or combat-related supernatural effect associated with its theme."
Swashbuckler's Slippery Saber,Weapon (scimitar or shortsword),Yes,400 GP,GSB,Weapon's normal damage,Swashbuckler's Slippery Saber is a magical shield that protects its bearer and provides an additional reactive or defensive magical effect.
Switcheroo Cups,Wondrous Item,No,400 GP,GSB,-,"Switcheroo Cups is an uncommon magical wondrous item that grants a distinctive utility, defensive, or combat-related supernatural effect associated with its theme."
Sword of the Pack Leader,Weapon (any sword),No,400 GP,GSB,Weapon's normal damage,"Sword of the Pack Leader is a magical weapon with an additional combat effect, special attack option, or utility property associated with its theme."
Sword of Vengeance,Weapon,Attunement,B+400 GP,DMG,Weapon's normal damage,"Sword of Vengeance is a magical weapon with an additional combat effect, special attack option, or utility property associated with its theme."
Talyard the Greats Wand of Power,Wand,No,400 GP,GSB,-,Talyard the Greats Wand of Power is a magical wand with a limited-use spell-like or supernatural effect that reflects its name.
Telescoping Bladelance,Weapon (lance),No,400 GP,GSB,Weapon's normal damage,"Telescoping Bladelance is a magical weapon with an additional combat effect, special attack option, or utility property associated with its theme."
Tempest Staff,Staff,"Yes-Cleric, Druid, Sorcerer, Wizard",400 GP,GSB,-,Tempest Staff is a magical staff that combines use as a weapon or focus with a limited themed magical ability.
Tether Tearer,Weapon (any axe),No,400 GP,GSB,Weapon's normal damage,"Tether Tearer is a magical weapon with an additional combat effect, special attack option, or utility property associated with its theme."
Tethervine Quiver,Wondrous Item,No,400 GP,GSB,-,"Tethervine Quiver is an uncommon magical wondrous item that grants a distinctive utility, defensive, or combat-related supernatural effect associated with its theme."
Thayan Spell Tattoo,Wondrous Item,Attunement,Special,FRHoF,-,"Thayan Spell Tattoo is an uncommon magical wondrous item that grants a distinctive utility, defensive, or combat-related supernatural effect associated with its theme."
Third Eye Trinoculars,Wondrous Item,No,400 GP,GSB,-,"Third Eye Trinoculars is a magical visual aid that enhances sight or grants a special way to perceive creatures, objects, or hidden details."
Third Lung Bag,Wondrous Item,No,400 GP,GSB,-,"Third Lung Bag is a magical container with unusual storage, conjuration, retrieval, or utility properties."
Third Lung Bag,Wondrous Item,No,400 GP,GSB,-,"Third Lung Bag is a magical container with unusual storage, conjuration, retrieval, or utility properties."
Thomas' Dimensional Trousers,Wondrous Item,No,400 GP,GSB,-,"Thomas' Dimensional Trousers is an uncommon magical wondrous item that grants a distinctive utility, defensive, or combat-related supernatural effect associated with its theme."
Throwing Scarab,Wondrous Item,Attunement,400 GP,EB,-,"Throwing Scarab is an uncommon magical wondrous item that grants a distinctive utility, defensive, or combat-related supernatural effect associated with its theme."
Thwackstaff,Weapon (quarterstaff),Yes,400 GP,GSB,Weapon's normal damage,"Thwackstaff is a magical weapon with an additional combat effect, special attack option, or utility property associated with its theme."
Tickling Feather,Wondrous Item,No,400 GP,GSB,-,"Tickling Feather is an uncommon magical wondrous item that grants a distinctive utility, defensive, or combat-related supernatural effect associated with its theme."
Tidal Fan,Wondrous Item,No,400 GP,GSB,-,"Tidal Fan is an uncommon magical wondrous item that grants a distinctive utility, defensive, or combat-related supernatural effect associated with its theme."
Tiger Gloves,Wondrous Item,Yes,400 GP,GSB,-,"Tiger Gloves is a magical hand-worn item that improves a physical task, attack, defense, or interaction tied to its theme."
Titan Cricket Greaves,Wondrous Item,Yes,400 GP,GSB,-,"Titan Cricket Greaves is an uncommon magical wondrous item that grants a distinctive utility, defensive, or combat-related supernatural effect associated with its theme."
Toadstone,Wondrous Item,Yes,400 GP,GSB,-,Toadstone is a magical stone or crystal that stores or releases a limited supernatural effect.
Toadstool Veil,Wondrous Item,Yes,400 GP,GSB,-,"Toadstool Veil is an uncommon magical wondrous item that grants a distinctive utility, defensive, or combat-related supernatural effect associated with its theme."
Tome of Dreams,Wondrous Item,No,400 GP,GSB,Psychic,"Tome of Dreams is a magical written work that grants knowledge, improves a skill, or produces a limited spell-like effect when studied."
Tongue Twisty Sugarbombs,Wondrous Item,No,400 GP,GSB,-,"Tongue Twisty Sugarbombs is enchanted armor that grants a special defensive, movement, sensory, or environmental benefit related to its theme."
Tools of the Master (Uncommon),Wondrous Item,Attunement,B+400 GP,EB,-,"Tools of the Master is an uncommon magical wondrous item that grants a distinctive utility, defensive, or combat-related supernatural effect associated with its theme."
Torchbearer's Sling,Weapon (sling),No,400 GP,GSB,Weapon's normal damage,"Torchbearer's Sling is a magical weapon with an additional combat effect, special attack option, or utility property associated with its theme."
Torchbearers Reach,Weapon (whip),No,400 GP,GSB,Weapon's normal damage,"Torchbearers Reach is a magical weapon with an additional combat effect, special attack option, or utility property associated with its theme."
Toungueworm,Wondrous Item,Attunement,400 GP,EB,-,"Toungueworm is an uncommon magical wondrous item that grants a distinctive utility, defensive, or combat-related supernatural effect associated with its theme."
Trampling Crossbow,"Weapon (crossbow, heavy)",No,400 GP,GSB,Weapon's normal damage,"Trampling Crossbow is a magical weapon with an additional combat effect, special attack option, or utility property associated with its theme."
Tranquilizing Musket,Weapon (musket),No,400 GP,GSB,Weapon's normal damage,"Tranquilizing Musket is a magical weapon with an additional combat effect, special attack option, or utility property associated with its theme."
Trap Sweeper,Wondrous Item,No,400 GP,GSB,-,"Trap Sweeper is an uncommon magical wondrous item that grants a distinctive utility, defensive, or combat-related supernatural effect associated with its theme."
Trapper's Bag,Wondrous Item,No,400 GP,GSB,-,"Trapper's Bag is a magical container with unusual storage, conjuration, retrieval, or utility properties."
Treblecuff,Wondrous Item,No,400 GP,GSB,-,"Treblecuff is an uncommon magical wondrous item that grants a distinctive utility, defensive, or combat-related supernatural effect associated with its theme."
Trench Totem,Wondrous item,No,400 GP,GSB,-,"Trench Totem is an uncommon magical wondrous item that grants a distinctive utility, defensive, or combat-related supernatural effect associated with its theme."
Trick Knot,Wondrous Item,No,400 GP,GSB,-,"Trick Knot is an uncommon magical wondrous item that grants a distinctive utility, defensive, or combat-related supernatural effect associated with its theme."
Trident of Fish Command,Weapon,Attunement,B+400 GP,DMG,Weapon's normal damage,This trident has charges that let you charm and command aquatic beasts.
Trident of the Dryad,Weapon (trident),Yes,400 GP,GSB,Weapon's normal damage,"Trident of the Dryad is a magical weapon with an additional combat effect, special attack option, or utility property associated with its theme."
Trumpeting Ring,Ring,No,400 GP,GSB,-,Trumpeting Ring is a magical ring that grants its wearer a limited supernatural ability or passive benefit reflecting the ring's theme.
Tub of Churning and Fermentation,Wondrous Item,No,400 GP,GSB,-,"Tub of Churning and Fermentation is an uncommon magical wondrous item that grants a distinctive utility, defensive, or combat-related supernatural effect associated with its theme."
Twin Lenses,Wondrous Item,No,400 GP,GSB,-,"Twin Lenses is a magical visual aid that enhances sight or grants a special way to perceive creatures, objects, or hidden details."
Unicorn Snugglebeast,Wondrous Item,No,400 GP,GSB,-,"Unicorn Snugglebeast is an uncommon magical wondrous item that grants a distinctive utility, defensive, or combat-related supernatural effect associated with its theme."
Unstable Arkanite Cluster,Wondrous Item,No,400 GP,GSB,-,"Unstable Arkanite Cluster is an uncommon magical wondrous item that grants a distinctive utility, defensive, or combat-related supernatural effect associated with its theme."
Vain Virtuoso's Violin,Wondrous Item,Yes-Bard,400 GP,GSB,-,"Vain Virtuoso's Violin is an uncommon magical wondrous item that grants a distinctive utility, defensive, or combat-related supernatural effect associated with its theme."
Venombane Armor,Armor (any light armor),Yes,400 GP,GSB,Poison,"Venombane Armor is enchanted armor that grants a special defensive, movement, sensory, or environmental benefit related to its theme."
Veteran's Armor,Armor (medium or heavy),No,400 GP,GSB,-,"Veteran's Armor is enchanted armor that grants a special defensive, movement, sensory, or environmental benefit related to its theme."
Vine Whip,Weapon (whip),No,400 GP,GSB,Weapon's normal damage,"Vine Whip is a magical weapon with an additional combat effect, special attack option, or utility property associated with its theme."
Viper Bracers,Wondrous Item,Yes-Monk,400 GP,GSB,Poison,"Viper Bracers is an uncommon magical wondrous item that grants a distinctive utility, defensive, or combat-related supernatural effect associated with its theme."
Void Arrow,Weapon (an arrow or bolt),No,400 GP,GSB,Weapon's normal damage,"Void Arrow is a magical weapon with an additional combat effect, special attack option, or utility property associated with its theme."
Wailing Ring,Ring,Yes,400 GP,GSB,-,Wailing Ring is a magical ring that grants its wearer a limited supernatural ability or passive benefit reflecting the ring's theme.
Wand of Dowsing,Wand,Yes,400 GP,GSB,-,Wand of Dowsing is a magical wand with a limited-use spell-like or supernatural effect that reflects its name.
Wand of Eyes,Wand,No,400 GP,GSB,-,Wand of Eyes is a magical wand with a limited-use spell-like or supernatural effect that reflects its name.
Wand of Flares,Wand,No,400 GP,GSB,-,Wand of Flares is a magical wand with a limited-use spell-like or supernatural effect that reflects its name.
Wand of Knots,Wand,No,400 GP,GSB,-,Wand of Knots is a magical wand with a limited-use spell-like or supernatural effect that reflects its name.
Wand of Magic Detection,Wand,-,400 GP,DMG,-,This wand has charges that let you cast detect magic.
Wand of Magic Missiles,Wand,-,400 GP,DMG,Force,This wand has charges that let you cast magic missile at increasing levels.
Wand of Secrets,Wand,-,400 GP,DMG,-,This wand can reveal nearby secret doors and hidden traps.
Wand of Steam,Wand,No,400 GP,GSB,-,Wand of Steam is a magical wand with a limited-use spell-like or supernatural effect that reflects its name.
Wand of the War Mage (Uncommon),Wand,Attunement,Varies,DMG,-,"While holding this wand, a spellcaster gains a bonus to spell attack rolls determined by the wand's rarity and ignores half cover when making spell attacks."
Wand of Web,Wand,Attunement,400 GP,DMG,-,This wand has charges that let you cast web.
Wandelabra Staff,Staff,No,400 GP,GSB,-,Wandelabra Staff is a magical wand with a limited-use spell-like or supernatural effect that reflects its name.
Wandering Eye,Wondrous Item,Attunement,400 GP,EB,-,Wandering Eye is a magical ring that grants its wearer a limited supernatural ability or passive benefit reflecting the ring's theme.
War Thorn,Weapon (war pick),No,400 GP,GSB,Weapon's normal damage,"War Thorn is a magical weapon with an additional combat effect, special attack option, or utility property associated with its theme."
Warding Armor (Uncommon),Armor (any),No,400 GP,GSB,-,"Warding Armor is enchanted armor that grants a special defensive, movement, sensory, or environmental benefit related to its theme."
Waterskin of Voices,Wondrous Item,No,400 GP,GSB,Cold,"Waterskin of Voices is an uncommon magical wondrous item that grants a distinctive utility, defensive, or combat-related supernatural effect associated with its theme."
Weapon (Uncommon),Weapon,-,Varies,DMG,Weapon's normal damage,This entry represents a magic weapon whose exact base weapon determines its normal damage and properties; its enhancement bonus or other magical effect depends on the specific version.
Weapon of Blind Faith,Weapon (any),No,400 GP,GSB,Weapon's normal damage,"Weapon of Blind Faith is a magical weapon with an additional combat effect, special attack option, or utility property associated with its theme."
Weapon of Spite,Weapon (any melee),Yes,400 GP,GSB,Weapon's normal damage,"Weapon of Spite is a magical weapon with an additional combat effect, special attack option, or utility property associated with its theme."
Weapon of Verdict,Weapon (any melee),Yes-Good Aligned,400 GP,GSB,Weapon's normal damage,"Weapon of Verdict is a magical weapon with an additional combat effect, special attack option, or utility property associated with its theme."
Weapon of Warning,Weapon,Attunement,B+400 GP,DMG,Weapon's normal damage,"While this magic weapon is on your person, you have advantage on initiative and nearby allies are harder to surprise."
Weaving Wasp Needles,Weapon (dart),No,400 GP,GSB,Weapon's normal damage,"Weaving Wasp Needles is a magical weapon with an additional combat effect, special attack option, or utility property associated with its theme."
Whip of the Copper Eel,Weapon (whip),Yes,400 GP,GSB,Weapon's normal damage,"Whip of the Copper Eel is a magical weapon with an additional combat effect, special attack option, or utility property associated with its theme."
Whirlpool Dart,Weapon (dart),No,400 GP,GSB,Weapon's normal damage,"Whirlpool Dart is a magical weapon with an additional combat effect, special attack option, or utility property associated with its theme."
Whistle of Dog Command,Wondrous Item,No,400 GP,GSB,-,"Whistle of Dog Command is an uncommon magical wondrous item that grants a distinctive utility, defensive, or combat-related supernatural effect associated with its theme."
Widow's Perfume Bottle,Wondrous Item,No,400 GP,GSB,-,"Widow's Perfume Bottle is a magical vessel that stores, creates, releases, or transforms a substance or effect when activated."
Wildskin Armor,Armor (hide),Yes-Druid,400 GP,GSB,-,"Wildskin Armor is enchanted armor that grants a special defensive, movement, sensory, or environmental benefit related to its theme."
Wind Fan,Wondrous Item,-,400 GP,DMG,-,"Wind Fan is an uncommon magical wondrous item that grants a distinctive utility, defensive, or combat-related supernatural effect associated with its theme."
Windswept Kite,Wondrous Item,No,400 GP,GSB,-,"Windswept Kite is an uncommon magical wondrous item that grants a distinctive utility, defensive, or combat-related supernatural effect associated with its theme."
Winged Boots,Wondrous Item,Attunement,400 GP,DMG,-,"While wearing these boots, you gain a flying speed equal to your walking speed for a limited total duration each day."
Wisp Cloak,Wondrous Item,Yes,400 GP,GSB,-,"Wisp Cloak is a magical garment that grants a protective, movement, concealment, or transformation effect while worn."
Wispy Sour (Uncommon),Potion,No,200 GP,GSB,-,"Wispy Sour is a consumable magical preparation that grants a temporary restorative, transformative, protective, or utility effect when used."
Wizard's Cards,Wondrous Item,Yes,400 GP,GSB,-,"Wizard's Cards is an uncommon magical wondrous item that grants a distinctive utility, defensive, or combat-related supernatural effect associated with its theme."
Wraith's Circlet,Wondrous Item,Yes,400 GP,GSB,Necrotic,"Wraith's Circlet is an uncommon magical wondrous item that grants a distinctive utility, defensive, or combat-related supernatural effect associated with its theme."
Wraith's Garb,Armor (leather),Yes,400 GP,GSB,Necrotic,"Wraith's Garb is enchanted armor that grants a special defensive, movement, sensory, or environmental benefit related to its theme."
Wraith's Ring,Ring,Yes,400 GP,GSB,Necrotic,Wraith's Ring is a magical ring that grants its wearer a limited supernatural ability or passive benefit reflecting the ring's theme.
Wraps of Unarmed Power (Uncommon),Wondrous Item,-,Varies,DMG,Unarmed strike damage,These enchanted hand wraps make unarmed strikes magical and grant a bonus to attack and damage rolls with unarmed strikes based on the wraps' rarity.
Wyvernsting Scabbard,Wondrous Item,No,400 GP,GSB,-,"Wyvernsting Scabbard is an uncommon magical wondrous item that grants a distinctive utility, defensive, or combat-related supernatural effect associated with its theme."
Xorn Eye Coin,Wondrous Item,No,400 GP,GSB,-,"Xorn Eye Coin is a magical visual aid that enhances sight or grants a special way to perceive creatures, objects, or hidden details."
