Name,Type,Attunement,Price,Source,Damage,Description
Abjurer's Ward (Rare),Wondrous Item,No,"4,000 GP",GSB,-,"Abjurer's Ward is a rare magical wondrous item with a significant utility, defensive, movement, control, or combat-related supernatural property."
Acanist's Scribing Wand,Wand,Yes-Wizard,"4,000 GP",GSB,-,Acanist's Scribing Wand is a rare magical wand with charges or limited uses that produce a potent spell-like or supernatural effect.
Aciurgist's Blade,Weapon,Yes-Paladin,"B+4,000 GP",GSB,Weapon's normal damage,"Aciurgist's Blade is a rare magical weapon with a stronger-than-normal combat property, such as extra damage, a special attack, a condition, or a limited activated ability."
Acrid Wetsuit,Armor,No,"B+4,000 GP",GSB,-,"Acrid Wetsuit is a rare enchanted defensive item that grants improved protection and an additional magical defensive, reactive, movement, or environmental effect tied to its theme."
Adventurer's Overcoat,Wondrous Item,Yes,"4,000 GP",GSB,-,"Adventurer's Overcoat is a rare magical wondrous item with a significant utility, defensive, movement, control, or combat-related supernatural property."
Aegis of Radiance,Armor,Yes-Cleric,"B+4,000 GP",GSB,-,"Aegis of Radiance is a rare enchanted defensive item that grants improved protection and an additional magical defensive, reactive, movement, or environmental effect tied to its theme."
Aged Goodberry Wine,Potion,No,"2,000 GP",GSB,-,"Aged Goodberry Wine is a rare consumable magical preparation that produces a powerful temporary restorative, transformative, protective, or supernatural effect when used."
Air Render,Weapon,Yes,"B+4,000 GP",GSB,Weapon's normal damage,"Air Render is a rare magical weapon with a stronger-than-normal combat property, such as extra damage, a special attack, a condition, or a limited activated ability."
Alchemist's Firethrower,Wondrous Item,No,"4,000 GP",GSB,Fire,"Alchemist's Firethrower is a rare magical wondrous item with a significant utility, defensive, movement, control, or combat-related supernatural property."
Amethyst Revolver,Weapon,No,"B+4,000 GP",GSB,Weapon's normal damage,"Amethyst Revolver is a rare magical weapon with a stronger-than-normal combat property, such as extra damage, a special attack, a condition, or a limited activated ability."
Ammunition (Rare),Weapon,-,Varies,DMG,Weapon's normal damage,"This magic ammunition grants a bonus to attack and damage rolls determined by its version. Once it hits a target, it loses its magic; on a miss, the ammunition may be recoverable."
Ammunition of Fireworks,Weapon,No,"B+4,000 GP",GSB,Fire,"Ammunition of Fireworks is a rare magical weapon with a stronger-than-normal combat property, such as extra damage, a special attack, a condition, or a limited activated ability."
Ammunition of Fireworks,Weapon,No,"B+4,000 GP",GSB,Fire,"Ammunition of Fireworks is a rare magical weapon with a stronger-than-normal combat property, such as extra damage, a special attack, a condition, or a limited activated ability."
Amulet of Divine Protection,Wondrous Item,"Yes-Cleric, Paladin","4,000 GP",GSB,-,"Amulet of Divine Protection is a rare neck-worn magic item that grants a substantial protective, restorative, sensory, or spell-like benefit."
Amulet of Health,Wondrous Item,Attunement,"4,000 GP",DMG,-,"While wearing this amulet, your Constitution becomes 19 unless it is already higher."
Amulet of Ideals,Wondrous Item,"Yes-Cleric, Paladin","4,000 GP",GSB,-,"Amulet of Ideals is a rare neck-worn magic item that grants a substantial protective, restorative, sensory, or spell-like benefit."
Amulet of Immutability,Wondrous Item,Yes,"4,000 GP",GSB,-,"Amulet of Immutability is a rare neck-worn magic item that grants a substantial protective, restorative, sensory, or spell-like benefit."
Amulet of Initiative,Wondrous Item,Yes,"4,000 GP",GSB,-,"Amulet of Initiative is a rare neck-worn magic item that grants a substantial protective, restorative, sensory, or spell-like benefit."
Amulet of the Lycanthrope,Wondrous Item,Yes,"4,000 GP",GSB,-,"Amulet of the Lycanthrope is a rare neck-worn magic item that grants a substantial protective, restorative, sensory, or spell-like benefit."
Amulet of the Sentinel,Wondrous Item,Yes,"4,000 GP",GSB,-,"Amulet of the Sentinel is a rare neck-worn magic item that grants a substantial protective, restorative, sensory, or spell-like benefit."
Ankh of Anointment,Potion,No,"2,000 GP",GSB,-,"Ankh of Anointment is a rare consumable magical preparation that produces a powerful temporary restorative, transformative, protective, or supernatural effect when used."
Ankylosaurus Flail,Weapon,No,"B+4,000 GP",GSB,Weapon's normal damage,"Ankylosaurus Flail is a rare magical weapon with a stronger-than-normal combat property, such as extra damage, a special attack, a condition, or a limited activated ability."
Appraiser's Eye,Wondrous Item,Yes-Missing an Eye,"4,000 GP",GSB,-,"Appraiser's Eye is a rare magical wondrous item with a significant utility, defensive, movement, control, or combat-related supernatural property."
Arcanist Gauntlets,Wondrous Item,Yes-Spellcaster,"4,000 GP",GSB,-,"Arcanist Gauntlets is a rare magical wondrous item with a significant utility, defensive, movement, control, or combat-related supernatural property."
Arcanist's Belt of Resiliency,Wondrous Item,Yes,"4,000 GP",GSB,-,"Arcanist's Belt of Resiliency is a rare magical wondrous item with a significant utility, defensive, movement, control, or combat-related supernatural property."
Arcanist's Lens,Wondrous Item,No,"4,000 GP",GSB,-,"Arcanist's Lens is a rare magical wondrous item with a significant utility, defensive, movement, control, or combat-related supernatural property."
Armor (Rare),Armor,-,Varies,DMG,-,This entry represents a suit of magic armor whose exact armor type determines its base Armor Class and mundane properties; the item's specific enchantment determines any additional magical bonus or effect.
Armor of Resistance,Armor,Attunement,"B+4,000 GP",DMG,-,"While wearing this armor, you have resistance to one damage type determined by the armor."
Armor of Vulnerability,Armor,Attunement,"B+4,000 GP",DMG,-,This cursed armor provides resistance to one physical damage type but makes the wearer vulnerable to others after its curse is revealed.
Arrow of Expulsion (Rare),Weapon,No,"B+4,000 GP",GSB,Weapon's normal damage,"Arrow of Expulsion is a rare magical weapon with a stronger-than-normal combat property, such as extra damage, a special attack, a condition, or a limited activated ability."
Arrow-Catching Shield,Armor,Attunement,"B+4,000 GP",DMG,-,This +2 shield grants its bonus against ranged attacks and can use a reaction to make a ranged attack against a nearby ally target the shield's wearer instead.
Ashen Bloom,Wondrous Item,No,"4,000 GP",GSB,-,"Ashen Bloom is a rare magical wondrous item with a significant utility, defensive, movement, control, or combat-related supernatural property."
Astral Caltrops,Wondrous Item,No,"4,000 GP",GSB,-,"Astral Caltrops is a rare magical wondrous item with a significant utility, defensive, movement, control, or combat-related supernatural property."
Aurum and Argentum,Weapon,No,"B+4,000 GP",GSB,Weapon's normal damage,"Aurum and Argentum is a rare magical weapon with a stronger-than-normal combat property, such as extra damage, a special attack, a condition, or a limited activated ability."
Avian Circlet,Wondrous Item,No,"4,000 GP",GSB,-,"Avian Circlet is a rare magical wondrous item with a significant utility, defensive, movement, control, or combat-related supernatural property."
Axe of the Aurora,Weapon,Yes,"B+4,000 GP",GSB,Weapon's normal damage,"Axe of the Aurora is a rare magical weapon with a stronger-than-normal combat property, such as extra damage, a special attack, a condition, or a limited activated ability."
Axe of the Minotaur,Weapon,Yes,"B+4,000 GP",GSB,Weapon's normal damage,"Axe of the Minotaur is a rare magical weapon with a stronger-than-normal combat property, such as extra damage, a special attack, a condition, or a limited activated ability."
Axe of the Radiant Sun,Weapon,No,"B+4,000 GP",GSB,Radiant,"Axe of the Radiant Sun is a rare magical weapon with a stronger-than-normal combat property, such as extra damage, a special attack, a condition, or a limited activated ability."
Badge of the Selfless,Wondrous Item,Yes,"4,000 GP",GSB,-,"Badge of the Selfless is a rare magical wondrous item with a significant utility, defensive, movement, control, or combat-related supernatural property."
Badge of the Wayfarer,Wondrous Item,No,"4,000 GP",GSB,-,"Badge of the Wayfarer is a rare magical wondrous item with a significant utility, defensive, movement, control, or combat-related supernatural property."
Bag of Beans,Wondrous Item,-,"2,000 GP",DMG,Varies,"This bag contains a small number of magical beans. Scattering them can cause an explosive effect, while planting and watering a bean produces one of several random magical results, ranging from creatures and structures to strange environmental effects."
Bag of Magic Blocks,Wondrous Item,No,"4,000 GP",GSB,-,"Bag of Magic Blocks is a rare magical storage or utility item with extradimensional, conjuration, retrieval, or transformation properties."
Ballatar's Buckler,Armor,Yes,"B+4,000 GP",GSB,-,"Ballatar's Buckler is a rare enchanted defensive item that grants improved protection and an additional magical defensive, reactive, movement, or environmental effect tied to its theme."
Band of Mirrored Essence,Ring,Yes,"4,000 GP",GSB,-,Band of Mirrored Essence is a rare magical ring that grants its wearer a substantial passive benefit or a limited-use supernatural ability.
Bandolier of the Elements,Wondrous Item,Yes,"4,000 GP",GSB,-,"Bandolier of the Elements is a rare magical wondrous item with a significant utility, defensive, movement, control, or combat-related supernatural property."
Bane Weapon,Weapon,Attunement,"B+4,000 GP",EB,Weapon's normal damage,"Bane Weapon is a rare magical weapon with a stronger-than-normal combat property, such as extra damage, a special attack, a condition, or a limited activated ability."
Bangle of the Arcane Assassin,Wondrous Item,Yes-Spellcaster,"4,000 GP",GSB,-,"Bangle of the Arcane Assassin is a rare magical wondrous item with a significant utility, defensive, movement, control, or combat-related supernatural property."
Bangle of the Starlight Raven,Wondrous Item,Yes,"4,000 GP",GSB,-,"Bangle of the Starlight Raven is a rare magical wondrous item with a significant utility, defensive, movement, control, or combat-related supernatural property."
Barbed Bowstring,Wondrous Item,No,"4,000 GP",GSB,Weapon's normal damage,"Barbed Bowstring is a rare magical weapon with a stronger-than-normal combat property, such as extra damage, a special attack, a condition, or a limited activated ability."
Bartender's Armistice,Wondrous Item,No,"4,000 GP",GSB,Cold,"Bartender's Armistice is a rare magical wondrous item with a significant utility, defensive, movement, control, or combat-related supernatural property."
Bascos Handy Bangle,Wondrous Item,No,"4,000 GP",GSB,-,"Bascos Handy Bangle is a rare magical wondrous item with a significant utility, defensive, movement, control, or combat-related supernatural property."
Basilisk Dagger,Weapon,No,"B+4,000 GP",GSB,Weapon's normal damage,"Basilisk Dagger is a rare magical weapon with a stronger-than-normal combat property, such as extra damage, a special attack, a condition, or a limited activated ability."
Bastion Chain,Armor,Yes,"B+4,000 GP",GSB,-,"Bastion Chain is a rare enchanted defensive item that grants improved protection and an additional magical defensive, reactive, movement, or environmental effect tied to its theme."
Battle Dancer Garb,Wondrous Item,Yes,"4,000 GP",GSB,-,"Battle Dancer Garb is a rare magical wondrous item with a significant utility, defensive, movement, control, or combat-related supernatural property."
Battlebrew Maul,Weapon,No,"B+4,000 GP",GSB,Weapon's normal damage,"Battlebrew Maul is a rare magical weapon with a stronger-than-normal combat property, such as extra damage, a special attack, a condition, or a limited activated ability."
Battlechef's Heated Skillet,Weapon,No,"B+4,000 GP",GSB,Weapon's normal damage,"Battlechef's Heated Skillet is a rare magical weapon with a stronger-than-normal combat property, such as extra damage, a special attack, a condition, or a limited activated ability."
Bead of Force,Wondrous Item,-,"2,000 GP",DMG,Force,Throwing this bead causes it to explode in a small radius for force damage. Creatures that fail their save can become trapped inside a resilient force sphere that is light enough to be moved or rolled.
Beads of Meditation,Wondrous Item,Yes,"4,000 GP",GSB,-,"Beads of Meditation is a rare magical wondrous item with a significant utility, defensive, movement, control, or combat-related supernatural property."
Beetle Blades,Weapon,Yes,"B+4,000 GP",GSB,Weapon's normal damage,"Beetle Blades is a rare magical weapon with a stronger-than-normal combat property, such as extra damage, a special attack, a condition, or a limited activated ability."
Behirazooka (Rare),Weapon,No,"B+4,000 GP",GSB,Weapon's normal damage,"Behirazooka is a rare magical weapon with a stronger-than-normal combat property, such as extra damage, a special attack, a condition, or a limited activated ability."
Bell of Pspspsp,Wondrous Item,Yes,"4,000 GP",GSB,-,Bell of Pspspsp is a rare magical instrument that creates a significant supernatural effect when played or activated.
Belt of Dwarvenkind,Wondrous Item,Attunement,"4,000 GP",DMG,-,"While wearing this belt, you gain several dwarven traits, including increased Constitution and improved resilience."
Belt of Giant Strength (Rare),Wondrous Item,Attunement,Varies,DMG,-,"While worn, this belt sets the wearer's Strength to a value determined by the giant type associated with the belt, unless the wearer's Strength is already higher."
Belt of Orion,Wondrous Item,Yes,"4,000 GP",GSB,-,"Belt of Orion is a rare magical wondrous item with a significant utility, defensive, movement, control, or combat-related supernatural property."
Belt of the Hell Hound,Wondrous Item,Yes,"4,000 GP",GSB,-,"Belt of the Hell Hound is a rare magical wondrous item with a significant utility, defensive, movement, control, or combat-related supernatural property."
Belt of the Raid Leader,Wondrous Item,"Yes-Orc, Half Orc","4,000 GP",GSB,-,"Belt of the Raid Leader is a rare magical wondrous item with a significant utility, defensive, movement, control, or combat-related supernatural property."
Berserker Axe,Weapon,Attunement,"B+4,000 GP",DMG,Weapon's normal damage,"This cursed +1 weapon increases the attuned wielder's hit point maximum. After the wielder takes damage, the curse can force a Wisdom save; on a failure, the wielder enters a berserk state and attacks the nearest creature until the effect ends."
Bewitching Brush,Wondrous Item,No,"4,000 GP",GSB,-,"Bewitching Brush is a rare magical wondrous item with a significant utility, defensive, movement, control, or combat-related supernatural property."
Black Pudding Power Bomb,Wondrous Item,No,"4,000 GP",GSB,-,"Black Pudding Power Bomb is a rare magical wondrous item with a significant utility, defensive, movement, control, or combat-related supernatural property."
Blackthorn Spear of the Moonless Hunter,Weapon,No,"B+4,000 GP",GSB,Weapon's normal damage,"Blackthorn Spear of the Moonless Hunter is a rare magical weapon with a stronger-than-normal combat property, such as extra damage, a special attack, a condition, or a limited activated ability."
Blazeball Bat,Weapon,No,"B+4,000 GP",GSB,Fire,"Blazeball Bat is a rare magical weapon with a stronger-than-normal combat property, such as extra damage, a special attack, a condition, or a limited activated ability."
Blizzard Sphere,Wondrous Item,No,"4,000 GP",GSB,-,"Blizzard Sphere is a rare magical wondrous item with a significant utility, defensive, movement, control, or combat-related supernatural property."
Blood Pact Bayonet,Weapon,Yes,"B+4,000 GP",GSB,Weapon's normal damage,"Blood Pact Bayonet is a rare magical weapon with a stronger-than-normal combat property, such as extra damage, a special attack, a condition, or a limited activated ability."
Bloodletter's Crossbow,Weapon,Yes,"B+4,000 GP",GSB,Weapon's normal damage,"Bloodletter's Crossbow is a rare magical weapon with a stronger-than-normal combat property, such as extra damage, a special attack, a condition, or a limited activated ability."
Bloodmire Rod of the Witch Doctor,Rod,"Yes-Cleric, Druid, Paladin, Warlock","4,000 GP",GSB,-,"Bloodmire Rod of the Witch Doctor is a rare magical rod with a powerful activated utility, control, defensive, or combat effect."
Bloodshard Trident,Weapon,Yes,"B+4,000 GP",GSB,Weapon's normal damage,"Bloodshard Trident is a rare magical weapon with a stronger-than-normal combat property, such as extra damage, a special attack, a condition, or a limited activated ability."
Blossoming Arrow,Weapon,No,"B+4,000 GP",GSB,Weapon's normal damage,"Blossoming Arrow is a rare magical weapon with a stronger-than-normal combat property, such as extra damage, a special attack, a condition, or a limited activated ability."
Bolt of Wild Lightning,Weapon,No,"B+4,000 GP",GSB,Lightning,"Bolt of Wild Lightning is a rare magical weapon with a stronger-than-normal combat property, such as extra damage, a special attack, a condition, or a limited activated ability."
Bolt Rifle,Weapon,Yes,"B+4,000 GP",GSB,Weapon's normal damage,"Bolt Rifle is a rare magical weapon with a stronger-than-normal combat property, such as extra damage, a special attack, a condition, or a limited activated ability."
Boneash Spear,Weapon,Yes,"B+4,000 GP",GSB,Weapon's normal damage,"Boneash Spear is a rare magical weapon with a stronger-than-normal combat property, such as extra damage, a special attack, a condition, or a limited activated ability."
Boots of Levitation,Wondrous Item,Attunement,"4,000 GP",DMG,-,"While wearing these boots, you can cast levitate on yourself at will."
Boots of Speed,Wondrous Item,Attunement,"4,000 GP",DMG,-,You can click the heels together to greatly increase your walking speed and make opportunity attacks against you less effective for a limited duration.
Boots of the Yeti,Wondrous Item,Yes,"4,000 GP",GSB,-,Boots of the Yeti is rare magical footwear that significantly improves movement or grants a supernatural travel ability.
Bounder's Ball,Wondrous Item,No,"4,000 GP",GSB,-,"Bounder's Ball is a rare magical wondrous item with a significant utility, defensive, movement, control, or combat-related supernatural property."
Bow of Mind Thievery,Weapon,Yes,"B+4,000 GP",GSB,Psychic,"Bow of Mind Thievery is a rare magical weapon with a stronger-than-normal combat property, such as extra damage, a special attack, a condition, or a limited activated ability."
Bow of Tentacles,Weapon,Yes,"B+4,000 GP",GSB,Weapon's normal damage,"Bow of Tentacles is a rare magical weapon with a stronger-than-normal combat property, such as extra damage, a special attack, a condition, or a limited activated ability."
Bow of the Cobra,Weapon,Yes,"B+4,000 GP",GSB,Poison,"Bow of the Cobra is a rare magical weapon with a stronger-than-normal combat property, such as extra damage, a special attack, a condition, or a limited activated ability."
Bow of the Eldritch Archer,Weapon,Yes,"B+4,000 GP",GSB,Weapon's normal damage,"Bow of the Eldritch Archer is a rare magical weapon with a stronger-than-normal combat property, such as extra damage, a special attack, a condition, or a limited activated ability."
Bow of the Elk Hunter,Weapon,Yes,"B+4,000 GP",GSB,Weapon's normal damage,"Bow of the Elk Hunter is a rare magical weapon with a stronger-than-normal combat property, such as extra damage, a special attack, a condition, or a limited activated ability."
Bow of the Twilight Valkyrie,Weapon,Yes,"B+4,000 GP",GSB,Weapon's normal damage,"Bow of the Twilight Valkyrie is a rare magical weapon with a stronger-than-normal combat property, such as extra damage, a special attack, a condition, or a limited activated ability."
Bowl of Commanding Water Elementals,Wondrous Item,-,"4,000 GP",DMG,Weapon's normal damage,"While near sufficient water, this bowl can summon and command a water elemental."
Bracelet of the Shattered Aegis,Wondrous Item,Yes-Spellcaster,"4,000 GP",GSB,-,"Bracelet of the Shattered Aegis is a rare magical wondrous item with a significant utility, defensive, movement, control, or combat-related supernatural property."
Bracers of Defense,Wondrous Item,Attunement,"4,000 GP",DMG,-,"While wearing these bracers and wearing no armor or shield, the wearer gains a +2 bonus to Armor Class."
Bracers of Nature's Grip,Wondrous Item,Yes,"4,000 GP",GSB,-,"Bracers of Nature's Grip is a rare magical wondrous item with a significant utility, defensive, movement, control, or combat-related supernatural property."
Bracers of Sharpened Wit,Wondrous Item,Yes,"4,000 GP",GSB,-,Bracers of Sharpened Wit is a rare magical instrument that creates a significant supernatural effect when played or activated.
Bracers of the Iron Octopus,Wondrous Item,Yes,"4,000 GP",GSB,-,"Bracers of the Iron Octopus is a rare magical wondrous item with a significant utility, defensive, movement, control, or combat-related supernatural property."
Bracers of the Sahuagin,Wondrous Item,No,"4,000 GP",GSB,-,"Bracers of the Sahuagin is a rare magical wondrous item with a significant utility, defensive, movement, control, or combat-related supernatural property."
Brazier of Commanding Fire Elementals,Wondrous Item,-,"4,000 GP",DMG,Fire,"While a fire burns in this brazier, it can summon and command a fire elemental."
Brazier of Holy Flame,Wondrous Item,Yes-Cleric,"4,000 GP",GSB,Fire + Radiant,"Brazier of Holy Flame is a rare magical wondrous item with a significant utility, defensive, movement, control, or combat-related supernatural property."
Breastplate of the Morning Light,Armor,"Yes-Cleric, Paladin","B+4,000 GP",GSB,-,"Breastplate of the Morning Light is a rare enchanted defensive item that grants improved protection and an additional magical defensive, reactive, movement, or environmental effect tied to its theme."
Brooch of Many Sizes,Wondrous Item,No,"4,000 GP",GSB,-,"Brooch of Many Sizes is a rare magical wondrous item with a significant utility, defensive, movement, control, or combat-related supernatural property."
Brooch of the Elements,Wondrous Item,Attunement,"4,000 GP",NF,-,"Brooch of the Elements is a rare magical wondrous item with a significant utility, defensive, movement, control, or combat-related supernatural property."
Bullseye Dart,Weapon,No,"B+4,000 GP",GSB,Weapon's normal damage,"Bullseye Dart is a rare magical weapon with a stronger-than-normal combat property, such as extra damage, a special attack, a condition, or a limited activated ability."
Caduceus Flail,Weapon,"Yes-Cleric, Paladin","B+4,000 GP",GSB,Weapon's normal damage,"Caduceus Flail is a rare magical weapon with a stronger-than-normal combat property, such as extra damage, a special attack, a condition, or a limited activated ability."
Candlecoven Censer,Wondrous Item,Yes-Spellcaster,"4,000 GP",GSB,-,"Candlecoven Censer is a rare magical wondrous item with a significant utility, defensive, movement, control, or combat-related supernatural property."
Candleflame Claymore,Weapon,No,"B+4,000 GP",GSB,Fire,"Candleflame Claymore is a rare magical weapon with a stronger-than-normal combat property, such as extra damage, a special attack, a condition, or a limited activated ability."
Cannonlance,Weapon,No,"B+4,000 GP",GSB,Weapon's normal damage,"Cannonlance is a rare magical weapon with a stronger-than-normal combat property, such as extra damage, a special attack, a condition, or a limited activated ability."
Cape of the Mountebank,Wondrous Item,-,"4,000 GP",DMG,-,"Once per day, you can use this cape to teleport yourself and one willing creature in a cloud of smoke."
Captain's Pride,Armor,Yes,"B+4,000 GP",GSB,-,"Captain's Pride is a rare enchanted defensive item that grants improved protection and an additional magical defensive, reactive, movement, or environmental effect tied to its theme."
Captain's Wright,Staff,Yes,"4,000 GP",GSB,-,Captain's Wright is a rare magical staff that serves as a weapon or focus and carries one or more significant magical abilities.
Celestial Tome of Healing,Wondrous Item,Yes-Wizard,"4,000 GP",GSB,Radiant,"Celestial Tome of Healing is a rare magical wondrous item with a significant utility, defensive, movement, control, or combat-related supernatural property."
Censer Chime (Rare),Wondrous Item,No,"4,000 GP",GSB,-,"Censer Chime is a rare magical wondrous item with a significant utility, defensive, movement, control, or combat-related supernatural property."
Censer of Controlling Air Elementals,Wondrous Item,-,"4,000 GP",DMG,Varies,"While incense burns in this censer, the user can perform a short ritual to summon an air elemental. The elemental obeys the summoner while concentration is maintained, and the censer's summoning magic cannot be used again until it recharges."
Cerberus Whistle,Wondrous Item,No,"4,000 GP",GSB,-,"Cerberus Whistle is a rare magical wondrous item with a significant utility, defensive, movement, control, or combat-related supernatural property."
Chain Acolyte Robes,Armor,Yes-Spellcaster,"B+4,000 GP",GSB,-,"Chain Acolyte Robes is a rare enchanted defensive item that grants improved protection and an additional magical defensive, reactive, movement, or environmental effect tied to its theme."
Chain Devil Gloves,Wondrous Item,No,"4,000 GP",GSB,-,"Chain Devil Gloves is a rare magical wondrous item with a significant utility, defensive, movement, control, or combat-related supernatural property."
Champion's Greatbow,Weapon,No,"B+4,000 GP",GSB,Weapon's normal damage,"Champion's Greatbow is a rare magical weapon with a stronger-than-normal combat property, such as extra damage, a special attack, a condition, or a limited activated ability."
Channeling Wand,Wand,Attunement,4000 GP,EB,-,Channeling Wand is a rare magical wand with charges or limited uses that produce a potent spell-like or supernatural effect.
Chi-Balancing Tea,Potion,No,"2,000 GP",GSB,-,"Chi-Balancing Tea is a rare consumable magical preparation that produces a powerful temporary restorative, transformative, protective, or supernatural effect when used."
Chime of Opening,Wondrous Item,-,"2,000 GP",DMG,-,"This chime has limited uses that can magically open locks, latches, lids, and similar closures."
Chimeric Collar,Wondrous Item,No,"4,000 GP",GSB,-,"Chimeric Collar is a rare magical wondrous item with a significant utility, defensive, movement, control, or combat-related supernatural property."
Choker of Venomous Words,Wondrous Item,"Yes-Bard, Cleric, Druid","4,000 GP",GSB,Poison,"Choker of Venomous Words is a rare magical wondrous item with a significant utility, defensive, movement, control, or combat-related supernatural property."
Chromatic Obsidian Breastplate,Armor,Yes,"B+4,000 GP",GSB,-,"Chromatic Obsidian Breastplate is a rare enchanted defensive item that grants improved protection and an additional magical defensive, reactive, movement, or environmental effect tied to its theme."
Chromatic Obsidian Greataxe,Weapon,Yes,"B+4,000 GP",GSB,Weapon's normal damage,"Chromatic Obsidian Greataxe is a rare magical weapon with a stronger-than-normal combat property, such as extra damage, a special attack, a condition, or a limited activated ability."
Chromatic Obsidian Orb (Rare),Wondrous Item,Yes-Spellcaster,"4,000 GP",GSB,-,"Chromatic Obsidian Orb is a rare magical stone or focus that stores, reveals, enhances, or releases a powerful supernatural effect."
Cinnabar Rapier,Weapon,No,"B+4,000 GP",GSB,Weapon's normal damage,"Cinnabar Rapier is a rare magical weapon with a stronger-than-normal combat property, such as extra damage, a special attack, a condition, or a limited activated ability."
Clangor Helmet,Wondrous Item,Yes,"4,000 GP",GSB,-,"Clangor Helmet is a rare magical wondrous item with a significant utility, defensive, movement, control, or combat-related supernatural property."
Claws of Ursine Fury,Wondrous Item,Yes-Barbarian,"4,000 GP",GSB,-,"Claws of Ursine Fury is a rare magical wondrous item with a significant utility, defensive, movement, control, or combat-related supernatural property."
Cloak of Boundless Spirit,Wondrous Item,Yes,"4,000 GP",GSB,-,"Cloak of Boundless Spirit is a rare magical garment that grants a strong protective, concealment, movement, sensory, or transformation effect while worn."
Cloak of Displacement,Wondrous Item,Attunement,"4,000 GP",DMG,-,"The cloak creates an illusion that makes you appear slightly displaced, causing many attacks against you to have disadvantage until you are hit."
Cloak of the Bat,Wondrous Item,Attunement,"4,000 GP",DMG,-,This cloak improves stealth in dim light and can grant bat-like flight or transformation under appropriate conditions.
Cloak of the Djinni,Wondrous Item,Yes,"4,000 GP",GSB,-,"Cloak of the Djinni is a rare magical garment that grants a strong protective, concealment, movement, sensory, or transformation effect while worn."
Cloak of the Protector's Charge,Wondrous Item,Yes,"4,000 GP",GSB,-,"Cloak of the Protector's Charge is a rare magical garment that grants a strong protective, concealment, movement, sensory, or transformation effect while worn."
Clockwork Colony Toolbox,Wondrous Item,No,"4,000 GP",GSB,-,"Clockwork Colony Toolbox is a rare magical wondrous item with a significant utility, defensive, movement, control, or combat-related supernatural property."
Clockwork Healerbee,Wondrous Item,Yes,"4,000 GP",GSB,-,"Clockwork Healerbee is a rare magical wondrous item with a significant utility, defensive, movement, control, or combat-related supernatural property."
Clockwork Spyder,Wondrous Item,Yes,"4,000 GP",GSB,-,"Clockwork Spyder is a rare magical wondrous item with a significant utility, defensive, movement, control, or combat-related supernatural property."
Clockwork Syrisquito,Wondrous Item,Yes,"4,000 GP",GSB,-,"Clockwork Syrisquito is a rare magical wondrous item with a significant utility, defensive, movement, control, or combat-related supernatural property."
Cloudburst,Weapon,No,"B+4,000 GP",GSB,Weapon's normal damage,"Cloudburst is a rare magical weapon with a stronger-than-normal combat property, such as extra damage, a special attack, a condition, or a limited activated ability."
Coat of Manty Eyes (Rare),Armor,Attunement,B+4000 GP,EB,-,"Coat of Manty Eyes is a rare enchanted defensive item that grants improved protection and an additional magical defensive, reactive, movement, or environmental effect tied to its theme."
Coldfire Anvil,Wondrous Item,No,"4,000 GP",GSB,Fire + Cold,"Coldfire Anvil is a rare magical wondrous item with a significant utility, defensive, movement, control, or combat-related supernatural property."
Coldsnap,Weapon,Yes,"B+4,000 GP",GSB,Cold,"Coldsnap is a rare magical weapon with a stronger-than-normal combat property, such as extra damage, a special attack, a condition, or a limited activated ability."
Comet Ballista,Weapon,Yes,"B+4,000 GP",GSB,Weapon's normal damage,"Comet Ballista is a rare magical weapon with a stronger-than-normal combat property, such as extra damage, a special attack, a condition, or a limited activated ability."
Companion Sickles,Weapon,Yes,"B+4,000 GP",GSB,Weapon's normal damage,"Companion Sickles is a rare magical weapon with a stronger-than-normal combat property, such as extra damage, a special attack, a condition, or a limited activated ability."
Conch of Water Communion,Wondrous Item,No,"4,000 GP",GSB,-,"Conch of Water Communion is a rare magical wondrous item with a significant utility, defensive, movement, control, or combat-related supernatural property."
Consecrated Hunter's Crossbow,Weapon,No,"B+4,000 GP",GSB,Weapon's normal damage,"Consecrated Hunter's Crossbow is a rare magical weapon with a stronger-than-normal combat property, such as extra damage, a special attack, a condition, or a limited activated ability."
Conspirator's Coat,Wondrous Item,Yes,"4,000 GP",GSB,-,"Conspirator's Coat is a rare magical wondrous item with a significant utility, defensive, movement, control, or combat-related supernatural property."
Contingency Band,Ring,No,"4,000 GP",GSB,-,Contingency Band is a rare magical ring that grants its wearer a substantial passive benefit or a limited-use supernatural ability.
Cottage Chest,Wondrous Item,No,"4,000 GP",GSB,-,"Cottage Chest is a rare magical wondrous item with a significant utility, defensive, movement, control, or combat-related supernatural property."
Couatl Heralds Fang,Weapon,Yes-Good Aligned,"B+4,000 GP",GSB,Weapon's normal damage,"Couatl Heralds Fang is a rare magical weapon with a stronger-than-normal combat property, such as extra damage, a special attack, a condition, or a limited activated ability."
Couatl Heralds Lash,Weapon,Yes-Good Aligned,"B+4,000 GP",GSB,Weapon's normal damage,"Couatl Heralds Lash is a rare magical weapon with a stronger-than-normal combat property, such as extra damage, a special attack, a condition, or a limited activated ability."
Couatl Heralds Radiance,Staff,Yes-Good Aligned,"4,000 GP",GSB,-,Couatl Heralds Radiance is a rare magical staff that serves as a weapon or focus and carries one or more significant magical abilities.
Couatl Heralds Reach,Weapon,Yes-Good Aligned,"B+4,000 GP",GSB,Weapon's normal damage,"Couatl Heralds Reach is a rare magical weapon with a stronger-than-normal combat property, such as extra damage, a special attack, a condition, or a limited activated ability."
Couatl Heralds Scales,Armor,Yes-Good Aligned,"B+4,000 GP",GSB,-,"Couatl Heralds Scales is a rare enchanted defensive item that grants improved protection and an additional magical defensive, reactive, movement, or environmental effect tied to its theme."
Courier's Cap,Wondrous Item,Yes,"4,000 GP",GSB,-,"Courier's Cap is a rare magical wondrous item with a significant utility, defensive, movement, control, or combat-related supernatural property."
Covolt Ring,Ring,Yes,"4,000 GP",GSB,Lightning,Covolt Ring is a rare magical ring that grants its wearer a substantial passive benefit or a limited-use supernatural ability.
Covolt Scythe,Weapon,Yes,"B+4,000 GP",GSB,Lightning,"Covolt Scythe is a rare magical weapon with a stronger-than-normal combat property, such as extra damage, a special attack, a condition, or a limited activated ability."
Covolt Star,Weapon,No,"B+4,000 GP",GSB,Lightning,"Covolt Star is a rare magical weapon with a stronger-than-normal combat property, such as extra damage, a special attack, a condition, or a limited activated ability."
Cranial Cradle,Wondrous Item,Yes,"4,000 GP",GSB,-,"Cranial Cradle is a rare magical wondrous item with a significant utility, defensive, movement, control, or combat-related supernatural property."
Crash and Burn,Wondrous Item,Yes,"4,000 GP",GSB,Fire,"Crash and Burn is a rare magical wondrous item with a significant utility, defensive, movement, control, or combat-related supernatural property."
Crashing Tide Hammer,Weapon,Yes,"B+4,000 GP",GSB,Weapon's normal damage,"Crashing Tide Hammer is a rare magical weapon with a stronger-than-normal combat property, such as extra damage, a special attack, a condition, or a limited activated ability."
Crown of the Mindmaster Matriarch,Wondrous Item,Yes-Wizard,"4,000 GP",GSB,Psychic,"Crown of the Mindmaster Matriarch is a rare magical wondrous item with a significant utility, defensive, movement, control, or combat-related supernatural property."
Crystal Ball of Farsight,Wondrous Item,Yes,"4,000 GP",GSB,-,"Crystal Ball of Farsight is a rare magical stone or focus that stores, reveals, enhances, or releases a powerful supernatural effect."
Cube of Force,Wondrous Item,Attunement,"4,000 GP",DMG,Force,"This cube can create one of several force barriers that block selected kinds of matter, creatures, or magic."
Cube of Summoning,Wondrous Item,-,"4,000 GP",DMG,Varies,This magic cube can be activated to summon a creature or group of creatures determined by the cube's specific version or face. Summoned creatures remain for a limited duration and follow the item's control rules.
Cube of Teleportation,Wondrous Item,No,"4,000 GP",GSB,-,"Cube of Teleportation is a rare magical wondrous item with a significant utility, defensive, movement, control, or combat-related supernatural property."
Cursed Fang,Weapon,Yes,"B+4,000 GP",GSB,Weapon's normal damage,"Cursed Fang is a rare magical weapon with a stronger-than-normal combat property, such as extra damage, a special attack, a condition, or a limited activated ability."
Daedalus Armor,Armor,Yes,"B+4,000 GP",GSB,-,"Daedalus Armor is a rare enchanted defensive item that grants improved protection and an additional magical defensive, reactive, movement, or environmental effect tied to its theme."
Daern's Instant Fortress,Wondrous Item,Attunement,"4,000 GP",DMG,-,This small metal cube can rapidly expand into a fortified adamantine tower and later shrink again.
Dagger of Venom,Weapon,-,"B+4,000 GP",DMG,Poison,"This magic dagger can be coated in potent magical poison once per day, causing extra poison damage and the poisoned condition on a failed save."
Dawn and Dusk,Weapon,No,"B+4,000 GP",GSB,Weapon's normal damage,"Dawn and Dusk is a rare magical weapon with a stronger-than-normal combat property, such as extra damage, a special attack, a condition, or a limited activated ability."
Dawnbringer,Weapon,Yes,"B+4,000 GP",GSB,Weapon's normal damage,"Dawnbringer is a rare magical weapon with a stronger-than-normal combat property, such as extra damage, a special attack, a condition, or a limited activated ability."
Dazzling Weapon,Weapon,Attunement,"B+4,000 GP",EFotA,Weapon's normal damage,"Dazzling Weapon is a rare magical weapon with a stronger-than-normal combat property, such as extra damage, a special attack, a condition, or a limited activated ability."
Dead Ringer,Wondrous Item,No,"4,000 GP",GSB,-,Dead Ringer is a rare magical ring that grants its wearer a substantial passive benefit or a limited-use supernatural ability.
Death Knell,Weapon,Yes,"B+4,000 GP",GSB,Necrotic,"Death Knell is a rare magical weapon with a stronger-than-normal combat property, such as extra damage, a special attack, a condition, or a limited activated ability."
Death Marker,Weapon,Yes,"B+4,000 GP",GSB,Necrotic,"Death Marker is a rare magical weapon with a stronger-than-normal combat property, such as extra damage, a special attack, a condition, or a limited activated ability."
Deathloop Watch,Wondrous Item,Yes,"4,000 GP",GSB,Necrotic,"Deathloop Watch is a rare magical wondrous item with a significant utility, defensive, movement, control, or combat-related supernatural property."
Deck of Dragons,Wondrous Item,Yes,"4,000 GP",GSB,-,"Deck of Dragons is a rare magical wondrous item with a significant utility, defensive, movement, control, or combat-related supernatural property."
Deer Hunters Armor,Armor,Yes,"B+4,000 GP",GSB,-,"Deer Hunters Armor is a rare enchanted defensive item that grants improved protection and an additional magical defensive, reactive, movement, or environmental effect tied to its theme."
Demolitionist's Musket,Weapon,No,"B+4,000 GP",GSB,Weapon's normal damage,"Demolitionist's Musket is a rare magical weapon with a stronger-than-normal combat property, such as extra damage, a special attack, a condition, or a limited activated ability."
Departed Helm,Wondrous Item,Yes,"4,000 GP",GSB,-,"Departed Helm is a rare magical wondrous item with a significant utility, defensive, movement, control, or combat-related supernatural property."
Detective's Monocle,Wondrous Item,Yes,"4,000 GP",GSB,-,"Detective's Monocle is a rare magical wondrous item with a significant utility, defensive, movement, control, or combat-related supernatural property."
Devil's Golden Fiddle,Wondrous Item,Yes,"4,000 GP",GSB,-,"Devil's Golden Fiddle is a rare magical wondrous item with a significant utility, defensive, movement, control, or combat-related supernatural property."
Devil-Beating Brush,Wondrous Item,No,"4,000 GP",GSB,-,"Devil-Beating Brush is a rare magical wondrous item with a significant utility, defensive, movement, control, or combat-related supernatural property."
Devotee's Sacrificial Blade,Weapon,Yes-Warlock,"B+4,000 GP",GSB,Weapon's normal damage,"Devotee's Sacrificial Blade is a rare magical weapon with a stronger-than-normal combat property, such as extra damage, a special attack, a condition, or a limited activated ability."
Dimensional Shackles,Wondrous Item,-,"4,000 GP",DMG,-,These restraints prevent a bound creature from using most forms of extradimensional movement or teleportation.
Direstone Dwarven Pick,Weapon,Yes-Dwarf,"B+4,000 GP",GSB,Weapon's normal damage,"Direstone Dwarven Pick is a rare magical weapon with a stronger-than-normal combat property, such as extra damage, a special attack, a condition, or a limited activated ability."
Direstone Runic Wand,Wand,Yes-Spellcaster,"4,000 GP",GSB,-,Direstone Runic Wand is a rare magical wand with charges or limited uses that produce a potent spell-like or supernatural effect.
Discharge Gauntlets,Wondrous Item,No,"4,000 GP",GSB,-,"Discharge Gauntlets is a rare magical wondrous item with a significant utility, defensive, movement, control, or combat-related supernatural property."
Discordant Blowgun,Weapon,No,"B+4,000 GP",GSB,Weapon's normal damage,"Discordant Blowgun is a rare magical weapon with a stronger-than-normal combat property, such as extra damage, a special attack, a condition, or a limited activated ability."
Diviner's Dice,Wondrous Item,Yes,"4,000 GP",GSB,Cold + Radiant,"Diviner's Dice is a rare magical wondrous item with a significant utility, defensive, movement, control, or combat-related supernatural property."
Djinn and Tonic (Rare),Potion,No,"2,000 GP",GSB,-,"The common potion creates a dramatic magical breeze around your hair and clothing for 1 hour. The rare version instead grants gaseous form for 10 minutes without concentration; you can end it as an action, and when you reform a burst of air forces Large or smaller creatures within 30 feet to make a DC 15 Strength save."
Doom Bloom,Wondrous Item,No,"4,000 GP",GSB,-,"Doom Bloom is a rare magical wondrous item with a significant utility, defensive, movement, control, or combat-related supernatural property."
Doorway Rapier,Weapon,Yes,"B+4,000 GP",GSB,Weapon's normal damage,"Doorway Rapier is a rare magical weapon with a stronger-than-normal combat property, such as extra damage, a special attack, a condition, or a limited activated ability."
Doorway Scepter,Rod,Yes,"4,000 GP",GSB,-,"Doorway Scepter is a rare magical rod with a powerful activated utility, control, defensive, or combat effect."
Draconic Powder Horn,Wondrous Item,No,"4,000 GP",GSB,-,Draconic Powder Horn is a rare magical instrument that creates a significant supernatural effect when played or activated.
Dragon Edge Weapons (Rare),Weapon,No,"B+4,000 GP",GSB,Weapon's normal damage,"Dragon Edge Weapons is a rare magical weapon with a stronger-than-normal combat property, such as extra damage, a special attack, a condition, or a limited activated ability."
Dragon Slayer,Weapon,-,"B+4,000 GP",DMG,Weapon's normal damage,This magic weapon deals additional damage to dragons.
Dragon Snugglebeast,Wondrous Item,No,"4,000 GP",GSB,-,"Dragon Snugglebeast is a rare magical wondrous item with a significant utility, defensive, movement, control, or combat-related supernatural property."
Dragon Turtle Gumbo,Wondrous Item,No,"4,000 GP",GSB,-,"Dragon Turtle Gumbo is a rare magical wondrous item with a significant utility, defensive, movement, control, or combat-related supernatural property."
Dragon Turtle Shield,Armor,No,"B+4,000 GP",GSB,-,"Dragon Turtle Shield is a rare enchanted defensive item that grants improved protection and an additional magical defensive, reactive, movement, or environmental effect tied to its theme."
Dragonband,Wondrous Item,No,"4,000 GP",GSB,-,"Dragonband is a rare magical wondrous item with a significant utility, defensive, movement, control, or combat-related supernatural property."
Dragonbolt Blaster,Weapon,No,"B+4,000 GP",GSB,Weapon's normal damage,"Dragonbolt Blaster is a rare magical weapon with a stronger-than-normal combat property, such as extra damage, a special attack, a condition, or a limited activated ability."
Dragonbreath Ammunition,Weapon,No,"B+4,000 GP",GSB,Weapon's normal damage,"Dragonbreath Ammunition is a rare magical weapon with a stronger-than-normal combat property, such as extra damage, a special attack, a condition, or a limited activated ability."
Dragonkin Weapon (Rare),Weapon,Yes-Dragonborn,"B+4,000 GP",GSB,Weapon's normal damage,"Dragonkin Weapon is a rare magical weapon with a stronger-than-normal combat property, such as extra damage, a special attack, a condition, or a limited activated ability."
Dragonscale Whetstone (Rare),Wondrous Item,No,"4,000 GP",GSB,-,"Dragonscale Whetstone is a rare magical stone or focus that stores, reveals, enhances, or releases a powerful supernatural effect."
Dream Saber,Weapon,Yes,"B+4,000 GP",GSB,Psychic,"Dream Saber is a rare magical weapon with a stronger-than-normal combat property, such as extra damage, a special attack, a condition, or a limited activated ability."
Dress of Defense,Wondrous Item,No,"4,000 GP",GSB,-,"Dress of Defense is a rare magical wondrous item with a significant utility, defensive, movement, control, or combat-related supernatural property."
Drill Lance,Weapon,Yes,"B+4,000 GP",GSB,Weapon's normal damage,"Drill Lance is a rare magical weapon with a stronger-than-normal combat property, such as extra damage, a special attack, a condition, or a limited activated ability."
Druidic Chain,Armor,"Yes-Druid, Ranger","B+4,000 GP",GSB,-,"Druidic Chain is a rare enchanted defensive item that grants improved protection and an additional magical defensive, reactive, movement, or environmental effect tied to its theme."
Druidic Throwing Club,Weapon,"Yes-Druid, Ranger, Nature Cleric, OoA Paladin","B+4,000 GP",GSB,Weapon's normal damage,"Druidic Throwing Club is a rare magical weapon with a stronger-than-normal combat property, such as extra damage, a special attack, a condition, or a limited activated ability."
Dryad's Key,Wondrous Item,No,"4,000 GP",GSB,-,"Dryad's Key is a rare magical wondrous item with a significant utility, defensive, movement, control, or combat-related supernatural property."
Duck Cover Cane,Rod,No,"4,000 GP",GSB,-,"Duck Cover Cane is a rare magical rod with a powerful activated utility, control, defensive, or combat effect."
Dune Cowl,Wondrous Item,No,"4,000 GP",GSB,-,"Dune Cowl is a rare magical wondrous item with a significant utility, defensive, movement, control, or combat-related supernatural property."
Dusk Cleaver,Weapon,No,"B+4,000 GP",GSB,Weapon's normal damage,"Dusk Cleaver is a rare magical weapon with a stronger-than-normal combat property, such as extra damage, a special attack, a condition, or a limited activated ability."
Dwarven Boozehound's Backpack,Wondrous Item,No,"4,000 GP",GSB,Acid,"Dwarven Boozehound's Backpack is a rare magical storage or utility item with extradimensional, conjuration, retrieval, or transformation properties."
Dwarven Iron Axe,Weapon,Yes,"B+4,000 GP",GSB,Weapon's normal damage,"Dwarven Iron Axe is a rare magical weapon with a stronger-than-normal combat property, such as extra damage, a special attack, a condition, or a limited activated ability."
Elder Sequoia Scale Mail,Armor,Yes-Druid,"B+4,000 GP",GSB,-,"Elder Sequoia Scale Mail is a rare enchanted defensive item that grants improved protection and an additional magical defensive, reactive, movement, or environmental effect tied to its theme."
Eldritch Bident,Weapon,Yes,"B+4,000 GP",GSB,Weapon's normal damage,"Eldritch Bident is a rare magical weapon with a stronger-than-normal combat property, such as extra damage, a special attack, a condition, or a limited activated ability."
Eldritch Scarf,Wondrous Item,No,"4,000 GP",GSB,-,"Eldritch Scarf is a rare magical wondrous item with a significant utility, defensive, movement, control, or combat-related supernatural property."
Electric Gittern,Wondrous Item,No,"4,000 GP",GSB,Lightning,"Electric Gittern is a rare magical wondrous item with a significant utility, defensive, movement, control, or combat-related supernatural property."
Elemental Dial,Ring,Yes,"4,000 GP",GSB,-,Elemental Dial is a rare magical ring that grants its wearer a substantial passive benefit or a limited-use supernatural ability.
Elixir of Health,Potion,-,"2,000 GP",DMG,-,"Elixir of Health is a rare consumable magical preparation that produces a powerful temporary restorative, transformative, protective, or supernatural effect when used."
Elven Chain,Armor,-,"B+4,000 GP",DMG,-,This exceptionally light chain shirt can be worn effectively even by creatures that are not normally proficient with medium armor.
Emberlit Boots,Wondrous Item,Yes,"4,000 GP",GSB,Fire,Emberlit Boots is rare magical footwear that significantly improves movement or grants a supernatural travel ability.
Enchantment Breaker,Ring,No,"4,000 GP",GSB,-,Enchantment Breaker is a rare magical ring that grants its wearer a substantial passive benefit or a limited-use supernatural ability.
Encyclopedia Creature Obscura,Wondrous Item,No,"4,000 GP",GSB,-,"Encyclopedia Creature Obscura is a rare magical wondrous item with a significant utility, defensive, movement, control, or combat-related supernatural property."
Ennervating Crystal Sword,Weapon,Yes,"B+4,000 GP",GSB,Weapon's normal damage,"Ennervating Crystal Sword is a rare magical weapon with a stronger-than-normal combat property, such as extra damage, a special attack, a condition, or a limited activated ability."
Enspelled Armor (Rare),Armor,Attunement,Varies,DMG,Varies,"This magic armor stores a specific spell. While wearing it, the attuned user can expend one of the armor's charges to cast that spell using the item's fixed spellcasting parameters; expended charges return after a long rest or at dawn, depending on the version."
Enspelled Staff (Rare),Staff,Attunement,Varies,DMG,Weapon's normal damage / varies,This magic staff stores a specific spell. An attuned wielder can expend charges to cast the stored spell using the staff's fixed spellcasting parameters; it also functions as a magic staff weapon.
Enspelled Weapon (Rare),Weapon,Attunement,Varies,DMG,Weapon's normal damage / varies,This magic weapon stores a specific spell. An attuned wielder can expend charges to cast that spell using the item's fixed spellcasting parameters while retaining the weapon's normal combat properties.
Enzymatic Gastrostaff,Staff,No,"4,000 GP",GSB,-,Enzymatic Gastrostaff is a rare magical staff that serves as a weapon or focus and carries one or more significant magical abilities.
Espionage Deck,Wondrous Item,No,"4,000 GP",GSB,-,"Espionage Deck is a rare magical wondrous item with a significant utility, defensive, movement, control, or combat-related supernatural property."
Essence of Rage,Potion,No,"2,000 GP",GSB,-,"Essence of Rage is a rare consumable magical preparation that produces a powerful temporary restorative, transformative, protective, or supernatural effect when used."
Ethereal Zipper Charm,Wondrous Item,No,"4,000 GP",GSB,-,"Ethereal Zipper Charm is a rare magical wondrous item with a significant utility, defensive, movement, control, or combat-related supernatural property."
Everglacier Prosthesis,Wondrous Item,Yes-Missing a Limb,"4,000 GP",GSB,Cold,"Everglacier Prosthesis is a rare magical wondrous item with a significant utility, defensive, movement, control, or combat-related supernatural property."
Eye of Dendallen,Wondrous Item,Yes,"4,000 GP",GSB,-,"Eye of Dendallen is a rare magical wondrous item with a significant utility, defensive, movement, control, or combat-related supernatural property."
Faerie Firework Launcher,Weapon,Yes,"B+4,000 GP",GSB,Fire,"Faerie Firework Launcher is a rare magical weapon with a stronger-than-normal combat property, such as extra damage, a special attack, a condition, or a limited activated ability."
Failed Purity Spear,Weapon,Yes,"B+4,000 GP",GSB,Weapon's normal damage,"Failed Purity Spear is a rare magical weapon with a stronger-than-normal combat property, such as extra damage, a special attack, a condition, or a limited activated ability."
Faithful Hound's Toy,Wondrous Item,Yes,"4,000 GP",GSB,-,"Faithful Hound's Toy is a rare magical wondrous item with a significant utility, defensive, movement, control, or combat-related supernatural property."
Fang Keeper,Wondrous Item,Yes,"4,000 GP",GSB,-,"Fang Keeper is a rare magical wondrous item with a significant utility, defensive, movement, control, or combat-related supernatural property."
Ferrymans Take,Wondrous Item,No,"4,000 GP",GSB,-,"Ferrymans Take is a rare magical wondrous item with a significant utility, defensive, movement, control, or combat-related supernatural property."
Festerwood Claymore,Weapon,No,"B+4,000 GP",GSB,Weapon's normal damage,"Festerwood Claymore is a rare magical weapon with a stronger-than-normal combat property, such as extra damage, a special attack, a condition, or a limited activated ability."
Festerwood Vizard,Wondrous Item,Yes,"4,000 GP",GSB,-,"Festerwood Vizard is a rare magical wondrous item with a significant utility, defensive, movement, control, or combat-related supernatural property."
Fey Wanderer's Cloak,Wondrous Item,Yes,"4,000 GP",GSB,-,Fey Wanderer's Cloak is a rare magical wand with charges or limited uses that produce a potent spell-like or supernatural effect.
Field Healers Pauldron,Wondrous Item,Yes,"4,000 GP",GSB,-,"Field Healers Pauldron is a rare magical wondrous item with a significant utility, defensive, movement, control, or combat-related supernatural property."
Fife of Dragonsong,Weapon,Yes-Bard,"B+4,000 GP",GSB,Weapon's normal damage,"Fife of Dragonsong is a rare magical weapon with a stronger-than-normal combat property, such as extra damage, a special attack, a condition, or a limited activated ability."
Fight Picker,Weapon,Yes,"B+4,000 GP",GSB,Weapon's normal damage,"Fight Picker is a rare magical weapon with a stronger-than-normal combat property, such as extra damage, a special attack, a condition, or a limited activated ability."
Figurine of Wondrous Power (Rare),Wondrous Item,-,Varies,DMG,Varies,"This small statuette can transform into a living creature for a limited duration. The creature obeys the user, then returns to figurine form and cannot transform again until a recharge period determined by the figurine type."
Fire Brigade Staff,Staff,Yes,"4,000 GP",GSB,Fire,Fire Brigade Staff is a rare magical staff that serves as a weapon or focus and carries one or more significant magical abilities.
Fire Dervish Cloak,Wondrous Item,Yes,"4,000 GP",GSB,-,"Fire Dervish Cloak is a rare magical garment that grants a strong protective, concealment, movement, sensory, or transformation effect while worn."
Fire Fire,Weapon,Yes,"B+4,000 GP",GSB,Fire,"Fire Fire is a rare magical weapon with a stronger-than-normal combat property, such as extra damage, a special attack, a condition, or a limited activated ability."
Fire Wand of the Unbroken Circle,Wand,Yes-Druid,"4,000 GP",GSB,Fire,Fire Wand of the Unbroken Circle is a rare magical wand with charges or limited uses that produce a potent spell-like or supernatural effect.
Fish Ripper,Weapon,No,"B+4,000 GP",GSB,Weapon's normal damage,"Fish Ripper is a rare magical weapon with a stronger-than-normal combat property, such as extra damage, a special attack, a condition, or a limited activated ability."
Flame Tongue,Weapon,Attunement,"B+4,000 GP",DMG,Fire,"When ignited by command, this magic weapon sheds light and deals additional fire damage on successful hits."
Focus Breaker,Weapon,Yes,"B+4,000 GP",GSB,Weapon's normal damage,"Focus Breaker is a rare magical weapon with a stronger-than-normal combat property, such as extra damage, a special attack, a condition, or a limited activated ability."
Foldable Pet,Wondrous Item,No,"4,000 GP",GSB,-,"Foldable Pet is a rare magical wondrous item with a significant utility, defensive, movement, control, or combat-related supernatural property."
Folding Boat,Wondrous Item,-,"4,000 GP",DMG,-,"Folding Boat is a rare magical wondrous item with a significant utility, defensive, movement, control, or combat-related supernatural property."
Fool's Mantle,Wondrous Item,Yes,"4,000 GP",GSB,-,"Fool's Mantle is a rare magical garment that grants a strong protective, concealment, movement, sensory, or transformation effect while worn."
Force Gauntlet,Wondrous Item,Yes,"4,000 GP",GSB,Force,"Force Gauntlet is a rare magical wondrous item with a significant utility, defensive, movement, control, or combat-related supernatural property."
Force Safe,Wondrous Item,No,"4,000 GP",GSB,Force,"Force Safe is a rare magical wondrous item with a significant utility, defensive, movement, control, or combat-related supernatural property."
Forgefire Hammer,Weapon,Yes,"B+4,000 GP",GSB,Fire,"Forgefire Hammer is a rare magical weapon with a stronger-than-normal combat property, such as extra damage, a special attack, a condition, or a limited activated ability."
Forgework Dragon Shield,Armor,No,"B+4,000 GP",GSB,-,"Forgework Dragon Shield is a rare enchanted defensive item that grants improved protection and an additional magical defensive, reactive, movement, or environmental effect tied to its theme."
Fork of Eddy Summoning,Wondrous Item,-,"4,000 GP",NF,-,"Fork of Eddy Summoning is a rare magical wondrous item with a significant utility, defensive, movement, control, or combat-related supernatural property."
Four Winds Aegis,Armor,Yes,"B+4,000 GP",GSB,-,"Four Winds Aegis is a rare enchanted defensive item that grants improved protection and an additional magical defensive, reactive, movement, or environmental effect tied to its theme."
Frost Giant Fork,Weapon,Yes,"B+4,000 GP",GSB,Cold,"Frost Giant Fork is a rare magical weapon with a stronger-than-normal combat property, such as extra damage, a special attack, a condition, or a limited activated ability."
Frostfell Cloak,Wondrous Item,Yes,"4,000 GP",GSB,-,"Frostfell Cloak is a rare magical garment that grants a strong protective, concealment, movement, sensory, or transformation effect while worn."
Fulgurite Spear,Weapon,No,"B+4,000 GP",GSB,Weapon's normal damage,"Fulgurite Spear is a rare magical weapon with a stronger-than-normal combat property, such as extra damage, a special attack, a condition, or a limited activated ability."
Fused Chimeric Hide,Armor,"Yes-Barbarian, Druid","B+4,000 GP",GSB,-,"Fused Chimeric Hide is a rare enchanted defensive item that grants improved protection and an additional magical defensive, reactive, movement, or environmental effect tied to its theme."
Fyre Shredder,Weapon,Yes-Bard,"B+4,000 GP",GSB,Weapon's normal damage,"Fyre Shredder is a rare magical weapon with a stronger-than-normal combat property, such as extra damage, a special attack, a condition, or a limited activated ability."
Galvanic Steelsnare,Weapon,No,"B+4,000 GP",GSB,Weapon's normal damage,"Galvanic Steelsnare is a rare magical weapon with a stronger-than-normal combat property, such as extra damage, a special attack, a condition, or a limited activated ability."
Gambler's Bow,Weapon,No,"B+4,000 GP",GSB,Weapon's normal damage,"Gambler's Bow is a rare magical weapon with a stronger-than-normal combat property, such as extra damage, a special attack, a condition, or a limited activated ability."
Game Changer's Eye,Wondrous Item,Yes-Missing an Eye,"4,000 GP",GSB,-,"Game Changer's Eye is a rare magical wondrous item with a significant utility, defensive, movement, control, or combat-related supernatural property."
Gauntlets of Eldritch Ferocity,Wondrous Item,Yes-Warlock,"4,000 GP",GSB,-,"Gauntlets of Eldritch Ferocity is a rare magical wondrous item with a significant utility, defensive, movement, control, or combat-related supernatural property."
Gauntlets of Grace,Wondrous Item,Yes-Paladin,"4,000 GP",GSB,-,"Gauntlets of Grace is a rare magical wondrous item with a significant utility, defensive, movement, control, or combat-related supernatural property."
Gauntlets of the Midnight Leopard,Wondrous Item,Yes,"4,000 GP",GSB,-,"Gauntlets of the Midnight Leopard is a rare magical wondrous item with a significant utility, defensive, movement, control, or combat-related supernatural property."
Gauntlets of the Storm Sailor,Wondrous Item,Yes,"4,000 GP",GSB,-,"Gauntlets of the Storm Sailor is a rare magical wondrous item with a significant utility, defensive, movement, control, or combat-related supernatural property."
Gem of Seeing,Wondrous Item,Attunement,"4,000 GP",DMG,-,This gem has charges that grant truesight for a short duration when looked through.
Gemini Mask,Wondrous Item,Yes,"4,000 GP",GSB,-,"Gemini Mask is a rare magical stone or focus that stores, reveals, enhances, or releases a powerful supernatural effect."
Gentleman's Saber,Weapon,Yes,"B+4,000 GP",GSB,Weapon's normal damage,"Gentleman's Saber is a rare magical weapon with a stronger-than-normal combat property, such as extra damage, a special attack, a condition, or a limited activated ability."
Gi of Shifting Seasons,Wondrous Item,Yes-Monk,"4,000 GP",GSB,-,"Gi of Shifting Seasons is a rare magical wondrous item with a significant utility, defensive, movement, control, or combat-related supernatural property."
Giant Captain's Hook,Weapon,No,"B+4,000 GP",GSB,Weapon's normal damage,"Giant Captain's Hook is a rare magical weapon with a stronger-than-normal combat property, such as extra damage, a special attack, a condition, or a limited activated ability."
Giant Slayer,Weapon,-,"B+4,000 GP",DMG,Weapon's normal damage,"This magic weapon grants a bonus to attack and damage rolls. Against giants, successful hits deal extra damage, and a giant struck by it may be knocked prone if it fails a Strength saving throw."
Giantcraft Ambusher,Weapon,Yes,"B+4,000 GP",GSB,Weapon's normal damage,"Giantcraft Ambusher is a rare magical weapon with a stronger-than-normal combat property, such as extra damage, a special attack, a condition, or a limited activated ability."
Gibberbox,Wondrous Item,No,"4,000 GP",GSB,-,"Gibberbox is a rare magical wondrous item with a significant utility, defensive, movement, control, or combat-related supernatural property."
Gilded Ticket,Wondrous Item,No,"4,000 GP",GSB,-,"Gilded Ticket is a rare magical wondrous item with a significant utility, defensive, movement, control, or combat-related supernatural property."
Glaive of the Forest,Weapon,Yes,"B+4,000 GP",GSB,Weapon's normal damage,"Glaive of the Forest is a rare magical weapon with a stronger-than-normal combat property, such as extra damage, a special attack, a condition, or a limited activated ability."
Glamoured Studded Leather,Armor,-,"B+4,000 GP",DMG,-,"This +1 studded leather armor can change its appearance on command, including looking like ordinary clothing or another kind of armor, without changing its actual protective properties."
Gloom Shield,Armor,Yes,"B+4,000 GP",GSB,-,"Gloom Shield is a rare enchanted defensive item that grants improved protection and an additional magical defensive, reactive, movement, or environmental effect tied to its theme."
Glove of the Aegis,Wondrous Item,Yes,"4,000 GP",GSB,-,"Glove of the Aegis is a rare magical wondrous item with a significant utility, defensive, movement, control, or combat-related supernatural property."
Glove of the Grim Fandango,Wondrous Item,Yes-Bard,"4,000 GP",GSB,-,"Glove of the Grim Fandango is a rare magical wondrous item with a significant utility, defensive, movement, control, or combat-related supernatural property."
Gloves of Healing,Wondrous Item,No,"4,000 GP",GSB,-,"Gloves of Healing is a rare magical wondrous item with a significant utility, defensive, movement, control, or combat-related supernatural property."
Gloves of the Deft Duelist,Wondrous Item,Yes,"4,000 GP",GSB,-,"Gloves of the Deft Duelist is a rare magical wondrous item with a significant utility, defensive, movement, control, or combat-related supernatural property."
Gloves of the Gadgeteer,Wondrous Item,No,"4,000 GP",GSB,-,"Gloves of the Gadgeteer is a rare magical wondrous item with a significant utility, defensive, movement, control, or combat-related supernatural property."
Gloves of the Magpie,Wondrous Item,Yes,"4,000 GP",GSB,-,"Gloves of the Magpie is a rare magical wondrous item with a significant utility, defensive, movement, control, or combat-related supernatural property."
Golem Sapper,Wondrous Item,No,"4,000 GP",GSB,-,"Golem Sapper is a rare magical wondrous item with a significant utility, defensive, movement, control, or combat-related supernatural property."
Gorgon Potion,Potion,No,"2,000 GP",GSB,-,"Gorgon Potion is a rare consumable magical preparation that produces a powerful temporary restorative, transformative, protective, or supernatural effect when used."
Gorgon War Pick,Weapon,Yes,"B+4,000 GP",GSB,Weapon's normal damage,"Gorgon War Pick is a rare magical weapon with a stronger-than-normal combat property, such as extra damage, a special attack, a condition, or a limited activated ability."
Gossiper's Ear Cuff,Wondrous Item,No,"4,000 GP",GSB,-,"Gossiper's Ear Cuff is a rare magical wondrous item with a significant utility, defensive, movement, control, or combat-related supernatural property."
Grave Digger,Weapon,Yes,"B+4,000 GP",GSB,Necrotic,"Grave Digger is a rare magical weapon with a stronger-than-normal combat property, such as extra damage, a special attack, a condition, or a limited activated ability."
Grave Lotus Seed (Rare),Wondrous Item,No,"4,000 GP",GSB,Necrotic,"Grave Lotus Seed (Rare) is a rare magical wondrous item with a significant utility, defensive, movement, control, or combat-related supernatural property."
Grave Trodders,Wondrous Item,Yes,"4,000 GP",GSB,Necrotic,"Grave Trodders is a rare magical rod with a powerful activated utility, control, defensive, or combat effect."
Great Owl's Pocket Library,Wondrous Item,No,"4,000 GP",GSB,-,"Great Owl's Pocket Library is a rare magical wondrous item with a significant utility, defensive, movement, control, or combat-related supernatural property."
Greatstone's Grasp,Weapon,No,"B+4,000 GP",GSB,Weapon's normal damage,"Greatstone's Grasp is a rare magical weapon with a stronger-than-normal combat property, such as extra damage, a special attack, a condition, or a limited activated ability."
Greaves of Dendallen,Wondrous Item,Yes,"4,000 GP",GSB,-,"Greaves of Dendallen is a rare magical wondrous item with a significant utility, defensive, movement, control, or combat-related supernatural property."
Grimweaver's Shawl,Wondrous Item,Yes,"4,000 GP",GSB,-,"Grimweaver's Shawl is a rare magical wondrous item with a significant utility, defensive, movement, control, or combat-related supernatural property."
Guard of the Valkyrie,Wondrous Item,Yes,"4,000 GP",GSB,-,"Guard of the Valkyrie is a rare magical wondrous item with a significant utility, defensive, movement, control, or combat-related supernatural property."
Hagshead Flail,Weapon,No,"B+4,000 GP",GSB,Weapon's normal damage,"Hagshead Flail is a rare magical weapon with a stronger-than-normal combat property, such as extra damage, a special attack, a condition, or a limited activated ability."
Halberd of the Peacock,Weapon,Yes,"B+4,000 GP",GSB,Weapon's normal damage,"Halberd of the Peacock is a rare magical weapon with a stronger-than-normal combat property, such as extra damage, a special attack, a condition, or a limited activated ability."
Hammer of the Ram,Weapon,Yes,"B+4,000 GP",GSB,Weapon's normal damage,"Hammer of the Ram is a rare magical weapon with a stronger-than-normal combat property, such as extra damage, a special attack, a condition, or a limited activated ability."
Harbinger's Flail,Weapon,No,"B+4,000 GP",GSB,Weapon's normal damage,"Harbinger's Flail is a rare magical weapon with a stronger-than-normal combat property, such as extra damage, a special attack, a condition, or a limited activated ability."
Harp of Dragons,Wondrous Item,Yes-Bard,"4,000 GP",GSB,-,Harp of Dragons is a rare magical instrument that creates a significant supernatural effect when played or activated.
Harper Pin (Rare),Wondrous Item,Attunement,Varies,FRAiF,-,Harper Pin is a rare magical instrument that creates a significant supernatural effect when played or activated.
Harrier's Halberd,Weapon,Yes,"B+4,000 GP",GSB,Weapon's normal damage,"Harrier's Halberd is a rare magical weapon with a stronger-than-normal combat property, such as extra damage, a special attack, a condition, or a limited activated ability."
Hat of the Nimbus Mage,Wondrous Item,"Yes-Druid, Sorceror, Warlock, Wizard","4,000 GP",GSB,-,"Hat of the Nimbus Mage is a rare magical wondrous item with a significant utility, defensive, movement, control, or combat-related supernatural property."
Healer's Voice,Wondrous Item,No,"4,000 GP",GSB,Cold,"Healer's Voice is a rare magical wondrous item with a significant utility, defensive, movement, control, or combat-related supernatural property."
Heavenly Chalice,Wondrous Item,No,"4,000 GP",GSB,Cold,"Heavenly Chalice is a rare magical wondrous item with a significant utility, defensive, movement, control, or combat-related supernatural property."
Heavy Golem Armor,Armor,Yes-Small Humanoid,"B+4,000 GP",GSB,-,"Heavy Golem Armor is a rare enchanted defensive item that grants improved protection and an additional magical defensive, reactive, movement, or environmental effect tied to its theme."
Hell's Bells,Weapon,No,"B+4,000 GP",GSB,Weapon's normal damage,"Hell's Bells is a rare magical weapon with a stronger-than-normal combat property, such as extra damage, a special attack, a condition, or a limited activated ability."
Hellish Reaper,Weapon,Yes,"B+4,000 GP",GSB,Weapon's normal damage,"Hellish Reaper is a rare magical weapon with a stronger-than-normal combat property, such as extra damage, a special attack, a condition, or a limited activated ability."
Helm of Heroes,Wondrous Item,Yes,"4,000 GP",GSB,-,"Helm of Heroes is a rare magical wondrous item with a significant utility, defensive, movement, control, or combat-related supernatural property."
Helm of Teleportation,Wondrous Item,Attunement,"4,000 GP",DMG,-,This helm has charges that let you cast teleport.
Helm of the Headless,Wondrous Item,Yes,"4,000 GP",GSB,-,"Helm of the Headless is a rare magical wondrous item with a significant utility, defensive, movement, control, or combat-related supernatural property."
Helm of the Minotaur,Wondrous Item,Yes,"4,000 GP",GSB,-,"Helm of the Minotaur is a rare magical wondrous item with a significant utility, defensive, movement, control, or combat-related supernatural property."
Helm of the Ram,Wondrous Item,Yes,"4,000 GP",GSB,-,"Helm of the Ram is a rare magical wondrous item with a significant utility, defensive, movement, control, or combat-related supernatural property."
Helm of the Sentinel,Wondrous Item,Attunement,"4,000 GP",EB,-,"Helm of the Sentinel is a rare magical wondrous item with a significant utility, defensive, movement, control, or combat-related supernatural property."
Helmsmans Shelter,Armor,Yes,"B+4,000 GP",GSB,-,"Helmsmans Shelter is a rare enchanted defensive item that grants improved protection and an additional magical defensive, reactive, movement, or environmental effect tied to its theme."
Hero's Goblet,Wondrous Item,No,"4,000 GP",GSB,-,"Hero's Goblet is a rare magical wondrous item with a significant utility, defensive, movement, control, or combat-related supernatural property."
Heward's Handy Haversack,Wondrous Item,-,"4,000 GP",DMG,-,"This backpack contains extradimensional compartments that hold far more than their apparent size. Retrieving a desired object is quick, though interactions with other extradimensional spaces can be dangerous."
Hidey Horse,Wondrous Item,No,"4,000 GP",GSB,-,"Hidey Horse is a rare magical wondrous item with a significant utility, defensive, movement, control, or combat-related supernatural property."
Hoarder's Haul (Rare),Wondrous Item,No,"4,000 GP",GSB,-,"Hoarder's Haul is a rare magical wondrous item with a significant utility, defensive, movement, control, or combat-related supernatural property."
Hobbystead (Rare),Wondrous Item,No,"4,000 GP",GSB,-,"Hobbystead is a rare magical wondrous item with a significant utility, defensive, movement, control, or combat-related supernatural property."
Homeroot,Wondrous Item,No,"4,000 GP",GSB,-,"Homeroot is a rare magical wondrous item with a significant utility, defensive, movement, control, or combat-related supernatural property."
Homeward Boots,Wondrous Item,Yes,"4,000 GP",GSB,-,Homeward Boots is rare magical footwear that significantly improves movement or grants a supernatural travel ability.
Honey Scepter,Rod,Yes-Spellcaster,"4,000 GP",GSB,-,"Honey Scepter is a rare magical rod with a powerful activated utility, control, defensive, or combat effect."
Horatio's Impossible Ship in a Bottle,Wondrous Item,No,"4,000 GP",GSB,-,"Horatio's Impossible Ship in a Bottle is a rare magical wondrous item with a significant utility, defensive, movement, control, or combat-related supernatural property."
Horn of Blasting,Wondrous Item,-,"4,000 GP",DMG,Thunder + Force,"When sounded, this horn releases a destructive cone of thunderous force that can damage creatures and objects."
Horn of Valhalla (Rare),Wondrous Item,-,Varies,DMG,Weapon damage from summoned warriors,"Blowing this horn summons spectral berserk warriors that fight for the user for a limited time. The number and requirements depend on the horn's material, and the horn cannot be used again for several days."
Horn of Verdance,Wondrous Item,No,"4,000 GP",GSB,-,Horn of Verdance is a rare magical instrument that creates a significant supernatural effect when played or activated.
Horseshoes of Speed,Wondrous Item,-,"4,000 GP",DMG,-,"When affixed to a horse or similar creature, these horseshoes greatly increase its walking speed."
Houseward (Rare),Wondrous Item,-,"4,000 GP",EB,-,"Houseward is a rare magical wondrous item with a significant utility, defensive, movement, control, or combat-related supernatural property."
Hunter's Cup,Wondrous Item,No,"4,000 GP",GSB,-,"Hunter's Cup is a rare magical wondrous item with a significant utility, defensive, movement, control, or combat-related supernatural property."
Hydra Flail,Weapon,No,"B+4,000 GP",GSB,Weapon's normal damage,"Hydra Flail is a rare magical weapon with a stronger-than-normal combat property, such as extra damage, a special attack, a condition, or a limited activated ability."
Immovable Cat,Wondrous Item,No,"4,000 GP",GSB,-,"Immovable Cat is a rare magical wondrous item with a significant utility, defensive, movement, control, or combat-related supernatural property."
Insatiable Tome,Wondrous Item,No,"4,000 GP",GSB,-,"Insatiable Tome is a rare magical wondrous item with a significant utility, defensive, movement, control, or combat-related supernatural property."
Instrument of the Bards (Rare),Wondrous Item,Attunement,Varies,FRAiF,Varies,"This magical instrument can cast a set of spells, with additional spells determined by the instrument's type. A bard attuned to it also makes charm effects created by spells cast through the instrument harder to resist."
Ioun Stone (Rare),Wondrous Item,Attunement,Varies,DMG,Varies,"When released, this magic stone orbits the user's head and grants a benefit determined by its type. The stone can be attacked or grabbed while orbiting and can be suppressed by certain magic."
Iron Bands of Bilarro,Wondrous Item,-,"4,000 GP",DMG,Bludgeoning,"Throwing this iron sphere at a Large or smaller creature can expand it into restraining metal bands. A trapped creature can attempt to break free; after a successful escape, the bands cannot be used again until the next day."
Iron Rose,Weapon,Yes,"B+4,000 GP",GSB,Weapon's normal damage,"Iron Rose is a rare magical weapon with a stronger-than-normal combat property, such as extra damage, a special attack, a condition, or a limited activated ability."
Ironleaf Impaler,Weapon,Yes,"B+4,000 GP",GSB,Weapon's normal damage,"Ironleaf Impaler is a rare magical weapon with a stronger-than-normal combat property, such as extra damage, a special attack, a condition, or a limited activated ability."
Ironleaf Maul of Entanglement,Weapon,Yes,"B+4,000 GP",GSB,Weapon's normal damage,"Ironleaf Maul of Entanglement is a rare magical weapon with a stronger-than-normal combat property, such as extra damage, a special attack, a condition, or a limited activated ability."
Jar of Lightningflies,Wondrous Item,No,"4,000 GP",GSB,Lightning,"Jar of Lightningflies is a rare magical wondrous item with a significant utility, defensive, movement, control, or combat-related supernatural property."
Jinxed Yarn,Weapon,Yes,"B+4,000 GP",GSB,Weapon's normal damage,"Jinxed Yarn is a rare magical weapon with a stronger-than-normal combat property, such as extra damage, a special attack, a condition, or a limited activated ability."
Jotun Frostcleaver,Weapon,Yes,"B+4,000 GP",GSB,Cold,"Jotun Frostcleaver is a rare magical weapon with a stronger-than-normal combat property, such as extra damage, a special attack, a condition, or a limited activated ability."
Jotuns Jodhpurs,Wondrous Item,No,"4,000 GP",GSB,-,"Jotuns Jodhpurs is a rare magical wondrous item with a significant utility, defensive, movement, control, or combat-related supernatural property."
Keeper's Fand,Weapon,,"4,000 GP",EB,-,"Keeper's Fand is a rare magical weapin with a significant utility, defensive, movement, control, or combat-related supernatural property."
Killskull Longbow of Dread,Weapon,Yes,"B+4,000 GP",GSB,Weapon's normal damage,"Killskull Longbow of Dread is a rare magical weapon with a stronger-than-normal combat property, such as extra damage, a special attack, a condition, or a limited activated ability."
Kinetic Bowstring,Wondrous Item,No,"4,000 GP",GSB,Weapon's normal damage,"Kinetic Bowstring is a rare magical weapon with a stronger-than-normal combat property, such as extra damage, a special attack, a condition, or a limited activated ability."
King Crab Claymore,Weapon,Yes,"B+4,000 GP",GSB,Weapon's normal damage,"King Crab Claymore is a rare magical weapon with a stronger-than-normal combat property, such as extra damage, a special attack, a condition, or a limited activated ability."
Knights Standard of Valor,Weapon,Yes,"B+4,000 GP",GSB,Weapon's normal damage,"Knights Standard of Valor is a rare magical weapon with a stronger-than-normal combat property, such as extra damage, a special attack, a condition, or a limited activated ability."
Knights Standard of Vigor,Weapon,Yes,"B+4,000 GP",GSB,Weapon's normal damage,"Knights Standard of Vigor is a rare magical weapon with a stronger-than-normal combat property, such as extra damage, a special attack, a condition, or a limited activated ability."
Knights Standard of Virtue,Weapon,Yes,"B+4,000 GP",GSB,Weapon's normal damage,"Knights Standard of Virtue is a rare magical weapon with a stronger-than-normal combat property, such as extra damage, a special attack, a condition, or a limited activated ability."
Koi Regalia,Wondrous Item,Yes,"4,000 GP",GSB,-,"Koi Regalia is a rare magical wondrous item with a significant utility, defensive, movement, control, or combat-related supernatural property."
Lamian Facestealer,Weapon,Yes,"B+4,000 GP",GSB,Weapon's normal damage,"Lamian Facestealer is a rare magical weapon with a stronger-than-normal combat property, such as extra damage, a special attack, a condition, or a limited activated ability."
Lamp of Moonlight,Wondrous Item,No,"4,000 GP",GSB,-,"Lamp of Moonlight is a rare magical wondrous item with a significant utility, defensive, movement, control, or combat-related supernatural property."
Lantern Flail,Weapon,No,"B+4,000 GP",GSB,Weapon's normal damage,"Lantern Flail is a rare magical weapon with a stronger-than-normal combat property, such as extra damage, a special attack, a condition, or a limited activated ability."
Lantern of the Frost Watch,Wondrous Item,No,"4,000 GP",GSB,Cold,"Lantern of the Frost Watch is a rare magical wondrous item with a significant utility, defensive, movement, control, or combat-related supernatural property."
Lash of the Spelldrinker,Weapon,Yes-Spellcaster,"B+4,000 GP",GSB,Weapon's normal damage,"Lash of the Spelldrinker is a rare magical weapon with a stronger-than-normal combat property, such as extra damage, a special attack, a condition, or a limited activated ability."
Lazar's Magic Eye,Wondrous Item,Yes-Missing An Eye,"4,000 GP",GSB,-,"Lazar's Magic Eye is a rare magical wondrous item with a significant utility, defensive, movement, control, or combat-related supernatural property."
Leeching Lash,Weapon,Yes,"B+4,000 GP",GSB,Weapon's normal damage,"Leeching Lash is a rare magical weapon with a stronger-than-normal combat property, such as extra damage, a special attack, a condition, or a limited activated ability."
Leeching Quarterstaff,Weapon,Yes,"B+4,000 GP",GSB,Weapon's normal damage,"Leeching Quarterstaff is a rare magical weapon with a stronger-than-normal combat property, such as extra damage, a special attack, a condition, or a limited activated ability."
Life's Flower Restorative,Wondrous Item,Yes-Missing a Limb,"4,000 GP",GSB,-,"Life's Flower Restorative is a rare magical wondrous item with a significant utility, defensive, movement, control, or combat-related supernatural property."
Lifeburst,Weapon,"Yes-Cleric, Paladin","B+4,000 GP",GSB,Weapon's normal damage,"Lifeburst is a rare magical weapon with a stronger-than-normal combat property, such as extra damage, a special attack, a condition, or a limited activated ability."
Lightning Khopesh,Weapon,No,"B+4,000 GP",GSB,Lightning,"Lightning Khopesh is a rare magical weapon with a stronger-than-normal combat property, such as extra damage, a special attack, a condition, or a limited activated ability."
Lightning Pylons,Rod,No,"4,000 GP",GSB,Lightning,"Lightning Pylons is a rare magical rod with a powerful activated utility, control, defensive, or combat effect."
Lightning-Catching Bottle,Wondrous Item,No,"4,000 GP",GSB,Lightning,"Lightning-Catching Bottle is a rare magical wondrous item with a significant utility, defensive, movement, control, or combat-related supernatural property."
Lightningcatcher Pauldron,Wondrous Item,Yes,"4,000 GP",GSB,Lightning,"Lightningcatcher Pauldron is a rare magical wondrous item with a significant utility, defensive, movement, control, or combat-related supernatural property."
Lightscreen Hover Boots,Wondrous Item,Yes,"4,000 GP",GSB,-,Lightscreen Hover Boots is rare magical footwear that significantly improves movement or grants a supernatural travel ability.
Lionguard Chain,Armor,Yes,"B+4,000 GP",GSB,-,"Lionguard Chain is a rare enchanted defensive item that grants improved protection and an additional magical defensive, reactive, movement, or environmental effect tied to its theme."
Lithic Stone Fruit,Wondrous Item,No,"4,000 GP",GSB,-,"Lithic Stone Fruit is a rare magical stone or focus that stores, reveals, enhances, or releases a powerful supernatural effect."
Liulian's Hexsatchel,Wondrous Item,No,"4,000 GP",GSB,-,"Liulian's Hexsatchel is a rare magical storage or utility item with extradimensional, conjuration, retrieval, or transformation properties."
Living Wig (Rare),Wondrous Item,No,"4,000 GP",GSB,-,"While worn, you can mentally change the wig's hairstyle and color over 1 minute, including connected facial hair. It can produce real-looking hair from 1/4 inch to 3 feet long; cut hair immediately turns to ash. Putting on or removing the wig takes an action, and it returns to its normal form when removed."
Lucky Horseshoes,Wondrous Item,No,"4,000 GP",GSB,-,Lucky Horseshoes is rare magical footwear that significantly improves movement or grants a supernatural travel ability.
Lunar Compass,Wondrous Item,No,"4,000 GP",GSB,-,"Lunar Compass is a rare magical wondrous item with a significant utility, defensive, movement, control, or combat-related supernatural property."
Lunar Rapier,Weapon,No,"B+4,000 GP",GSB,Weapon's normal damage,"Lunar Rapier is a rare magical weapon with a stronger-than-normal combat property, such as extra damage, a special attack, a condition, or a limited activated ability."
Mace of Disruption,Weapon,Attunement,"B+4,000 GP",DMG,Radiant,"This magic mace is especially dangerous to fiends and undead, dealing extra radiant damage and potentially destroying weakened undead."
Mace of Smiting,Weapon,-,"B+4,000 GP",DMG,Weapon's normal damage,This magic mace is particularly effective against constructs and can deal extra damage on critical hits.
Mace of Terror,Weapon,Attunement,"B+4,000 GP",DMG,Weapon's normal damage,"This magic mace has limited charges. The wielder can expend a charge to emit a wave of terror, forcing nearby creatures to make a Wisdom save or become frightened and flee."
Mace of the Priest,Weapon,Yes-Cleric,"B+4,000 GP",GSB,Weapon's normal damage,"Mace of the Priest is a rare magical weapon with a stronger-than-normal combat property, such as extra damage, a special attack, a condition, or a limited activated ability."
Mace of Vampire Slaying,Weapon,No,"B+4,000 GP",GSB,Weapon's normal damage,"Mace of Vampire Slaying is a rare magical weapon with a stronger-than-normal combat property, such as extra damage, a special attack, a condition, or a limited activated ability."
Magecatcher Explosives,Wondrous Item,No,"4,000 GP",GSB,-,"Magecatcher Explosives is a rare magical wondrous item with a significant utility, defensive, movement, control, or combat-related supernatural property."
Magen Handbell,Wondrous Item,-,"4,000 GP",NF,-,Magen Handbell is a rare magical instrument that creates a significant supernatural effect when played or activated.
Mageplate Cap,Wondrous Item,"Yes-Wizard, Sorcerer","4,000 GP",GSB,-,"Mageplate Cap is a rare enchanted defensive item that grants improved protection and an additional magical defensive, reactive, movement, or environmental effect tied to its theme."
Mageplate Ring,Ring,Yes,"4,000 GP",GSB,-,"Mageplate Ring is a rare enchanted defensive item that grants improved protection and an additional magical defensive, reactive, movement, or environmental effect tied to its theme."
Magma War Pick,Weapon,No,"B+4,000 GP",GSB,Fire,"Magma War Pick is a rare magical weapon with a stronger-than-normal combat property, such as extra damage, a special attack, a condition, or a limited activated ability."
Magpie Kusarigama,Weapon,No,"B+4,000 GP",GSB,Weapon's normal damage,"Magpie Kusarigama is a rare magical weapon with a stronger-than-normal combat property, such as extra damage, a special attack, a condition, or a limited activated ability."
Magpie Kusarigama,Weapon,No,"B+4,000 GP",GSB,Weapon's normal damage,"Magpie Kusarigama is a rare magical weapon with a stronger-than-normal combat property, such as extra damage, a special attack, a condition, or a limited activated ability."
Manor Key,Wondrous Item,Attunement,"4,000 GP",EB,-,"Manor Key is a rare magical wondrous item with a significant utility, defensive, movement, control, or combat-related supernatural property."
Mantis Mitts,Wondrous Item,Yes,"4,000 GP",GSB,-,"Mantis Mitts is a rare magical wondrous item with a significant utility, defensive, movement, control, or combat-related supernatural property."
Mantle of Adaptivity,Wondrous Item,Yes-Human,"4,000 GP",GSB,-,"Mantle of Adaptivity is a rare magical garment that grants a strong protective, concealment, movement, sensory, or transformation effect while worn."
Mantle of Security,Wondrous Item,Yes,"4,000 GP",GSB,-,"Mantle of Security is a rare magical garment that grants a strong protective, concealment, movement, sensory, or transformation effect while worn."
Mantle of Spell Resistance,Wondrous Item,Attunement,"4,000 GP",DMG,-,"While wearing this mantle, you have advantage on saving throws against spells."
Mantle of the Mammoth,Wondrous Item,Yes,"4,000 GP",GSB,-,"Mantle of the Mammoth is a rare magical garment that grants a strong protective, concealment, movement, sensory, or transformation effect while worn."
Mantle of the Pack Lord,Wondrous Item,No,"4,000 GP",GSB,-,"Mantle of the Pack Lord is a rare magical garment that grants a strong protective, concealment, movement, sensory, or transformation effect while worn."
Marksman's Cloak,Wondrous Item,Yes-Ranger,"4,000 GP",GSB,-,"Marksman's Cloak is a rare magical garment that grants a strong protective, concealment, movement, sensory, or transformation effect while worn."
Marshwarden Bow,Weapon,Yes,"B+4,000 GP",GSB,Weapon's normal damage,"Marshwarden Bow is a rare magical weapon with a stronger-than-normal combat property, such as extra damage, a special attack, a condition, or a limited activated ability."
Martial Spatha,Weapon,"Yes-Barbarian, Fighter, Monk, Rogue","B+4,000 GP",GSB,Weapon's normal damage,"Martial Spatha is a rare magical weapon with a stronger-than-normal combat property, such as extra damage, a special attack, a condition, or a limited activated ability."
Mask of the Hawk,Wondrous Item,Yes,"4,000 GP",GSB,-,"Mask of the Hawk is a rare magical wondrous item with a significant utility, defensive, movement, control, or combat-related supernatural property."
Master Machinists Marvelous Mallet,Weapon,Yes,"B+4,000 GP",GSB,Weapon's normal damage,"Master Machinists Marvelous Mallet is a rare magical weapon with a stronger-than-normal combat property, such as extra damage, a special attack, a condition, or a limited activated ability."
Maul of the Guiding Star,Weapon,Yes,"B+4,000 GP",GSB,Weapon's normal damage,"Maul of the Guiding Star is a rare magical weapon with a stronger-than-normal combat property, such as extra damage, a special attack, a condition, or a limited activated ability."
Mechanical Wonder (Rare),Wondrous Item,-,Varies,FRHoF,-,"Mechanical Wonder is a rare magical wondrous item with a significant utility, defensive, movement, control, or combat-related supernatural property."
Medallion of Hypnosis,Wondrous Item,Yes,"4,000 GP",GSB,-,"Medallion of Hypnosis is a rare neck-worn magic item that grants a substantial protective, restorative, sensory, or spell-like benefit."
Medusan Lavalier,Wondrous Item,No,"4,000 GP",GSB,Fire,"Medusan Lavalier is a rare magical wondrous item with a significant utility, defensive, movement, control, or combat-related supernatural property."
Medzo's Blade,Weapon,No,"B+4,000 GP",GSB,Weapon's normal damage,"Medzo's Blade is a rare magical weapon with a stronger-than-normal combat property, such as extra damage, a special attack, a condition, or a limited activated ability."
Medzo's Crossbow,Weapon,No,"B+4,000 GP",GSB,Weapon's normal damage,"Medzo's Crossbow is a rare magical weapon with a stronger-than-normal combat property, such as extra damage, a special attack, a condition, or a limited activated ability."
Meteoric Javelin,Weapon,No,"B+4,000 GP",GSB,Weapon's normal damage,"Meteoric Javelin is a rare magical weapon with a stronger-than-normal combat property, such as extra damage, a special attack, a condition, or a limited activated ability."
Midnight Smoke,Weapon,Yes,"B+4,000 GP",GSB,Weapon's normal damage,"Midnight Smoke is a rare magical weapon with a stronger-than-normal combat property, such as extra damage, a special attack, a condition, or a limited activated ability."
Mirrorlight Carver,Weapon,No,"B+4,000 GP",GSB,Weapon's normal damage,"Mirrorlight Carver is a rare magical weapon with a stronger-than-normal combat property, such as extra damage, a special attack, a condition, or a limited activated ability."
Mirrorlight Edge,Weapon,Yes,"B+4,000 GP",GSB,Weapon's normal damage,"Mirrorlight Edge is a rare magical weapon with a stronger-than-normal combat property, such as extra damage, a special attack, a condition, or a limited activated ability."
Mirrorlight Stinger,Weapon,No,"B+4,000 GP",GSB,Weapon's normal damage,"Mirrorlight Stinger is a rare magical weapon with a stronger-than-normal combat property, such as extra damage, a special attack, a condition, or a limited activated ability."
Mistwalker Armor,Armor,Yes,"B+4,000 GP",GSB,-,"Mistwalker Armor is a rare enchanted defensive item that grants improved protection and an additional magical defensive, reactive, movement, or environmental effect tied to its theme."
Mobius Scroll,Scroll,Yes-Spellcaster,"2,000 GP",GSB,-,Mobius Scroll is a rare magical scroll or written item that releases a potent spell-like effect when properly used.
Monarch Mantle,Wondrous Item,Yes,"4,000 GP",GSB,-,"Monarch Mantle is a rare magical garment that grants a strong protective, concealment, movement, sensory, or transformation effect while worn."
Monocle of Clarity,Wondrous Item,No,"4,000 GP",GSB,-,"Monocle of Clarity is a rare magical wondrous item with a significant utility, defensive, movement, control, or combat-related supernatural property."
Monster Tamers Shield,Armor,Yes,"B+4,000 GP",GSB,-,"Monster Tamers Shield is a rare enchanted defensive item that grants improved protection and an additional magical defensive, reactive, movement, or environmental effect tied to its theme."
Monster Tamers Sword,Weapon,Yes,"B+4,000 GP",GSB,Weapon's normal damage,"Monster Tamers Sword is a rare magical weapon with a stronger-than-normal combat property, such as extra damage, a special attack, a condition, or a limited activated ability."
Monstrous Mask,Wondrous Item,No,"4,000 GP",GSB,-,"Monstrous Mask is a rare magical wondrous item with a significant utility, defensive, movement, control, or combat-related supernatural property."
Moonfallen Maul,Weapon,No,"B+4,000 GP",GSB,Weapon's normal damage,"Moonfallen Maul is a rare magical weapon with a stronger-than-normal combat property, such as extra damage, a special attack, a condition, or a limited activated ability."
Moonlit Aegis,Armor,Yes-Spellcaster,"B+4,000 GP",GSB,-,"Moonlit Aegis is a rare enchanted defensive item that grants improved protection and an additional magical defensive, reactive, movement, or environmental effect tied to its theme."
Moonlit Veil Candles,Wondrous Item,No,"4,000 GP",GSB,-,"Moonlit Veil Candles is a rare magical wondrous item with a significant utility, defensive, movement, control, or combat-related supernatural property."
Moonstone Bracers,Wondrous Item,Yes,"4,000 GP",GSB,-,"Moonstone Bracers is a rare magical stone or focus that stores, reveals, enhances, or releases a powerful supernatural effect."
Moonswaddled Armor,Armor,No,"B+4,000 GP",GSB,-,"Moonswaddled Armor is a rare enchanted defensive item that grants improved protection and an additional magical defensive, reactive, movement, or environmental effect tied to its theme."
Mosshide Troll Belt,Wondrous Item,Yes,"4,000 GP",GSB,-,"Mosshide Troll Belt is a rare magical wondrous item with a significant utility, defensive, movement, control, or combat-related supernatural property."
Mourningsteel Barricade,Armor,Yes,"B+4,000 GP",GSB,-,"Mourningsteel Barricade is a rare enchanted defensive item that grants improved protection and an additional magical defensive, reactive, movement, or environmental effect tied to its theme."
Mourningsteel Exlipse,Weapon,No,"B+4,000 GP",GSB,Weapon's normal damage,"Mourningsteel Exlipse is a rare magical weapon with a stronger-than-normal combat property, such as extra damage, a special attack, a condition, or a limited activated ability."
Mourningsteel Obol,Wondrous Item,No,"4,000 GP",GSB,-,"Mourningsteel Obol is a rare magical wondrous item with a significant utility, defensive, movement, control, or combat-related supernatural property."
Mourningsteel Saber,Weapon,Yes,"B+4,000 GP",GSB,Weapon's normal damage,"Mourningsteel Saber is a rare magical weapon with a stronger-than-normal combat property, such as extra damage, a special attack, a condition, or a limited activated ability."
Mourningsteel Stiletto,Weapon,Yes,"B+4,000 GP",GSB,Weapon's normal damage,"Mourningsteel Stiletto is a rare magical weapon with a stronger-than-normal combat property, such as extra damage, a special attack, a condition, or a limited activated ability."
Mourningsteel War Banner,Wondrous Item,No,"4,000 GP",GSB,-,"Mourningsteel War Banner is a rare magical wondrous item with a significant utility, defensive, movement, control, or combat-related supernatural property."
Murderous Arrow,Weapon,No,"B+4,000 GP",GSB,Weapon's normal damage,"Murderous Arrow is a rare magical weapon with a stronger-than-normal combat property, such as extra damage, a special attack, a condition, or a limited activated ability."
Myceliaweave Armor,Armor,Yes,"B+4,000 GP",GSB,-,"Myceliaweave Armor is a rare enchanted defensive item that grants improved protection and an additional magical defensive, reactive, movement, or environmental effect tied to its theme."
Mythallar Cloak,Wondrous Item,Attunement,"4,000 GP",DMG,-,This cloak is tied to mythallar-style arcane magic and grants the specific defensive or spellcasting benefits defined by its source entry; its exact mechanics depend on that version of the item.
Naga's Caduceus of Rebirth,Rod,No,"4,000 GP",GSB,-,"Naga's Caduceus of Rebirth is a rare magical rod with a powerful activated utility, control, defensive, or combat effect."
Nail of Mundanity,Weapon,No,"B+4,000 GP",GSB,Weapon's normal damage,"Nail of Mundanity is a rare magical weapon with a stronger-than-normal combat property, such as extra damage, a special attack, a condition, or a limited activated ability."
Nana's Wooden Spoon,Rod,Yes,"4,000 GP",GSB,-,"Nana's Wooden Spoon is a rare magical rod with a powerful activated utility, control, defensive, or combat effect."
Narwhal Stiletto,Weapon,Yes,"B+4,000 GP",GSB,Weapon's normal damage,"Narwhal Stiletto is a rare magical weapon with a stronger-than-normal combat property, such as extra damage, a special attack, a condition, or a limited activated ability."
Necklace of Fireballs,Wondrous Item,-,"2,000 GP",DMG,Fire,Detaching and throwing a bead creates a fireball; throwing multiple beads increases the spell's power.
Necklace of Prayer Beads,Wondrous Item,Attunement,"2,000 GP",DMG,Varies,"This necklace contains several magical beads selected when the item is created. Each bead can be used as a bonus action to cast a particular divine spell, and used beads recharge at dawn."
Necrolace,Wondrous Item,Yes-Spellcaster,"4,000 GP",GSB,-,"Necrolace is a rare magical wondrous item with a significant utility, defensive, movement, control, or combat-related supernatural property."
Necromancer's Lantern,Wondrous Item,"Yes-Warlock, Wizard","4,000 GP",GSB,-,"Necromancer's Lantern is a rare magical wondrous item with a significant utility, defensive, movement, control, or combat-related supernatural property."
Nevermore's Vigil,Rod,Yes-Warlock,"4,000 GP",GSB,-,"Nevermore's Vigil is a rare magical rod with a powerful activated utility, control, defensive, or combat effect."
Nexus Shield,Armor,Yes,"B+4,000 GP",GSB,-,"Nexus Shield is a rare enchanted defensive item that grants improved protection and an additional magical defensive, reactive, movement, or environmental effect tied to its theme."
Night Hawk Slayer,Weapon,Yes,"B+4,000 GP",GSB,Weapon's normal damage,"Night Hawk Slayer is a rare magical weapon with a stronger-than-normal combat property, such as extra damage, a special attack, a condition, or a limited activated ability."
Nightmare Flask,Wondrous Item,No,"4,000 GP",GSB,-,"Nightmare Flask is a rare magical wondrous item with a significant utility, defensive, movement, control, or combat-related supernatural property."
Nightstalker Armor of the Northeastern Wind,Armor,Yes,"B+4,000 GP",GSB,-,"Nightstalker Armor of the Northeastern Wind is a rare enchanted defensive item that grants improved protection and an additional magical defensive, reactive, movement, or environmental effect tied to its theme."
Nightstalker's Mask,Wondrous Item,Yes,"4,000 GP",GSB,-,"Nightstalker's Mask is a rare magical wondrous item with a significant utility, defensive, movement, control, or combat-related supernatural property."
Obsidian Star,Weapon,Yes,"B+4,000 GP",GSB,Weapon's normal damage,"Obsidian Star is a rare magical weapon with a stronger-than-normal combat property, such as extra damage, a special attack, a condition, or a limited activated ability."
Oil of Armor Animation,Potion,No,"2,000 GP",GSB,-,"Oil of Armor Animation is a rare enchanted defensive item that grants improved protection and an additional magical defensive, reactive, movement, or environmental effect tied to its theme."
Oil of Etherealness,Potion,-,"2,000 GP",DMG,-,"Applying this oil takes several minutes. A coated creature then gains the effect of the etherealness spell for 1 hour, moving onto the Border Ethereal until the effect ends."
Ooze Cube Ring,Ring,Yes,"4,000 GP",GSB,Acid,Ooze Cube Ring is a rare magical ring that grants its wearer a substantial passive benefit or a limited-use supernatural ability.
Orelia's Tome of Beast Familiars,Wondrous Item,Yes-Wizard,"4,000 GP",GSB,-,"Orelia's Tome of Beast Familiars is a rare magical wondrous item with a significant utility, defensive, movement, control, or combat-related supernatural property."
Ouroboros Ring,Ring,No,"4,000 GP",GSB,-,Ouroboros Ring is a rare magical ring that grants its wearer a substantial passive benefit or a limited-use supernatural ability.
Ouroboros Wand,Wand,No,"4,000 GP",GSB,-,Ouroboros Wand is a rare magical wand with charges or limited uses that produce a potent spell-like or supernatural effect.
Pack Leader Helm,Wondrous Item,Yes,"4,000 GP",GSB,-,"Pack Leader Helm is a rare magical storage or utility item with extradimensional, conjuration, retrieval, or transformation properties."
Pack of Revisibility Bombs,Wondrous Item,No,"4,000 GP",GSB,-,"Pack of Revisibility Bombs is a rare magical storage or utility item with extradimensional, conjuration, retrieval, or transformation properties."
Pact Card (Rare),Wondrous Item,No,"4,000 GP",GSB,-,"Pact Card is a rare magical wondrous item with a significant utility, defensive, movement, control, or combat-related supernatural property."
Parader's Scepter,Rod,Yes-Bard,"4,000 GP",GSB,-,"Parader's Scepter is a rare magical rod with a powerful activated utility, control, defensive, or combat effect."
Peacock's Vanity,Wondrous Item,No,"4,000 GP",GSB,-,"Peacock's Vanity is a rare magical wondrous item with a significant utility, defensive, movement, control, or combat-related supernatural property."
Pearl of Wisdom Quiver,Wondrous Item,Yes,"4,000 GP",GSB,-,"Pearl of Wisdom Quiver is a rare magical wondrous item with a significant utility, defensive, movement, control, or combat-related supernatural property."
Pennypuncher Slingshot,Weapon,No,"B+4,000 GP",GSB,Weapon's normal damage,"Pennypuncher Slingshot is a rare magical weapon with a stronger-than-normal combat property, such as extra damage, a special attack, a condition, or a limited activated ability."
Peregrine Spear,Weapon,No,"B+4,000 GP",GSB,Weapon's normal damage,"Peregrine Spear is a rare magical weapon with a stronger-than-normal combat property, such as extra damage, a special attack, a condition, or a limited activated ability."
Periapt of Proof against Poison,Wondrous Item,Attunement,"4,000 GP",DMG,Poison,"While wearing this pendant, you are immune to the poisoned condition and poison damage."
Periapt of Reflection,Wondrous Item,Yes,"4,000 GP",GSB,-,"Periapt of Reflection is a rare neck-worn magic item that grants a substantial protective, restorative, sensory, or spell-like benefit."
Phase Axe,Weapon,Yes,"B+4,000 GP",GSB,Weapon's normal damage,"Phase Axe is a rare magical weapon with a stronger-than-normal combat property, such as extra damage, a special attack, a condition, or a limited activated ability."
Phoenix Arrow,Weapon,No,"B+4,000 GP",GSB,Weapon's normal damage,"Phoenix Arrow is a rare magical weapon with a stronger-than-normal combat property, such as extra damage, a special attack, a condition, or a limited activated ability."
Phoenix Fan,Wondrous Item,No,"4,000 GP",GSB,-,"Phoenix Fan is a rare magical wondrous item with a significant utility, defensive, movement, control, or combat-related supernatural property."
Pick and Pocket,Weapon,No,"B+4,000 GP",GSB,Weapon's normal damage,"Pick and Pocket is a rare magical weapon with a stronger-than-normal combat property, such as extra damage, a special attack, a condition, or a limited activated ability."
Pike of the Iron Barricade,Weapon,Yes,"B+4,000 GP",GSB,Weapon's normal damage,"Pike of the Iron Barricade is a rare magical weapon with a stronger-than-normal combat property, such as extra damage, a special attack, a condition, or a limited activated ability."
Pitcher of Wisdom,Wondrous Item,No,"4,000 GP",GSB,-,"Pitcher of Wisdom is a rare magical wondrous item with a significant utility, defensive, movement, control, or combat-related supernatural property."
Plaguebane Mask,Wondrous Item,No,"4,000 GP",GSB,-,"Plaguebane Mask is a rare magical wondrous item with a significant utility, defensive, movement, control, or combat-related supernatural property."
Pointed Arrow,Weapon,No,"B+4,000 GP",GSB,Weapon's normal damage,"Pointed Arrow is a rare magical weapon with a stronger-than-normal combat property, such as extra damage, a special attack, a condition, or a limited activated ability."
Poison Dart Armor of Amphibios,Armor,Yes,"B+4,000 GP",GSB,-,"Poison Dart Armor of Amphibios is a rare enchanted defensive item that grants improved protection and an additional magical defensive, reactive, movement, or environmental effect tied to its theme."
Polaris Magistrate Codex,Wondrous Item,Yes-Lawful Aligned,"4,000 GP",GSB,-,"Polaris Magistrate Codex is a rare magical wondrous item with a significant utility, defensive, movement, control, or combat-related supernatural property."
Polaris Magistrate Gavel,Weapon,Yes-Lawful Aligned,"B+4,000 GP",GSB,Weapon's normal damage,"Polaris Magistrate Gavel is a rare magical weapon with a stronger-than-normal combat property, such as extra damage, a special attack, a condition, or a limited activated ability."
Polaris Magistrate Robe,Wondrous Item,Yes-Lawful Aligned,"4,000 GP",GSB,-,"Polaris Magistrate Robe is a rare magical garment that grants a strong protective, concealment, movement, sensory, or transformation effect while worn."
Portable Hole,Wondrous Item,-,"4,000 GP",DMG,-,This cloth unfolds into an extradimensional hole that can store creatures and objects in a deep extradimensional space.
Potion of Clairvoyance,Potion,-,"2,000 GP",DMG,-,"Drinking this potion gives the drinker the effect of the clairvoyance spell, creating a remote sensor at a familiar or obvious location within range."
Potion of Diminution,Potion,-,"2,000 GP",DMG,-,"Drinking this potion gives the drinker the reducing effect of enlarge/reduce for a limited duration, shrinking the creature and reducing the damage of its weapon attacks."
Potion of Dragon's Breath (Rare),Wondrous Item,No,"2,000 GP",GSB,-,"Potion of Dragon's Breath is a rare consumable magical preparation that produces a powerful temporary restorative, transformative, protective, or supernatural effect when used."
Potion of Gaseous Form,Potion,-,"2,000 GP",DMG,-,"Drinking this potion turns the drinker into mist as though affected by gaseous form for 1 hour, allowing slow flight and passage through narrow gaps while preventing most normal actions."
Potion of Giant Strength (Rare),Potion,-,Varies,DMG,-,"Drinking this potion sets the drinker's Strength to a value based on the giant type associated with the potion for 1 hour, unless the drinker's Strength is already higher."
Potion of Healing (Rare),Potion,-,Varies,DMG,-,"Potion of Healing is a rare consumable magical preparation that produces a powerful temporary restorative, transformative, protective, or supernatural effect when used."
Potion of Heroism,Potion,-,"2,000 GP",DMG,-,"For 1 hour after drinking this potion, the drinker gains temporary hit points and the benefits of bless without requiring concentration."
Potion of Invisibility,Potion,-,"2,000 GP",DMG,-,Drinking this potion makes the creature invisible for 1 hour. The effect ends early if the creature attacks or casts a spell.
Potion of Invulnerability,Potion,-,"2,000 GP",DMG,-,"For 1 minute after drinking this potion, the drinker has resistance to all damage."
Potion of Mind Reading,Potion,-,"2,000 GP",DMG,-,Drinking this potion gives the drinker the effect of detect thoughts for a limited duration without requiring components.
Potion of Puddle Scrying,Potion,No,"2,000 GP",GSB,-,"Potion of Puddle Scrying is a rare consumable magical preparation that produces a powerful temporary restorative, transformative, protective, or supernatural effect when used."
Potion of Spell Recovery,Potion,No,"2,000 GP",GSB,-,"Potion of Spell Recovery is a rare consumable magical preparation that produces a powerful temporary restorative, transformative, protective, or supernatural effect when used."
Power Collar,Wondrous Item,No,"4,000 GP",GSB,-,"Power Collar is a rare magical wondrous item with a significant utility, defensive, movement, control, or combat-related supernatural property."
Powergem Pommel (Rare),Wondrous Item,Yes,"4,000 GP",GSB,-,"Powergem Pommel is a rare magical stone or focus that stores, reveals, enhances, or releases a powerful supernatural effect."
Prism Lantern,Wondrous Item,No,"4,000 GP",GSB,-,"Prism Lantern is a rare magical wondrous item with a significant utility, defensive, movement, control, or combat-related supernatural property."
Prismatic Mirror,Armor,Yes,"B+4,000 GP",GSB,-,"Prismatic Mirror is a rare enchanted defensive item that grants improved protection and an additional magical defensive, reactive, movement, or environmental effect tied to its theme."
Prized Pet Protector (Rare),Wondrous Item,No,"4,000 GP",GSB,-,"Prized Pet Protector is a rare magical wondrous item with a significant utility, defensive, movement, control, or combat-related supernatural property."
Problem Solver,Weapon,No,"B+4,000 GP",GSB,Fire,"Problem Solver is a rare magical weapon with a stronger-than-normal combat property, such as extra damage, a special attack, a condition, or a limited activated ability."
Protector's Armor,Armor,Yes,"B+4,000 GP",GSB,-,"Protector's Armor is a rare enchanted defensive item that grants improved protection and an additional magical defensive, reactive, movement, or environmental effect tied to its theme."
Prototype Thunderberd,Weapon,Yes,"B+4,000 GP",GSB,Thunder,"Prototype Thunderberd is a rare magical weapon with a stronger-than-normal combat property, such as extra damage, a special attack, a condition, or a limited activated ability."
Psychic Lock,Wondrous Item,No,"4,000 GP",GSB,Psychic,"Psychic Lock is a rare magical wondrous item with a significant utility, defensive, movement, control, or combat-related supernatural property."
Psychic Quiver,Wondrous Item,Yes-Int 13,"4,000 GP",GSB,Psychic,"Psychic Quiver is a rare magical wondrous item with a significant utility, defensive, movement, control, or combat-related supernatural property."
Purse Piglet,Wondrous Item,No,"4,000 GP",GSB,-,"Purse Piglet is a rare magical wondrous item with a significant utility, defensive, movement, control, or combat-related supernatural property."
Quaal's Feather Token (Rare),Wondrous Item,-,Varies,DMG,-,"Quaal's Feather Token is a rare magical wondrous item with a significant utility, defensive, movement, control, or combat-related supernatural property."
Quake Hammer,Weapon,Yes,"B+4,000 GP",GSB,Weapon's normal damage,"Quake Hammer is a rare magical weapon with a stronger-than-normal combat property, such as extra damage, a special attack, a condition, or a limited activated ability."
Quantumfly Buckler,Armor,Yes,"B+4,000 GP",GSB,-,"Quantumfly Buckler is a rare enchanted defensive item that grants improved protection and an additional magical defensive, reactive, movement, or environmental effect tied to its theme."
Quarterstaff of the Elk,Weapon,Yes,"B+4,000 GP",GSB,Weapon's normal damage,"Quarterstaff of the Elk is a rare magical weapon with a stronger-than-normal combat property, such as extra damage, a special attack, a condition, or a limited activated ability."
Quick Change Ring,Ring,No,"4,000 GP",GSB,-,Quick Change Ring is a rare magical ring that grants its wearer a substantial passive benefit or a limited-use supernatural ability.
Quickdraw,Weapon,No,"B+4,000 GP",GSB,Weapon's normal damage,"Quickdraw is a rare magical weapon with a stronger-than-normal combat property, such as extra damage, a special attack, a condition, or a limited activated ability."
Quiver of Lightning,Wondrous Item,Yes,"4,000 GP",GSB,Lightning,"Quiver of Lightning is a rare magical wondrous item with a significant utility, defensive, movement, control, or combat-related supernatural property."
Quiver of Seasons,Wondrous Item,No,"4,000 GP",GSB,-,"Quiver of Seasons is a rare magical wondrous item with a significant utility, defensive, movement, control, or combat-related supernatural property."
Radiant Defender,Weapon,Yes,"B+4,000 GP",GSB,Radiant,"Radiant Defender is a rare magical weapon with a stronger-than-normal combat property, such as extra damage, a special attack, a condition, or a limited activated ability."
Rapier of the Black,Weapon,No,"B+4,000 GP",GSB,Weapon's normal damage,"Rapier of the Black is a rare magical weapon with a stronger-than-normal combat property, such as extra damage, a special attack, a condition, or a limited activated ability."
Raven's Feather,Weapon,Yes,"B+4,000 GP",GSB,Weapon's normal damage,"Raven's Feather is a rare magical weapon with a stronger-than-normal combat property, such as extra damage, a special attack, a condition, or a limited activated ability."
Reap and Sew,Weapon,Yes,"B+4,000 GP",GSB,Weapon's normal damage,"Reap and Sew is a rare magical weapon with a stronger-than-normal combat property, such as extra damage, a special attack, a condition, or a limited activated ability."
Redeemer's Regards,Weapon,Yes-Paladin,"B+4,000 GP",GSB,Weapon's normal damage,"Redeemer's Regards is a rare magical weapon with a stronger-than-normal combat property, such as extra damage, a special attack, a condition, or a limited activated ability."
Redsmith Bracers,Wondrous Item,Yes,"4,000 GP",GSB,-,"Redsmith Bracers is a rare magical wondrous item with a significant utility, defensive, movement, control, or combat-related supernatural property."
Rejuvenating Draft (Rare),Potion,No,"2,000 GP",GSB,-,"Rejuvenating Draft is a rare consumable magical preparation that produces a powerful temporary restorative, transformative, protective, or supernatural effect when used."
Relentless Stinger,Weapon,No,"B+4,000 GP",GSB,Weapon's normal damage,"Relentless Stinger is a rare magical weapon with a stronger-than-normal combat property, such as extra damage, a special attack, a condition, or a limited activated ability."
Reliquary of Holy Memories (Rare),Rod,"Yes-Cleric, Paladin","4,000 GP",GSB,Radiant,"Reliquary of Holy Memories is a rare magical rod with a powerful activated utility, control, defensive, or combat effect."
Resistance Breaker,Weapon,,"B+4,000 GP",EB,Weapon's normal damage,"Resistance Breaker is a rare magical weapon with a stronger-than-normal combat property, such as extra damage, a special attack, a condition, or a limited activated ability."
Retaliating Bloom Shield,Armor,No,"B+4,000 GP",GSB,-,"Retaliating Bloom Shield is a rare enchanted defensive item that grants improved protection and an additional magical defensive, reactive, movement, or environmental effect tied to its theme."
Rifle of Gusts,Weapon,Yes,"B+4,000 GP",GSB,Weapon's normal damage,"Rifle of Gusts is a rare magical weapon with a stronger-than-normal combat property, such as extra damage, a special attack, a condition, or a limited activated ability."
Rift Sheath,Weapon,Yes,"B+4,000 GP",GSB,Weapon's normal damage,"Rift Sheath is a rare magical weapon with a stronger-than-normal combat property, such as extra damage, a special attack, a condition, or a limited activated ability."
Rime of the Justicar,Weapon,Yes,"B+4,000 GP",GSB,Weapon's normal damage,"Rime of the Justicar is a rare magical weapon with a stronger-than-normal combat property, such as extra damage, a special attack, a condition, or a limited activated ability."
Rimewhisp Bandolier,Wondrous Item,No,"4,000 GP",GSB,-,"Rimewhisp Bandolier is a rare magical wondrous item with a significant utility, defensive, movement, control, or combat-related supernatural property."
Ring of Anchoring,Ring,Yes,"4,000 GP",GSB,-,Ring of Anchoring is a rare magical ring that grants its wearer a substantial passive benefit or a limited-use supernatural ability.
Ring of Animal Influence,Ring,-,"4,000 GP",DMG,Varies,"This ring contains charges that can cast animal friendship, fear against certain beasts, and speak with animals. Expended charges return each day."
Ring of Changing Shapes,Ring,Yes-Sorcerer,"4,000 GP",GSB,-,Ring of Changing Shapes is a rare magical ring that grants its wearer a substantial passive benefit or a limited-use supernatural ability.
Ring of Eldritch Ire,Ring,Yes-Warlock,"4,000 GP",GSB,-,Ring of Eldritch Ire is a rare magical ring that grants its wearer a substantial passive benefit or a limited-use supernatural ability.
Ring of Evasion,Ring,Attunement,"4,000 GP",DMG,-,This ring has charges that can turn a failed Dexterity saving throw into a success.
Ring of Feather Falling,Ring,Attunement,"4,000 GP",DMG,-,"While wearing this ring, the wearer automatically falls slowly whenever falling, as though under feather fall."
Ring of Free Action,Ring,Attunement,"4,000 GP",DMG,-,"While wearing this ring, difficult terrain does not cost extra movement and magic cannot easily reduce your speed or paralyze or restrain you."
Ring of Honor,Ring,No,"4,000 GP",GSB,-,Ring of Honor is a rare magical ring that grants its wearer a substantial passive benefit or a limited-use supernatural ability.
Ring of Misdirection,Ring,No,"4,000 GP",GSB,-,Ring of Misdirection is a rare magical ring that grants its wearer a substantial passive benefit or a limited-use supernatural ability.
Ring of Perpetual Motion,Ring,No,"4,000 GP",GSB,-,Ring of Perpetual Motion is a rare magical ring that grants its wearer a substantial passive benefit or a limited-use supernatural ability.
Ring of Protection,Ring,Attunement,"4,000 GP",DMG,-,"While wearing this ring, you gain a +1 bonus to AC and saving throws."
Ring of Resistance,Ring,-,"4,000 GP",DMG,-,"While wearing this ring, you have resistance to one damage type determined by the ring."
Ring of Retribution,Ring,"Yes-Cleric, Paladin","4,000 GP",GSB,-,Ring of Retribution is a rare magical ring that grants its wearer a substantial passive benefit or a limited-use supernatural ability.
Ring of Sharks,Ring,Yes,"4,000 GP",GSB,-,Ring of Sharks is a rare magical ring that grants its wearer a substantial passive benefit or a limited-use supernatural ability.
Ring of Solar's Sight,Ring,Yes,"4,000 GP",GSB,-,Ring of Solar's Sight is a rare magical ring that grants its wearer a substantial passive benefit or a limited-use supernatural ability.
Ring of Spell Storing,Ring,Attunement,"4,000 GP",DMG,Varies,This ring can store up to 5 levels of spells cast into it. The wearer can later cast the stored spells using the original caster's spellcasting statistics; each spell disappears from the ring when cast.
Ring of the Arcane Berserker,Ring,Yes-Barbarian,"4,000 GP",GSB,-,Ring of the Arcane Berserker is a rare magical ring that grants its wearer a substantial passive benefit or a limited-use supernatural ability.
Ring of the Koi,Ring,No,"4,000 GP",GSB,-,Ring of the Koi is a rare magical ring that grants its wearer a substantial passive benefit or a limited-use supernatural ability.
Ring of the Ram,Ring,Attunement,"4,000 GP",DMG,Force,"This ring has charges that release a spectral ram's head. It can make a force attack against a creature or attempt to break an object, with greater effects when more charges are spent."
Ring of the Ring,Ring,Yes,"4,000 GP",GSB,-,Ring of the Ring is a rare magical ring that grants its wearer a substantial passive benefit or a limited-use supernatural ability.
Ring of Twisted Blooms,Ring,Yes,"4,000 GP",GSB,-,Ring of Twisted Blooms is a rare magical ring that grants its wearer a substantial passive benefit or a limited-use supernatural ability.
Ring of Vitality,Ring,Yes,"4,000 GP",GSB,-,Ring of Vitality is a rare magical ring that grants its wearer a substantial passive benefit or a limited-use supernatural ability.
Ring of X-ray Vision,Ring,Attunement,"4,000 GP",DMG,-,The wearer can use an action to see through solid matter within a limited range for 1 minute. Repeated use before resting can cause exhaustion.
Rings of Fire,Ring,No,"4,000 GP",GSB,Fire,Rings of Fire is a rare magical ring that grants its wearer a substantial passive benefit or a limited-use supernatural ability.
Rings of Stone,Ring,No,"4,000 GP",GSB,-,Rings of Stone is a rare magical ring that grants its wearer a substantial passive benefit or a limited-use supernatural ability.
Rings of the True Companions,Ring,Yes,"4,000 GP",GSB,-,Rings of the True Companions is a rare magical ring that grants its wearer a substantial passive benefit or a limited-use supernatural ability.
Riptide Crossbow,Weapon,Yes,"B+4,000 GP",GSB,Weapon's normal damage,"Riptide Crossbow is a rare magical weapon with a stronger-than-normal combat property, such as extra damage, a special attack, a condition, or a limited activated ability."
Rng of Salt,Ring,No,"4,000 GP",GSB,-,Rng of Salt is a rare magical ring that grants its wearer a substantial passive benefit or a limited-use supernatural ability.
Robe of Cunning,Wondrous Item,Yes,"4,000 GP",GSB,-,"Robe of Cunning is a rare magical garment that grants a strong protective, concealment, movement, sensory, or transformation effect while worn."
Robe of Eyes,Wondrous Item,Attunement,"4,000 GP",DMG,-,"This robe greatly expands your vision, including all-around sight and the ability to see invisible or ethereal creatures."
Robe of the Sunless,Wondrous Item,Yes,"4,000 GP",GSB,-,"Robe of the Sunless is a rare magical garment that grants a strong protective, concealment, movement, sensory, or transformation effect while worn."
Rocborne Rod,Rod,Yes,"4,000 GP",GSB,-,"Rocborne Rod is a rare magical rod with a powerful activated utility, control, defensive, or combat effect."
Rod of Refstrophobia,Rod,No,"4,000 GP",GSB,-,"Rod of Refstrophobia is a rare magical rod with a powerful activated utility, control, defensive, or combat effect."
Rod of Reverberation,Rod,Yes,"4,000 GP",GSB,-,"Rod of Reverberation is a rare magical rod with a powerful activated utility, control, defensive, or combat effect."
Rod of Rulership,Rod,Attunement,"4,000 GP",DMG,-,"This rod can charm creatures in a large area, causing them to regard you as their trusted leader for a limited time."
Rod of Storms,Rod,Yes-Spellcaster,"4,000 GP",GSB,-,"Rod of Storms is a rare magical rod with a powerful activated utility, control, defensive, or combat effect."
Rod of the Magicycle,Rod,No,"4,000 GP",GSB,-,"Rod of the Magicycle is a rare magical rod with a powerful activated utility, control, defensive, or combat effect."
Rod of the Pact Keeper (Rare),Rod,Attunement,Varies,DMG,-,"While holding this rod, a warlock gains a bonus to spell attack rolls and spell save DC based on the rod's rarity. Once per long rest, the warlock can also regain one expended warlock spell slot."
Rod of Water Absorption,Rod,No,"4,000 GP",GSB,-,"Rod of Water Absorption is a rare magical rod with a powerful activated utility, control, defensive, or combat effect."
Rod of WIld Dominion,Rod,-,"4,000 GP",EB,-,"Rod of WIld Dominion is a rare magical rod with a powerful activated utility, control, defensive, or combat effect."
Rope of Entanglement,Wondrous Item,-,"4,000 GP",DMG,-,"As an action, command this rope to lash out at a nearby creature. On a failed Dexterity save, the target is restrained until it escapes or the rope is commanded to release it."
Royal Engineers Greatcoat,Wondrous Item,No,"4,000 GP",GSB,-,"Royal Engineers Greatcoat is a rare magical wondrous item with a significant utility, defensive, movement, control, or combat-related supernatural property."
Runic Ammunition,Weapon,No,"B+4,000 GP",GSB,Weapon's normal damage,"Runic Ammunition is a rare magical weapon with a stronger-than-normal combat property, such as extra damage, a special attack, a condition, or a limited activated ability."
Salamander Flame Gauntlets,Wondrous Item,Yes,"4,000 GP",GSB,Fire,"Salamander Flame Gauntlets is a rare magical wondrous item with a significant utility, defensive, movement, control, or combat-related supernatural property."
Sandstorm Dancer,Wondrous Item,Yes,"4,000 GP",GSB,-,"Sandstorm Dancer is a rare magical wondrous item with a significant utility, defensive, movement, control, or combat-related supernatural property."
Sash of Sorcerous Synergy,Wondrous Item,Yes-Sorcerer,"4,000 GP",GSB,-,"Sash of Sorcerous Synergy is a rare magical wondrous item with a significant utility, defensive, movement, control, or combat-related supernatural property."
Scapular of the Ankylosaur,Wondrous Item,No,"4,000 GP",GSB,-,"Scapular of the Ankylosaur is a rare magical wondrous item with a significant utility, defensive, movement, control, or combat-related supernatural property."
Scapular of the Ankylosaur,Wondrous Item,No,"4,000 GP",GSB,-,"Scapular of the Ankylosaur is a rare magical wondrous item with a significant utility, defensive, movement, control, or combat-related supernatural property."
Scarf of Snow's Sanctum,Wondrous Item,Yes,"4,000 GP",GSB,Cold,"Scarf of Snow's Sanctum is a rare magical wondrous item with a significant utility, defensive, movement, control, or combat-related supernatural property."
Scarlet Scourge,Weapon,Yes,"B+4,000 GP",GSB,Weapon's normal damage,"Scarlet Scourge is a rare magical weapon with a stronger-than-normal combat property, such as extra damage, a special attack, a condition, or a limited activated ability."
Scholars Cap (Rare),Wondrous Item,Yes,"4,000 GP",GSB,-,"Scholars Cap is a rare magical wondrous item with a significant utility, defensive, movement, control, or combat-related supernatural property."
Scimitar of Flames,Weapon,No,"B+4,000 GP",GSB,Fire,"Scimitar of Flames is a rare magical weapon with a stronger-than-normal combat property, such as extra damage, a special attack, a condition, or a limited activated ability."
Scimitar of the Swarm,Weapon,Yes,"B+4,000 GP",GSB,Weapon's normal damage,"Scimitar of the Swarm is a rare magical weapon with a stronger-than-normal combat property, such as extra damage, a special attack, a condition, or a limited activated ability."
Scorned Heart Breastplate,Armor,Yes,"B+4,000 GP",GSB,-,"Scorned Heart Breastplate is a rare enchanted defensive item that grants improved protection and an additional magical defensive, reactive, movement, or environmental effect tied to its theme."
Screaming Longbow,Weapon,Yes,"B+4,000 GP",GSB,Weapon's normal damage,"Screaming Longbow is a rare magical weapon with a stronger-than-normal combat property, such as extra damage, a special attack, a condition, or a limited activated ability."
Scroll of Comedic Endings,Scroll,No,"2,000 GP",GSB,-,Scroll of Comedic Endings is a rare magical scroll or written item that releases a potent spell-like effect when properly used.
Scroll of Mass Sending,Scroll,No,"2,000 GP",GSB,-,Scroll of Mass Sending is a rare magical scroll or written item that releases a potent spell-like effect when properly used.
Scroll of Mastery,Scroll,No,"2,000 GP",GSB,-,Scroll of Mastery is a rare magical scroll or written item that releases a potent spell-like effect when properly used.
Scroll of Mastery,Scroll,No,"2,000 GP",GSB,-,Scroll of Mastery is a rare magical scroll or written item that releases a potent spell-like effect when properly used.
Scroll of Monetery Omniscience,Scroll,No,"2,000 GP",GSB,-,Scroll of Monetery Omniscience is a rare magical scroll or written item that releases a potent spell-like effect when properly used.
Scroll of Necrosis,Scroll,No,"2,000 GP",GSB,-,Scroll of Necrosis is a rare magical scroll or written item that releases a potent spell-like effect when properly used.
Scroll of Nightmares,Scroll,No,"2,000 GP",GSB,-,Scroll of Nightmares is a rare magical scroll or written item that releases a potent spell-like effect when properly used.
Scroll of Paywall,Scroll,No,"2,000 GP",GSB,-,Scroll of Paywall is a rare magical scroll or written item that releases a potent spell-like effect when properly used.
Scroll of Protection,Scroll,-,"2,000 GP",DMG,-,Scroll of Protection is a rare magical scroll or written item that releases a potent spell-like effect when properly used.
Scroll of the Jester,Scroll,No,"2,000 GP",GSB,-,Scroll of the Jester is a rare magical scroll or written item that releases a potent spell-like effect when properly used.
Scroll of the Skyfallen,Scroll,No,"2,000 GP",GSB,-,Scroll of the Skyfallen is a rare magical scroll or written item that releases a potent spell-like effect when properly used.
Seadevil's Fang,Weapon,No,"B+4,000 GP",GSB,Weapon's normal damage,"Seadevil's Fang is a rare magical weapon with a stronger-than-normal combat property, such as extra damage, a special attack, a condition, or a limited activated ability."
Sending Slates,Wondrous Item,No,"4,000 GP",GSB,-,"Sending Slates is a rare magical wondrous item with a significant utility, defensive, movement, control, or combat-related supernatural property."
Seraphim's Stiletto,Weapon,Yes-Good Aligned,"B+4,000 GP",GSB,Weapon's normal damage,"Seraphim's Stiletto is a rare magical weapon with a stronger-than-normal combat property, such as extra damage, a special attack, a condition, or a limited activated ability."
Serpent Rifle,Weapon,No,"B+4,000 GP",GSB,Weapon's normal damage,"Serpent Rifle is a rare magical weapon with a stronger-than-normal combat property, such as extra damage, a special attack, a condition, or a limited activated ability."
Serpentine Bolas,Weapon,No,"B+4,000 GP",GSB,Weapon's normal damage,"Serpentine Bolas is a rare magical weapon with a stronger-than-normal combat property, such as extra damage, a special attack, a condition, or a limited activated ability."
Set of Secret Scribe Candles,Wondrous Item,No,"4,000 GP",GSB,-,"Set of Secret Scribe Candles is a rare magical wondrous item with a significant utility, defensive, movement, control, or combat-related supernatural property."
Sewer Token,Wondrous Item,No,"4,000 GP",GSB,-,"Sewer Token is a rare magical wondrous item with a significant utility, defensive, movement, control, or combat-related supernatural property."
Shadow Sibling,Wondrous Item,Attunement,"4,000 GP",EB,Necrotic,"Shadow Sibling is a rare magical wondrous item with a significant utility, defensive, movement, control, or combat-related supernatural property."
Shadow Tag,Wondrous Item,No,"4,000 GP",GSB,Necrotic,"Shadow Tag is a rare magical wondrous item with a significant utility, defensive, movement, control, or combat-related supernatural property."
Shadowfletched Arrow,Weapon,No,"B+4,000 GP",GSB,Necrotic,"Shadowfletched Arrow is a rare magical weapon with a stronger-than-normal combat property, such as extra damage, a special attack, a condition, or a limited activated ability."
Shadowshawl,Wondrous Item,No,"4,000 GP",GSB,Necrotic,"Shadowshawl is a rare magical wondrous item with a significant utility, defensive, movement, control, or combat-related supernatural property."
Shadowsmoke Dragon Pipe,Wondrous Item,No,"4,000 GP",GSB,Necrotic,"Shadowsmoke Dragon Pipe is a rare magical wondrous item with a significant utility, defensive, movement, control, or combat-related supernatural property."
Shambling Cloak of the Marshwarden,Wondrous Item,Yes,"4,000 GP",GSB,-,"Shambling Cloak of the Marshwarden is a rare magical garment that grants a strong protective, concealment, movement, sensory, or transformation effect while worn."
Shamisen of the Changing Winds,Wondrous Item,Yes-Bard,"4,000 GP",GSB,-,"Shamisen of the Changing Winds is a rare magical wondrous item with a significant utility, defensive, movement, control, or combat-related supernatural property."
Shared Burden,Wondrous Item,Yes-Warlock,"4,000 GP",GSB,-,"Shared Burden is a rare magical wondrous item with a significant utility, defensive, movement, control, or combat-related supernatural property."
Sharkrazor Mantle,Wondrous Item,Yes,"4,000 GP",GSB,-,"Sharkrazor Mantle is a rare magical garment that grants a strong protective, concealment, movement, sensory, or transformation effect while worn."
Sharp Tongue,Weapon,Yes-Bard,"B+4,000 GP",GSB,Weapon's normal damage,"Sharp Tongue is a rare magical weapon with a stronger-than-normal combat property, such as extra damage, a special attack, a condition, or a limited activated ability."
Sheer Cold,Weapon,No,"B+4,000 GP",GSB,Cold,"Sheer Cold is a rare magical weapon with a stronger-than-normal combat property, such as extra damage, a special attack, a condition, or a limited activated ability."
Shellback Carriage,Wondrous Item,No,"4,000 GP",GSB,-,"Shellback Carriage is a rare magical wondrous item with a significant utility, defensive, movement, control, or combat-related supernatural property."
Shellguard Armor,Armor,Yes,"B+4,000 GP",GSB,-,"Shellguard Armor is a rare enchanted defensive item that grants improved protection and an additional magical defensive, reactive, movement, or environmental effect tied to its theme."
Shield (Rare),Armor,-,Varies,DMG,-,This magic shield grants an additional bonus to Armor Class beyond the shield's normal +2 bonus. The size of the magical bonus depends on the item's version.
Shield of Missile Attraction,Armor,Attunement,"B+4,000 GP",DMG,-,"While holding this cursed shield, the wielder has resistance to damage from ranged weapon attacks, but ranged weapon attacks against nearby creatures are magically redirected to the wielder."
Shield of the Justicars,Armor,No,"B+4,000 GP",GSB,-,"Shield of the Justicars is a rare enchanted defensive item that grants improved protection and an additional magical defensive, reactive, movement, or environmental effect tied to its theme."
Shipwrecker,Weapon,Yes,"B+4,000 GP",GSB,Weapon's normal damage,"Shipwrecker is a rare magical weapon with a stronger-than-normal combat property, such as extra damage, a special attack, a condition, or a limited activated ability."
Shrieking Chalk,Wondrous Item,No,"4,000 GP",GSB,-,"Shrieking Chalk is a rare magical wondrous item with a significant utility, defensive, movement, control, or combat-related supernatural property."
Shroud of the Unburied,Wondrous Item,No,"4,000 GP",GSB,-,"Shroud of the Unburied is a rare magical wondrous item with a significant utility, defensive, movement, control, or combat-related supernatural property."
Shrouded Boots,Wondrous Item,Yes,"4,000 GP",GSB,-,Shrouded Boots is rare magical footwear that significantly improves movement or grants a supernatural travel ability.
Sickle of Cunning,Weapon,No,"B+4,000 GP",GSB,Weapon's normal damage,"Sickle of Cunning is a rare magical weapon with a stronger-than-normal combat property, such as extra damage, a special attack, a condition, or a limited activated ability."
Sickle of the Golden Ibis,Weapon,Yes,"B+4,000 GP",GSB,Weapon's normal damage,"Sickle of the Golden Ibis is a rare magical weapon with a stronger-than-normal combat property, such as extra damage, a special attack, a condition, or a limited activated ability."
Sickle of the Sphinx,Weapon,Yes-Int 13,"B+4,000 GP",GSB,Weapon's normal damage,"Sickle of the Sphinx is a rare magical weapon with a stronger-than-normal combat property, such as extra damage, a special attack, a condition, or a limited activated ability."
Siege Staff,Staff,"Yes-Bard, Cleric, Druid, Sorcerer, Warlock, Wizard","4,000 GP",GSB,-,Siege Staff is a rare magical staff that serves as a weapon or focus and carries one or more significant magical abilities.
Signet Rings BDS,Ring,No,"4,000 GP",GSB,-,Signet Rings BDS is a rare magical ring that grants its wearer a substantial passive benefit or a limited-use supernatural ability.
Silent Weapon,Weapon,-,"B+4,000 GP",EB,Weapon's normal damage,"Silent Weapon is a rare magical weapon with a stronger-than-normal combat property, such as extra damage, a special attack, a condition, or a limited activated ability."
Silver Dragon Katana,Weapon,No,"B+4,000 GP",GSB,Weapon's normal damage,"Silver Dragon Katana is a rare magical weapon with a stronger-than-normal combat property, such as extra damage, a special attack, a condition, or a limited activated ability."
Silver Lily,Weapon,Yes,"B+4,000 GP",GSB,Weapon's normal damage,"Silver Lily is a rare magical weapon with a stronger-than-normal combat property, such as extra damage, a special attack, a condition, or a limited activated ability."
Silver Tongue,Weapon,Yes,"B+4,000 GP",GSB,Weapon's normal damage,"Silver Tongue is a rare magical weapon with a stronger-than-normal combat property, such as extra damage, a special attack, a condition, or a limited activated ability."
Silvercloud Bomb,Wondrous Item,No,"4,000 GP",GSB,-,"Silvercloud Bomb is a rare magical wondrous item with a significant utility, defensive, movement, control, or combat-related supernatural property."
Skelekey,Wondrous Item,No,"4,000 GP",GSB,-,"Skelekey is a rare magical wondrous item with a significant utility, defensive, movement, control, or combat-related supernatural property."
Skeletal Armor,Armor,No,"B+4,000 GP",GSB,-,"Skeletal Armor is a rare enchanted defensive item that grants improved protection and an additional magical defensive, reactive, movement, or environmental effect tied to its theme."
Skirmisher's Bow,Weapon,No,"B+4,000 GP",GSB,Weapon's normal damage,"Skirmisher's Bow is a rare magical weapon with a stronger-than-normal combat property, such as extra damage, a special attack, a condition, or a limited activated ability."
Skulldugger's Spade,Wondrous Item,No,"4,000 GP",GSB,-,"Skulldugger's Spade is a rare magical wondrous item with a significant utility, defensive, movement, control, or combat-related supernatural property."
Sky Anchor,Weapon,No,"B+4,000 GP",GSB,Weapon's normal damage,"Sky Anchor is a rare magical weapon with a stronger-than-normal combat property, such as extra damage, a special attack, a condition, or a limited activated ability."
Skyglider Shield,Armor,Yes,"B+4,000 GP",GSB,-,"Skyglider Shield is a rare enchanted defensive item that grants improved protection and an additional magical defensive, reactive, movement, or environmental effect tied to its theme."
Sling of the Tiny Giant,Weapon,No,"B+4,000 GP",GSB,Weapon's normal damage,"Sling of the Tiny Giant is a rare magical weapon with a stronger-than-normal combat property, such as extra damage, a special attack, a condition, or a limited activated ability."
Smiter's Signet,Ring,Yes-Paladin,"4,000 GP",GSB,-,Smiter's Signet is a rare magical ring that grants its wearer a substantial passive benefit or a limited-use supernatural ability.
Snail Hennin,Wondrous Item,Yes-Spellcaster,"4,000 GP",GSB,-,"Snail Hennin is a rare magical wondrous item with a significant utility, defensive, movement, control, or combat-related supernatural property."
Snake Oil (Rare),Potion,No,"2,000 GP",GSB,-,"Snake Oil is a rare consumable magical preparation that produces a powerful temporary restorative, transformative, protective, or supernatural effect when used."
Snaketongue Suckers,Wondrous Item,No,"4,000 GP",GSB,-,"Snaketongue Suckers is a rare magical wondrous item with a significant utility, defensive, movement, control, or combat-related supernatural property."
Snowstar Scarf,Wondrous Item,Yes,"4,000 GP",GSB,Cold,"Snowstar Scarf is a rare magical wondrous item with a significant utility, defensive, movement, control, or combat-related supernatural property."
Snowstorm Blowgun,Weapon,No,"B+4,000 GP",GSB,Cold,"Snowstorm Blowgun is a rare magical weapon with a stronger-than-normal combat property, such as extra damage, a special attack, a condition, or a limited activated ability."
Solacesteel Mitigator,Weapon,Yes,"B+4,000 GP",GSB,Weapon's normal damage,"Solacesteel Mitigator is a rare magical weapon with a stronger-than-normal combat property, such as extra damage, a special attack, a condition, or a limited activated ability."
Solacesteel Requiem,Weapon,Yes,"B+4,000 GP",GSB,Weapon's normal damage,"Solacesteel Requiem is a rare magical weapon with a stronger-than-normal combat property, such as extra damage, a special attack, a condition, or a limited activated ability."
Solaris Orchid,Wondrous Item,No,"4,000 GP",GSB,-,"Solaris Orchid is a rare magical wondrous item with a significant utility, defensive, movement, control, or combat-related supernatural property."
Sonar Arrow,Weapon,No,"B+4,000 GP",GSB,Weapon's normal damage,"Sonar Arrow is a rare magical weapon with a stronger-than-normal combat property, such as extra damage, a special attack, a condition, or a limited activated ability."
Soul Pendant,Wondrous Item,Yes,"4,000 GP",GSB,-,"Soul Pendant is a rare neck-worn magic item that grants a substantial protective, restorative, sensory, or spell-like benefit."
Sovereignseed Satchel,Wondrous Item,No,"4,000 GP",GSB,-,"Sovereignseed Satchel is a rare magical storage or utility item with extradimensional, conjuration, retrieval, or transformation properties."
Spell Scroll (Rare),Scroll,-,Varies,DMG,Varies,"This scroll contains a single spell. A creature with that spell on its class spell list can attempt to cast it from the scroll, using the scroll's fixed spell attack bonus and save DC; the writing disappears after a successful casting."
Spellblade's Scabbard,Wondrous Item,Yes,"4,000 GP",GSB,Weapon's normal damage,"Spellblade's Scabbard is a rare magical weapon with a stronger-than-normal combat property, such as extra damage, a special attack, a condition, or a limited activated ability."
Spelldrinker Aegis,Armor,No,"B+4,000 GP",GSB,-,"Spelldrinker Aegis is a rare enchanted defensive item that grants improved protection and an additional magical defensive, reactive, movement, or environmental effect tied to its theme."
Spellsword,Weapon,No,"B+4,000 GP",GSB,Weapon's normal damage,"Spellsword is a rare magical weapon with a stronger-than-normal combat property, such as extra damage, a special attack, a condition, or a limited activated ability."
Spellwriter's Brace,Wondrous Item,Yes-Wizard,"4,000 GP",GSB,-,"Spellwriter's Brace is a rare magical wondrous item with a significant utility, defensive, movement, control, or combat-related supernatural property."
Spiderbite Daggers,Weapon,No,"B+4,000 GP",GSB,Weapon's normal damage,"Spiderbite Daggers is a rare magical weapon with a stronger-than-normal combat property, such as extra damage, a special attack, a condition, or a limited activated ability."
Spiker and Striker,Weapon,Yes,"B+4,000 GP",GSB,Weapon's normal damage,"Spiker and Striker is a rare magical weapon with a stronger-than-normal combat property, such as extra damage, a special attack, a condition, or a limited activated ability."
Spirit Pike,Weapon,Yes-Cleric,"B+4,000 GP",GSB,Weapon's normal damage,"Spirit Pike is a rare magical weapon with a stronger-than-normal combat property, such as extra damage, a special attack, a condition, or a limited activated ability."
Spirit Sheath,Weapon,Yes-Wis 13,"B+4,000 GP",GSB,Weapon's normal damage,"Spirit Sheath is a rare magical weapon with a stronger-than-normal combat property, such as extra damage, a special attack, a condition, or a limited activated ability."
Spiritwalker Breastplate,Armor,Yes,"B+4,000 GP",GSB,-,"Spiritwalker Breastplate is a rare enchanted defensive item that grants improved protection and an additional magical defensive, reactive, movement, or environmental effect tied to its theme."
Spitfire,Weapon,Yes,"B+4,000 GP",GSB,Fire,"Spitfire is a rare magical weapon with a stronger-than-normal combat property, such as extra damage, a special attack, a condition, or a limited activated ability."
Splinterguard,Armor,"Yes-Druid, Ranger","B+4,000 GP",GSB,-,"Splinterguard is a rare enchanted defensive item that grants improved protection and an additional magical defensive, reactive, movement, or environmental effect tied to its theme."
Splintering Spear,Weapon,Yes,"B+4,000 GP",GSB,Weapon's normal damage,"Splintering Spear is a rare magical weapon with a stronger-than-normal combat property, such as extra damage, a special attack, a condition, or a limited activated ability."
Splintering Spear,Weapon,Yes,"B+4,000 GP",GSB,Weapon's normal damage,"Splintering Spear is a rare magical weapon with a stronger-than-normal combat property, such as extra damage, a special attack, a condition, or a limited activated ability."
Splintershot,Weapon,No,"B+4,000 GP",GSB,Weapon's normal damage,"Splintershot is a rare magical weapon with a stronger-than-normal combat property, such as extra damage, a special attack, a condition, or a limited activated ability."
Sream's Stoppered Oasis,Potion,No,"2,000 GP",GSB,-,"Sream's Stoppered Oasis is a rare consumable magical preparation that produces a powerful temporary restorative, transformative, protective, or supernatural effect when used."
Staff of Charming,Staff,Attunement,"4,000 GP",DMG,-,This staff has charges that fuel enchantment magic and can also help protect you from enchantment effects.
Staff of Healing,Staff,Attunement,"4,000 GP",DMG,-,This staff has charges that can cast several restorative spells.
Staff of Swarming Insects,Staff,Attunement,"4,000 GP",DMG,-,This staff can create a cloud of harmless insects around you or summon a larger insect swarm that obscures an area.
Staff of the Magpie,Staff,Yes-Spellcaster,"4,000 GP",GSB,-,Staff of the Magpie is a rare magical staff that serves as a weapon or focus and carries one or more significant magical abilities.
Staff of the Mirage,Staff,Yes-Wizard,"4,000 GP",GSB,-,Staff of the Mirage is a rare magical staff that serves as a weapon or focus and carries one or more significant magical abilities.
Staff of the Mustang,Staff,Yes,"4,000 GP",GSB,-,Staff of the Mustang is a rare magical staff that serves as a weapon or focus and carries one or more significant magical abilities.
Staff of the Reverent Warrior,Staff,Yes-Spellcaster,"4,000 GP",GSB,-,Staff of the Reverent Warrior is a rare magical staff that serves as a weapon or focus and carries one or more significant magical abilities.
Staff of the Woodlands,Staff,Attunement,"4,000 GP",DMG,Weapon's normal damage / varies,This +2 quarterstaff grants a druid spellcasting benefits and contains charges for several nature spells. It can also transform into a healthy tree and later return to staff form.
Staff of Withering,Staff,Attunement,"4,000 GP",DMG,Weapon's normal damage + necrotic,"This staff is a magic quarterstaff with charges. On a hit, the wielder can expend a charge to deal extra necrotic damage and force a Constitution save that can impose disadvantage on Strength- and Constitution-based checks and saves for a time."
Stalagmight Geode,Weapon,No,"B+4,000 GP",GSB,Weapon's normal damage,"Stalagmight Geode is a rare magical weapon with a stronger-than-normal combat property, such as extra damage, a special attack, a condition, or a limited activated ability."
Starmetal Blaster,Weapon,No,"B+4,000 GP",GSB,Weapon's normal damage,"Starmetal Blaster is a rare magical weapon with a stronger-than-normal combat property, such as extra damage, a special attack, a condition, or a limited activated ability."
Starmetal Blowgun,Weapon,Yes,"B+4,000 GP",GSB,Weapon's normal damage,"Starmetal Blowgun is a rare magical weapon with a stronger-than-normal combat property, such as extra damage, a special attack, a condition, or a limited activated ability."
Starmetal Circlet,Wondrous Item,Yes,"4,000 GP",GSB,-,"Starmetal Circlet is a rare magical wondrous item with a significant utility, defensive, movement, control, or combat-related supernatural property."
Starmetal Ring,Ring,No,"4,000 GP",GSB,-,Starmetal Ring is a rare magical ring that grants its wearer a substantial passive benefit or a limited-use supernatural ability.
Starmetal Shard Spear,Weapon,Yes,"B+4,000 GP",GSB,Weapon's normal damage,"Starmetal Shard Spear is a rare magical weapon with a stronger-than-normal combat property, such as extra damage, a special attack, a condition, or a limited activated ability."
Starmetal Striker,Weapon,Yes,"B+4,000 GP",GSB,Weapon's normal damage,"Starmetal Striker is a rare magical weapon with a stronger-than-normal combat property, such as extra damage, a special attack, a condition, or a limited activated ability."
Starshot Circlet,Wondrous Item,Yes-Spellcaster,"4,000 GP",GSB,-,"Starshot Circlet is a rare magical wondrous item with a significant utility, defensive, movement, control, or combat-related supernatural property."
Static Sabatons,Wondrous Item,No,"4,000 GP",GSB,-,"Static Sabatons is a rare magical wondrous item with a significant utility, defensive, movement, control, or combat-related supernatural property."
Steam Harpoon,Weapon,No,"B+4,000 GP",GSB,Weapon's normal damage,"Steam Harpoon is a rare magical weapon with a stronger-than-normal combat property, such as extra damage, a special attack, a condition, or a limited activated ability."
Steel Hawk Elite Helm,Wondrous Item,No,"4,000 GP",GSB,-,"Steel Hawk Elite Helm is a rare magical wondrous item with a significant utility, defensive, movement, control, or combat-related supernatural property."
Steel Hawk Elite Lance,Weapon,No,"B+4,000 GP",GSB,Weapon's normal damage,"Steel Hawk Elite Lance is a rare magical weapon with a stronger-than-normal combat property, such as extra damage, a special attack, a condition, or a limited activated ability."
Stitchwitch's Wand,Wand,No,"4,000 GP",GSB,-,Stitchwitch's Wand is a rare magical wand with charges or limited uses that produce a potent spell-like or supernatural effect.
Stitchwitch's Wand,Wand,No,"4,000 GP",GSB,-,Stitchwitch's Wand is a rare magical wand with charges or limited uses that produce a potent spell-like or supernatural effect.
Stone of Controlling Earth Elementals,Wondrous Item,-,"4,000 GP",DMG,Varies,"If this stone touches the ground, the user can spend an action to summon an earth elemental. The elemental obeys while concentration is maintained, and the stone cannot summon another until the next dawn."
Stonebleeder,Weapon,No,"B+4,000 GP",GSB,Weapon's normal damage,"Stonebleeder is a rare magical weapon with a stronger-than-normal combat property, such as extra damage, a special attack, a condition, or a limited activated ability."
Storm Sickle,Weapon,No,"B+4,000 GP",GSB,Weapon's normal damage,"Storm Sickle is a rare magical weapon with a stronger-than-normal combat property, such as extra damage, a special attack, a condition, or a limited activated ability."
Storm's Eye Shield,Armor,Yes,"B+4,000 GP",GSB,-,"Storm's Eye Shield is a rare enchanted defensive item that grants improved protection and an additional magical defensive, reactive, movement, or environmental effect tied to its theme."
Stormbrewer Bracers,Wondrous Item,Yes,"4,000 GP",GSB,-,"Stormbrewer Bracers is a rare magical wondrous item with a significant utility, defensive, movement, control, or combat-related supernatural property."
Stormstruck Staff,Weapon,No,"B+4,000 GP",GSB,Weapon's normal damage,"Stormstruck Staff is a rare magical weapon with a stronger-than-normal combat property, such as extra damage, a special attack, a condition, or a limited activated ability."
String Blade,Weapon,No,"B+4,000 GP",GSB,Weapon's normal damage,"String Blade is a rare magical weapon with a stronger-than-normal combat property, such as extra damage, a special attack, a condition, or a limited activated ability."
Submerged Reins,Wondrous Item,No,"4,000 GP",GSB,-,"Submerged Reins is a rare magical wondrous item with a significant utility, defensive, movement, control, or combat-related supernatural property."
Sun Blade,Weapon,Attunement,"B+4,000 GP",DMG,Radiant + slashing,"This luminous magic sword deals radiant damage, is especially effective against undead, and sheds sunlight."
Sunfire,Wondrous Item,"Yes-Cleric, Paladin","4,000 GP",GSB,Fire,"Sunfire is a rare magical wondrous item with a significant utility, defensive, movement, control, or combat-related supernatural property."
Swallowtail Mantle,Wondrous Item,No,"4,000 GP",GSB,-,"Swallowtail Mantle is a rare magical garment that grants a strong protective, concealment, movement, sensory, or transformation effect while worn."
Sword of Life Stealing,Weapon,Attunement,"B+4,000 GP",DMG,Necrotic,"On certain critical hits, this weapon deals extra necrotic damage and grants you temporary hit points."
Sword of Resonance,Weapon,Yes-Bard,"B+4,000 GP",GSB,Weapon's normal damage,"Sword of Resonance is a rare magical weapon with a stronger-than-normal combat property, such as extra damage, a special attack, a condition, or a limited activated ability."
Sword of Sacrifice,Weapon,Yes,"B+4,000 GP",GSB,Cold,"Sword of Sacrifice is a rare magical weapon with a stronger-than-normal combat property, such as extra damage, a special attack, a condition, or a limited activated ability."
Sword of Wounding,Weapon,Attunement,"B+4,000 GP",DMG,Weapon's normal damage,"Wounds from this magic weapon can continue to bleed, causing additional damage until treated or healed."
Tears of Failure,Wondrous Item,Yes-Spellcaster,"4,000 GP",GSB,-,"Tears of Failure is a rare magical wondrous item with a significant utility, defensive, movement, control, or combat-related supernatural property."
Teleportation Circle Stamp,Wondrous Item,No,"4,000 GP",GSB,-,"Teleportation Circle Stamp is a rare magical wondrous item with a significant utility, defensive, movement, control, or combat-related supernatural property."
Tempest Griffon Bracer,Wondrous Item,Yes,"4,000 GP",GSB,-,"Tempest Griffon Bracer is a rare magical wondrous item with a significant utility, defensive, movement, control, or combat-related supernatural property."
Tengu Fan,Wondrous Item,No,"4,000 GP",GSB,-,"Tengu Fan is a rare magical wondrous item with a significant utility, defensive, movement, control, or combat-related supernatural property."
Tentacle Rod,Rod,Attunement,"4,000 GP",DMG,-,This rod has three animated tentacles that can make magical melee attacks and may hinder a creature they all strike.
Thalamus Thread,Wondrous Item,No,"4,000 GP",GSB,-,"Thalamus Thread is a rare magical wondrous item with a significant utility, defensive, movement, control, or combat-related supernatural property."
Throne of the Lion,Wondrous Item,No,"4,000 GP",GSB,-,"Throne of the Lion is a rare magical wondrous item with a significant utility, defensive, movement, control, or combat-related supernatural property."
Thunderbolt Quill,Wondrous Item,No,"4,000 GP",GSB,Thunder,"Thunderbolt Quill is a rare magical wondrous item with a significant utility, defensive, movement, control, or combat-related supernatural property."
Thunderous Flail,Weapon,Yes,"B+4,000 GP",GSB,Thunder,"Thunderous Flail is a rare magical weapon with a stronger-than-normal combat property, such as extra damage, a special attack, a condition, or a limited activated ability."
Tidesplitter,Weapon,Yes,"B+4,000 GP",GSB,Weapon's normal damage,"Tidesplitter is a rare magical weapon with a stronger-than-normal combat property, such as extra damage, a special attack, a condition, or a limited activated ability."
Time Warden Armor,Armor,Yes,"B+4,000 GP",GSB,-,"Time Warden Armor is a rare enchanted defensive item that grants improved protection and an additional magical defensive, reactive, movement, or environmental effect tied to its theme."
Timeshifters Mantle,Wondrous Item,No,"4,000 GP",GSB,-,"Timeshifters Mantle is a rare magical garment that grants a strong protective, concealment, movement, sensory, or transformation effect while worn."
Toadstool Mace,Weapon,Yes,"B+4,000 GP",GSB,Weapon's normal damage,"Toadstool Mace is a rare magical weapon with a stronger-than-normal combat property, such as extra damage, a special attack, a condition, or a limited activated ability."
Tome of the Dragon's Hoard,Wondrous Item,No,"4,000 GP",GSB,-,"Tome of the Dragon's Hoard is a rare magical wondrous item with a significant utility, defensive, movement, control, or combat-related supernatural property."
Tools of the Master (Rare),Wondrous Item,Attunement,"B+4,000 GP",Eb,-,"Tools of the Master is a rare magical wondrous item with a significant utility, defensive, movement, control, or combat-related supernatural property."
Tormented Mandolin,Wondrous Item,Yes-Bard,"4,000 GP",GSB,-,"Tormented Mandolin is a rare magical wondrous item with a significant utility, defensive, movement, control, or combat-related supernatural property."
Tormentor's Flail,Weapon,No,"B+4,000 GP",GSB,Weapon's normal damage,"Tormentor's Flail is a rare magical weapon with a stronger-than-normal combat property, such as extra damage, a special attack, a condition, or a limited activated ability."
Torrdok's Magnificent Forgery,Wondrous Item,No,"4,000 GP",GSB,Cold,"Torrdok's Magnificent Forgery is a rare magical wondrous item with a significant utility, defensive, movement, control, or combat-related supernatural property."
Torrent Taiaha,Staff,No,"4,000 GP",GSB,-,Torrent Taiaha is a rare magical staff that serves as a weapon or focus and carries one or more significant magical abilities.
Tracking Signet,Ring,No,"4,000 GP",GSB,-,Tracking Signet is a rare magical ring that grants its wearer a substantial passive benefit or a limited-use supernatural ability.
Traitor's Gauntlet,Wondrous Item,Yes,"4,000 GP",GSB,-,"Traitor's Gauntlet is a rare magical wondrous item with a significant utility, defensive, movement, control, or combat-related supernatural property."
Traitor's Shield,Armor,Yes,"B+4,000 GP",GSB,-,"Traitor's Shield is a rare enchanted defensive item that grants improved protection and an additional magical defensive, reactive, movement, or environmental effect tied to its theme."
Traitor's Shield,Armor,Yes,"B+4,000 GP",GSB,-,"Traitor's Shield is a rare enchanted defensive item that grants improved protection and an additional magical defensive, reactive, movement, or environmental effect tied to its theme."
Tremor Spike,Rod,No,"4,000 GP",GSB,-,"Tremor Spike is a rare magical rod with a powerful activated utility, control, defensive, or combat effect."
Trickster's Mask,Wondrous Item,No,"4,000 GP",GSB,-,"Trickster's Mask is a rare magical wondrous item with a significant utility, defensive, movement, control, or combat-related supernatural property."
Trickster's Quiver,Wondrous Item,Yes,"4,000 GP",GSB,-,"Trickster's Quiver is a rare magical wondrous item with a significant utility, defensive, movement, control, or combat-related supernatural property."
Trident of the Hydra,Weapon,No,"B+4,000 GP",GSB,Weapon's normal damage,"Trident of the Hydra is a rare magical weapon with a stronger-than-normal combat property, such as extra damage, a special attack, a condition, or a limited activated ability."
Trifrost Trident,Weapon,Yes,"B+4,000 GP",GSB,Cold,"Trifrost Trident is a rare magical weapon with a stronger-than-normal combat property, such as extra damage, a special attack, a condition, or a limited activated ability."
Trifrost Trident,Weapon,Yes,"B+4,000 GP",GSB,Cold,"Trifrost Trident is a rare magical weapon with a stronger-than-normal combat property, such as extra damage, a special attack, a condition, or a limited activated ability."
Tundra Beast Charms,Wondrous Item,No,"4,000 GP",GSB,-,"Tundra Beast Charms is a rare magical wondrous item with a significant utility, defensive, movement, control, or combat-related supernatural property."
Tundra Beast Charms,Wondrous Item,No,"4,000 GP",GSB,-,"Tundra Beast Charms is a rare magical wondrous item with a significant utility, defensive, movement, control, or combat-related supernatural property."
Turtle Pack,Wondrous Item,No,"4,000 GP",GSB,-,"Turtle Pack is a rare magical storage or utility item with extradimensional, conjuration, retrieval, or transformation properties."
Twin Heartstring Bow,Weapon,Yes,"B+4,000 GP",GSB,Weapon's normal damage,"Twin Heartstring Bow is a rare magical weapon with a stronger-than-normal combat property, such as extra damage, a special attack, a condition, or a limited activated ability."
Twin Pistol of the Fuming Bull,Weapon,Yes,"B+4,000 GP",GSB,Weapon's normal damage,"Twin Pistol of the Fuming Bull is a rare magical weapon with a stronger-than-normal combat property, such as extra damage, a special attack, a condition, or a limited activated ability."
Tyrannosaurus Rax,Weapon,Yes,"B+4,000 GP",GSB,Weapon's normal damage,"Tyrannosaurus Rax is a rare magical weapon with a stronger-than-normal combat property, such as extra damage, a special attack, a condition, or a limited activated ability."
Undertaker's Planchette,Wondrous Item,No,"4,000 GP",GSB,-,"Undertaker's Planchette is a rare magical wondrous item with a significant utility, defensive, movement, control, or combat-related supernatural property."
Unicorn Candle,Wondrous Item,No,"4,000 GP",GSB,-,"Unicorn Candle is a rare magical wondrous item with a significant utility, defensive, movement, control, or combat-related supernatural property."
Urnblade,Weapon,Yes,"B+4,000 GP",GSB,Weapon's normal damage,"Urnblade is a rare magical weapon with a stronger-than-normal combat property, such as extra damage, a special attack, a condition, or a limited activated ability."
Vagrant's Wrist Stiletto,Wondrous Item,No,"4,000 GP",GSB,-,"Vagrant's Wrist Stiletto is a rare magical wondrous item with a significant utility, defensive, movement, control, or combat-related supernatural property."
Vainglorious Armor,Armor,Yes,"B+4,000 GP",GSB,-,"Vainglorious Armor is a rare enchanted defensive item that grants improved protection and an additional magical defensive, reactive, movement, or environmental effect tied to its theme."
Valkyrian Scale,Armor,Yes,"B+4,000 GP",GSB,-,"Valkyrian Scale is a rare enchanted defensive item that grants improved protection and an additional magical defensive, reactive, movement, or environmental effect tied to its theme."
Vampiric Helm,Wondrous Item,Yes,"4,000 GP",GSB,-,"Vampiric Helm is a rare magical wondrous item with a significant utility, defensive, movement, control, or combat-related supernatural property."
Vancian Helm,Wondrous Item,Yes,"4,000 GP",GSB,-,"Vancian Helm is a rare magical wondrous item with a significant utility, defensive, movement, control, or combat-related supernatural property."
Verax Weapon,Weapon,No,"B+4,000 GP",GSB,Weapon's normal damage,"Verax Weapon is a rare magical weapon with a stronger-than-normal combat property, such as extra damage, a special attack, a condition, or a limited activated ability."
Verdant Breastplate,Armor,Yes,"B+4,000 GP",GSB,-,"Verdant Breastplate is a rare enchanted defensive item that grants improved protection and an additional magical defensive, reactive, movement, or environmental effect tied to its theme."
Vicious Weapon,Weapon,-,"B+4,000 GP",DMG,Weapon's normal damage,This magic weapon deals extra damage when you score a critical hit.
Vigilante's Mantle,Wondrous Item,Yes,"4,000 GP",GSB,-,"Vigilante's Mantle is a rare magical garment that grants a strong protective, concealment, movement, sensory, or transformation effect while worn."
Vigilus,Weapon,Yes,"B+4,000 GP",GSB,Weapon's normal damage,"Vigilus is a rare magical weapon with a stronger-than-normal combat property, such as extra damage, a special attack, a condition, or a limited activated ability."
Viper Khopesh,Weapon,No,"B+4,000 GP",GSB,Poison,"Viper Khopesh is a rare magical weapon with a stronger-than-normal combat property, such as extra damage, a special attack, a condition, or a limited activated ability."
Viper's Katana,Weapon,Yes,"B+4,000 GP",GSB,Poison,"Viper's Katana is a rare magical weapon with a stronger-than-normal combat property, such as extra damage, a special attack, a condition, or a limited activated ability."
Volcanic Ocarina,Wondrous Item,No,"4,000 GP",GSB,-,"Volcanic Ocarina is a rare magical wondrous item with a significant utility, defensive, movement, control, or combat-related supernatural property."
Voltedge,Weapon,Yes,"B+4,000 GP",GSB,Lightning,"Voltedge is a rare magical weapon with a stronger-than-normal combat property, such as extra damage, a special attack, a condition, or a limited activated ability."
Vortex Elixir,Potion,No,"2,000 GP",GSB,-,"Vortex Elixir is a rare consumable magical preparation that produces a powerful temporary restorative, transformative, protective, or supernatural effect when used."
Voyage Collar,Wondrous Item,No,"4,000 GP",GSB,-,"Voyage Collar is a rare magical wondrous item with a significant utility, defensive, movement, control, or combat-related supernatural property."
Wand Charging Station,Wondrous Item,No,"4,000 GP",GSB,-,Wand Charging Station is a rare magical wand with charges or limited uses that produce a potent spell-like or supernatural effect.
Wand of Binding,Wand,Attunement,"4,000 GP",DMG,-,This wand has charges that can cast hold person or hold monster and can help you resist effects that paralyze or restrain you.
Wand of Branding,Wand,Yes,"4,000 GP",GSB,-,Wand of Branding is a rare magical wand with charges or limited uses that produce a potent spell-like or supernatural effect.
Wand of Burning,Wand,Yes-Spellcaster,"4,000 GP",GSB,Fire,Wand of Burning is a rare magical wand with charges or limited uses that produce a potent spell-like or supernatural effect.
Wand of Enemy Detection,Wand,Attunement,"4,000 GP",DMG,-,This wand can reveal the direction of nearby hostile creatures for a limited time.
Wand of Fear,Wand,Attunement,"4,000 GP",DMG,-,This wand has charges that can project fear or command a frightened creature to flee.
Wand of Fireballs,Wand,Attunement,"4,000 GP",DMG,Fire,This wand has charges that let you cast fireball at increasing levels.
Wand of Gilding,Wand,"Yes-Bard, Sorcerer, Wizard","4,000 GP",GSB,-,Wand of Gilding is a rare magical wand with charges or limited uses that produce a potent spell-like or supernatural effect.
Wand of Incense,Wand,Yes-Spellcaster,"4,000 GP",GSB,-,Wand of Incense is a rare magical wand with charges or limited uses that produce a potent spell-like or supernatural effect.
Wand of Lightning Bolts,Wand,Attunement,"4,000 GP",DMG,Lightning,This wand has charges that let you cast lightning bolt at increasing levels.
Wand of Meadow's Rest,Wand,No,"4,000 GP",GSB,-,Wand of Meadow's Rest is a rare magical wand with charges or limited uses that produce a potent spell-like or supernatural effect.
Wand of Paralysis,Wand,Attunement,"4,000 GP",DMG,-,This wand has charges that can paralyze a creature that fails its saving throw.
Wand of Shadow,Wand,"Yes-Sorcerer, Warlock, Wizard","4,000 GP",GSB,Necrotic,Wand of Shadow is a rare magical wand with charges or limited uses that produce a potent spell-like or supernatural effect.
Wand of Stars,Wand,Yes-Spellcaster,"4,000 GP",GSB,-,Wand of Stars is a rare magical wand with charges or limited uses that produce a potent spell-like or supernatural effect.
Wand of Termites,Wand,Yes-Spellcaster,"4,000 GP",GSB,-,Wand of Termites is a rare magical wand with charges or limited uses that produce a potent spell-like or supernatural effect.
Wand of the Dragon Queen,Wand,Yes,"4,000 GP",GSB,-,Wand of the Dragon Queen is a rare magical wand with charges or limited uses that produce a potent spell-like or supernatural effect.
Wand of the Frostrose,Wand,Yes-Spellcaster,"4,000 GP",GSB,Cold,Wand of the Frostrose is a rare magical wand with charges or limited uses that produce a potent spell-like or supernatural effect.
Wand of the War Mage (Rare),Wand,Attunement,Varies,DMG,-,"While holding this wand, a spellcaster gains a bonus to spell attack rolls determined by the wand's rarity and ignores half cover when making spell attacks."
Wand of Weight,Wand,No,"4,000 GP",GSB,-,Wand of Weight is a rare magical wand with charges or limited uses that produce a potent spell-like or supernatural effect.
Wand of Whispers,Wand,Yes-Spellcaster,"4,000 GP",GSB,-,Wand of Whispers is a rare magical wand with charges or limited uses that produce a potent spell-like or supernatural effect.
Wand of Wonder,Wand,Attunement,"4,000 GP",DMG,-,This unpredictable wand produces a random magical effect each time it is activated.
Wandblade,Weapon,No,"B+4,000 GP",GSB,Weapon's normal damage,"Wandblade is a rare magical weapon with a stronger-than-normal combat property, such as extra damage, a special attack, a condition, or a limited activated ability."
Wanderdust,Wondrous Item,No,"4,000 GP",GSB,-,Wanderdust is a rare magical wand with charges or limited uses that produce a potent spell-like or supernatural effect.
War Pick of Backstabbing,Weapon,Yes,"B+4,000 GP",GSB,Weapon's normal damage,"War Pick of Backstabbing is a rare magical weapon with a stronger-than-normal combat property, such as extra damage, a special attack, a condition, or a limited activated ability."
Wardancer's Spear,Weapon,No,"B+4,000 GP",GSB,Weapon's normal damage,"Wardancer's Spear is a rare magical weapon with a stronger-than-normal combat property, such as extra damage, a special attack, a condition, or a limited activated ability."
Warden's Armor,Armor,No,"B+4,000 GP",GSB,-,"Warden's Armor is a rare enchanted defensive item that grants improved protection and an additional magical defensive, reactive, movement, or environmental effect tied to its theme."
Warding Armor (Rare),Armor,No,"B+4,000 GP",GSB,-,"Warding Armor is a rare enchanted defensive item that grants improved protection and an additional magical defensive, reactive, movement, or environmental effect tied to its theme."
Warding Shield,Armor,No,"B+4,000 GP",GSB,-,"Warding Shield is a rare enchanted defensive item that grants improved protection and an additional magical defensive, reactive, movement, or environmental effect tied to its theme."
Warding Weapon,Weapon,No,"B+4,000 GP",GSB,Weapon's normal damage,"Warding Weapon is a rare magical weapon with a stronger-than-normal combat property, such as extra damage, a special attack, a condition, or a limited activated ability."
Warhammer of Eruptions,Weapon,Yes,"B+4,000 GP",GSB,Weapon's normal damage,"Warhammer of Eruptions is a rare magical weapon with a stronger-than-normal combat property, such as extra damage, a special attack, a condition, or a limited activated ability."
Warhorn of the Bronze Dragon,Wondrous Item,No,"4,000 GP",GSB,-,Warhorn of the Bronze Dragon is a rare magical instrument that creates a significant supernatural effect when played or activated.
Warmind Wand,Wand,"Yes-Orc, Half-Orc","4,000 GP",GSB,Psychic,Warmind Wand is a rare magical wand with charges or limited uses that produce a potent spell-like or supernatural effect.
Warp Anchor,Wondrous Item,No,"4,000 GP",GSB,-,"Warp Anchor is a rare magical wondrous item with a significant utility, defensive, movement, control, or combat-related supernatural property."
Wavebenders Leiomano,Weapon,No,"B+4,000 GP",GSB,Weapon's normal damage,"Wavebenders Leiomano is a rare magical weapon with a stronger-than-normal combat property, such as extra damage, a special attack, a condition, or a limited activated ability."
Wavecutter,Weapon,No,"B+4,000 GP",GSB,Weapon's normal damage,"Wavecutter is a rare magical weapon with a stronger-than-normal combat property, such as extra damage, a special attack, a condition, or a limited activated ability."
Wayfinder Sphere,Wondrous Item,No,"4,000 GP",GSB,-,"Wayfinder Sphere is a rare magical wondrous item with a significant utility, defensive, movement, control, or combat-related supernatural property."
Weapon (Rare),Weapon,-,Varies,DMG,Weapon's normal damage,This entry represents a magic weapon whose exact base weapon determines its normal damage and properties; its enhancement bonus or other magical effect depends on the specific version.
Weapon of Mooring,Weapon,Yes,"B+4,000 GP",GSB,Weapon's normal damage,"Weapon of Mooring is a rare magical weapon with a stronger-than-normal combat property, such as extra damage, a special attack, a condition, or a limited activated ability."
Webgrip Bow,Weapon,Yes,"B+4,000 GP",GSB,Weapon's normal damage,"Webgrip Bow is a rare magical weapon with a stronger-than-normal combat property, such as extra damage, a special attack, a condition, or a limited activated ability."
Weirdwater Poison,Potion,No,"2,000 GP",GSB,-,"Weirdwater Poison is a rare consumable magical preparation that produces a powerful temporary restorative, transformative, protective, or supernatural effect when used."
Whirling Weapons,Weapon,No,"B+4,000 GP",GSB,Weapon's normal damage,"Whirling Weapons is a rare magical weapon with a stronger-than-normal combat property, such as extra damage, a special attack, a condition, or a limited activated ability."
Widow's Tea,Wondrous Item,No,"4,000 GP",GSB,-,"Widow's Tea is a rare magical wondrous item with a significant utility, defensive, movement, control, or combat-related supernatural property."
Wild Dice,Wondrous Item,No,"4,000 GP",GSB,Cold,"Wild Dice is a rare magical wondrous item with a significant utility, defensive, movement, control, or combat-related supernatural property."
Wildfire Ammunition,Weapon,No,"B+4,000 GP",GSB,Fire,"Wildfire Ammunition is a rare magical weapon with a stronger-than-normal combat property, such as extra damage, a special attack, a condition, or a limited activated ability."
Wind Riders,Wondrous Item,No,"4,000 GP",GSB,-,"Wind Riders is a rare magical wondrous item with a significant utility, defensive, movement, control, or combat-related supernatural property."
Wind-Up Merchant,Wondrous Item,No,"4,000 GP",GSB,-,"Wind-Up Merchant is a rare magical wondrous item with a significant utility, defensive, movement, control, or combat-related supernatural property."
Windskiff,Wondrous Item,-,"4,000 GP",FRHoF,-,"Windskiff is a rare magical wondrous item with a significant utility, defensive, movement, control, or combat-related supernatural property."
Windswept Wyvernplate,Armor,Yes,"B+4,000 GP",GSB,-,"Windswept Wyvernplate is a rare enchanted defensive item that grants improved protection and an additional magical defensive, reactive, movement, or environmental effect tied to its theme."
Wings of Flying,Wondrous Item,Attunement,"4,000 GP",DMG,-,"Speaking the command word transforms this cloak into wings and grants a flying speed for up to 1 hour. When the effect ends, the wings disappear and the item cannot be used again until its recharge period passes."
Winterland Footwraps,Wondrous Item,Yes-Monk,"4,000 GP",GSB,Cold,"Winterland Footwraps is a rare magical wondrous item with a significant utility, defensive, movement, control, or combat-related supernatural property."
Wisplight Lantern,Wondrous Item,No,"4,000 GP",GSB,-,"Wisplight Lantern is a rare magical wondrous item with a significant utility, defensive, movement, control, or combat-related supernatural property."
Wond of Fireballs,Wand,Yes-Spellcaster,"4,000 GP",GSB,Fire,Wond of Fireballs is a rare magical wand with charges or limited uses that produce a potent spell-like or supernatural effect.
Woodstalkers Hood,Wondrous Item,Yes,"4,000 GP",GSB,-,"Woodstalkers Hood is a rare magical wondrous item with a significant utility, defensive, movement, control, or combat-related supernatural property."
Wraps of Unarmed Power (Rare),Wondrous Item,-,Varies,DMG,Unarmed strike damage,These enchanted hand wraps make unarmed strikes magical and grant a bonus to attack and damage rolls with unarmed strikes based on the wraps' rarity.
Wyrmling Wristlet,Wondrous Item,Yes,"4,000 GP",GSB,-,"Wyrmling Wristlet is a rare magical wondrous item with a significant utility, defensive, movement, control, or combat-related supernatural property."
Wyrmshide Bow,Weapon,No,"B+4,000 GP",GSB,Weapon's normal damage,"Wyrmshide Bow is a rare magical weapon with a stronger-than-normal combat property, such as extra damage, a special attack, a condition, or a limited activated ability."
Wyvernblade,Weapon,Yes,"B+4,000 GP",GSB,Weapon's normal damage,"Wyvernblade is a rare magical weapon with a stronger-than-normal combat property, such as extra damage, a special attack, a condition, or a limited activated ability."
Wyvernwing,Weapon,No,"B+4,000 GP",GSB,Weapon's normal damage,"Wyvernwing is a rare magical weapon with a stronger-than-normal combat property, such as extra damage, a special attack, a condition, or a limited activated ability."
Xorn-Sole Boots,Wondrous Item,Yes,"4,000 GP",GSB,-,Xorn-Sole Boots is rare magical footwear that significantly improves movement or grants a supernatural travel ability.
Yagga Stones,Wondrous Item,Yes,"4,000 GP",GSB,-,"Yagga Stones is a rare magical stone or focus that stores, reveals, enhances, or releases a powerful supernatural effect."
Zafu of the Wandering Mind,Wondrous Item,Yes-Monk,"4,000 GP",GSB,Psychic,Zafu of the Wandering Mind is a rare magical ring that grants its wearer a substantial passive benefit or a limited-use supernatural ability.
